[ActivityLogger] Success! Method=POST, URL=/api/admin/auth/login, Has user? false, Has socket? true
[ActivityLogger] Success! Method=GET, URL=/api/admin/auth/dashboard, Has user? true, Has socket? true
[ActivityLogger] Success! Method=GET, URL=/api/admin/auth/dashboard, Has user? true, Has socket? true
[ActivityLogger] Success! Method=GET, URL=/, Has user? false, Has socket? true
[ActivityLogger] Success! Method=GET, URL=/api/admin/users?page=1&limit=10&search=&role=&verified=&blocked=&sort=newest, Has user? true, Has socket? true
[ActivityLogger] Success! Method=GET, URL=/api/admin/users/stats, Has user? true, Has socket? true
[ActivityLogger] Success! Method=GET, URL=/api/admin/users?page=1&limit=10&search=&role=&verified=&blocked=&sort=newest, Has user? true, Has socket? true
[ActivityLogger] Success! Method=GET, URL=/api/admin/users/stats, Has user? true, Has socket? true
[ActivityLogger] Success! Method=GET, URL=/api/admin/auth/dashboard, Has user? true, Has socket? true
[ActivityLogger] Success! Method=GET, URL=/api/admin/auth/dashboard, Has user? true, Has socket? true
[ActivityLogger] Success! Method=GET, URL=/api/admin/auth/me, Has user? true, Has socket? true
[ActivityLogger] Success! Method=GET, URL=/api/admin/auth/me, Has user? true, Has socket? true
[ActivityLogger] Success! Method=GET, URL=/api/resumes/analysis/6a7439bca184eb1d15b78ec5, Has user? true, Has socket? true
[ActivityLogger] Success! Method=GET, URL=/api/users/profile, Has user? true, Has socket? true
[ActivityLogger] Success! Method=GET, URL=/api/resumes/analysis/6a7439bca184eb1d15b78ec5, Has user? true, Has socket? true
[ActivityLogger] Success! Method=GET, URL=/api/users/profile, Has user? true, Has socket? true
[ActivityLogger] Success! Method=GET, URL=/api/admin/auth/me, Has user? true, Has socket? true
[ActivityLogger] Success! Method=GET, URL=/api/admin/auth/me, Has user? true, Has socket? true
[ActivityLogger] Success! Method=GET, URL=/api/admin/auth/dashboard, Has user? true, Has socket? true
[ActivityLogger] Success! Method=GET, URL=/api/admin/auth/dashboard, Has user? true, Has socket? true
[ActivityLogger] Success! Method=GET, URL=/api/admin/auth/me, Has user? true, Has socket? true
[ActivityLogger] Success! Method=GET, URL=/api/admin/auth/me, Has user? true, Has socket? true
[ActivityLogger] Success! Method=GET, URL=/api/resumes/analysis/6a7439bca184eb1d15b78ec5, Has user? true, Has socket? true
[ActivityLogger] Success! Method=GET, URL=/api/users/profile, Has user? true, Has socket? true
[ActivityLogger] Success! Method=GET, URL=/api/resumes/analysis/6a7439bca184eb1d15b78ec5, Has user? true, Has socket? true
[ActivityLogger] Success! Method=GET, URL=/api/users/profile, Has user? true, Has socket? true
[ActivityLogger] Success! Method=GET, URL=/api/users/profile, Has user? true, Has socket? true
[ActivityLogger] Success! Method=GET, URL=/api/test, Has user? false, Has socket? true
[ActivityLogger] Success! Method=GET, URL=/api/users/profile, Has user? true, Has socket? true
[ActivityLogger] Success! Method=GET, URL=/api/test, Has user? false, Has socket? true
[ActivityLogger] Success! Method=GET, URL=/api/users/profile, Has user? true, Has socket? true
[ActivityLogger] Success! Method=GET, URL=/api/test/6a44fe4853b521f3ad7157f4, Has user? false, Has socket? true
[ActivityLogger] Success! Method=GET, URL=/api/users/profile, Has user? true, Has socket? true
[ActivityLogger] Success! Method=GET, URL=/api/test/6a44fe4853b521f3ad7157f4, Has user? false, Has socket? true
[ActivityLogger] Success! Method=POST, URL=/api/test/submit, Has user? true, Has socket? true
[ActivityLogger] Success! Method=GET, URL=/api/users/profile, Has user? true, Has socket? true
[ActivityLogger] Success! Method=GET, URL=/api/test/my-submissions, Has user? true, Has socket? true
[ActivityLogger] Success! Method=GET, URL=/api/users/profile, Has user? true, Has socket? true
[ActivityLogger] Success! Method=GET, URL=/api/test/my-submissions, Has user? true, Has socket? true
[ActivityLogger] Success! Method=GET, URL=/api/analytics/rewards, Has user? true, Has socket? true
[ActivityLogger] Success! Method=GET, URL=/api/users/profile, Has user? true, Has socket? true
[ActivityLogger] Success! Method=GET, URL=/api/analytics/rewards, Has user? true, Has socket? true
[ActivityLogger] Success! Method=GET, URL=/api/users/profile, Has user? true, Has socket? true
[ActivityLogger] Success! Method=GET, URL=/api/analytics/me, Has user? true, Has socket? true
[ActivityLogger] Success! Method=GET, URL=/api/analytics/me, Has user? true, Has socket? true
[ActivityLogger] Success! Method=GET, URL=/api/admin/auth/me, Has user? true, Has socket? true
[ActivityLogger] Success! Method=GET, URL=/api/admin/auth/me, Has user? true, Has socket? true
[ActivityLogger] Success! Method=GET, URL=/api/analytics/rewards, Has user? true, Has socket? true
[ActivityLogger] Success! Method=GET, URL=/api/users/profile, Has user? true, Has socket? true
[ActivityLogger] Success! Method=GET, URL=/api/analytics/rewards, Has user? true, Has socket? true
[ActivityLogger] Success! Method=GET, URL=/api/users/profile, Has user? true, Has socket? true
[ActivityLogger] Success! Method=GET, URL=/api/analytics/me, Has user? true, Has socket? true
[ActivityLogger] Success! Method=GET, URL=/api/analytics/me, Has user? true, Has socket? true
[ActivityLogger] Success! Method=GET, URL=/api/admin/auth/me, Has user? true, Has socket? true
[ActivityLogger] Success! Method=GET, URL=/api/admin/auth/me, Has user? true, Has socket? true
[ActivityLogger] Success! Method=GET, URL=/api/admin/auth/dashboard, Has user? true, Has socket? true
[ActivityLogger] Success! Method=GET, URL=/api/admin/auth/dashboard, Has user? true, Has socket? true
[ActivityLogger] Success! Method=GET, URL=/api/admin/auth/me, Has user? true, Has socket? true
[ActivityLogger] Success! Method=GET, URL=/api/admin/auth/me, Has user? true, Has socket? true
[ActivityLogger] Success! Method=GET, URL=/api/admin/auth/dashboard, Has user? true, Has socket? true
[ActivityLogger] Success! Method=GET, URL=/api/admin/auth/dashboard, Has user? true, Has socket? true
[ActivityLogger] Success! Method=GET, URL=/api/admin/auth/me, Has user? true, Has socket? true
[ActivityLogger] Success! Method=GET, URL=/api/admin/auth/me, Has user? true, Has socket? true
[ActivityLogger] Success! Method=GET, URL=/api/admin/auth/dashboard, Has user? true, Has socket? true
[ActivityLogger] Success! Method=GET, URL=/api/admin/auth/dashboard, Has user? true, Has socket? true
[ActivityLogger] Success! Method=GET, URL=/api/admin/auth/me, Has user? true, Has socket? true
[ActivityLogger] Success! Method=GET, URL=/api/admin/auth/me, Has user? true, Has socket? true
[ActivityLogger] Success! Method=GET, URL=/api/analytics/rewards, Has user? true, Has socket? true
[ActivityLogger] Success! Method=GET, URL=/api/users/profile, Has user? true, Has socket? true
[ActivityLogger] Success! Method=GET, URL=/api/analytics/rewards, Has user? true, Has socket? true
[ActivityLogger] Success! Method=GET, URL=/api/users/profile, Has user? true, Has socket? true
[ActivityLogger] Success! Method=GET, URL=/api/analytics/me, Has user? true, Has socket? true
[ActivityLogger] Success! Method=GET, URL=/api/analytics/me, Has user? true, Has socket? true
[ActivityLogger] Success! Method=POST, URL=/api/auth/logout, Has user? false, Has socket? true
[ActivityLogger] Success! Method=POST, URL=/api/auth/login, Has user? false, Has socket? true
[ActivityLogger] Success! Method=GET, URL=/api/analytics/rewards, Has user? true, Has socket? true
[ActivityLogger] Success! Method=GET, URL=/api/users/profile, Has user? true, Has socket? true
[ActivityLogger] Success! Method=GET, URL=/api/analytics/rewards, Has user? true, Has socket? true
[ActivityLogger] Success! Method=GET, URL=/api/users/profile, Has user? true, Has socket? true
[ActivityLogger] Success! Method=GET, URL=/api/analytics/me, Has user? true, Has socket? true
[ActivityLogger] Success! Method=GET, URL=/api/analytics/me, Has user? true, Has socket? true
[ActivityLogger] Success! Method=GET, URL=/api/admin/auth/me, Has user? true, Has socket? true
[ActivityLogger] Success! Method=GET, URL=/api/admin/auth/me, Has user? true, Has socket? true
[ActivityLogger] Success! Method=GET, URL=/api/admin/auth/dashboard, Has user? true, Has socket? true
[ActivityLogger] Success! Method=GET, URL=/api/admin/auth/dashboard, Has user? true, Has socket? true
[ActivityLogger] Success! Method=GET, URL=/api/users/profile, Has user? true, Has socket? true
[ActivityLogger] Success! Method=GET, URL=/api/users/profile, Has user? true, Has socket? true
[ActivityLogger] Success! Method=POST, URL=/api/resumes/upload, Has user? true, Has socket? true
[ActivityLogger] Success! Method=POST, URL=/api/resumes/analyze/6a743bbca0fd534dc9bc53b6, Has user? true, Has socket? true
[ActivityLogger] Success! Method=GET, URL=/api/resumes/analysis/6a743bbca0fd534dc9bc53b6, Has user? true, Has socket? true
[ActivityLogger] Success! Method=GET, URL=/api/users/profile, Has user? true, Has socket? true
[ActivityLogger] Success! Method=GET, URL=/api/resumes/analysis/6a743bbca0fd534dc9bc53b6, Has user? true, Has socket? true
[ActivityLogger] Success! Method=GET, URL=/api/users/profile, Has user? true, Has socket? true
[ActivityLogger] Success! Method=GET, URL=/api/admin/auth/me, Has user? true, Has socket? true
[ActivityLogger] Success! Method=GET, URL=/api/admin/auth/me, Has user? true, Has socket? true
[ActivityLogger] Success! Method=GET, URL=/api/admin/auth/dashboard, Has user? true, Has socket? true
[ActivityLogger] Success! Method=GET, URL=/api/admin/auth/dashboard, Has user? true, Has socket? true
[ActivityLogger] Success! Method=GET, URL=/api/users/profile, Has user? true, Has socket? true
[ActivityLogger] Success! Method=GET, URL=/api/users/profile, Has user? true, Has socket? true
[ActivityLogger] Success! Method=GET, URL=/api/users/profile, Has user? true, Has socket? true
[ActivityLogger] Success! Method=GET, URL=/api/users/profile, Has user? true, Has socket? true
[ActivityLogger] Success! Method=GET, URL=/api/users/profile, Has user? true, Has socket? true
[ActivityLogger] Success! Method=GET, URL=/api/users/profile, Has user? true, Has socket? true
[ActivityLogger] Success! Method=GET, URL=/api/users/profile, Has user? true, Has socket? true
[ActivityLogger] Success! Method=GET, URL=/api/users/profile, Has user? true, Has socket? true
[ActivityLogger] Success! Method=PUT, URL=/api/users/profile, Has user? true, Has socket? true
[ActivityLogger] Success! Method=GET, URL=/api/users/profile, Has user? true, Has socket? true
[ActivityLogger] Success! Method=GET, URL=/api/users/profile, Has user? true, Has socket? true
[ActivityLogger] Success! Method=GET, URL=/api/users/profile, Has user? true, Has socket? true
[ActivityLogger] Success! Method=GET, URL=/api/users/profile, Has user? true, Has socket? true
[ActivityLogger] Success! Method=GET, URL=/api/users/profile, Has user? true, Has socket? true
[ActivityLogger] Success! Method=GET, URL=/api/test, Has user? false, Has socket? true
[ActivityLogger] Success! Method=GET, URL=/api/users/profile, Has user? true, Has socket? true
[ActivityLogger] Success! Method=GET, URL=/api/test, Has user? false, Has socket? true
[ActivityLogger] Success! Method=GET, URL=/api/users/profile, Has user? true, Has socket? true
[ActivityLogger] Success! Method=GET, URL=/api/test/6a44fe4853b521f3ad7157f4, Has user? false, Has socket? true
[ActivityLogger] Success! Method=GET, URL=/api/test/6a44fe4853b521f3ad7157f4, Has user? false, Has socket? true
[ActivityLogger] Success! Method=GET, URL=/api/users/profile, Has user? true, Has socket? true
[ActivityLogger] Success! Method=POST, URL=/api/test/submit, Has user? true, Has socket? true
[ActivityLogger] Success! Method=GET, URL=/api/users/profile, Has user? true, Has socket? true
[ActivityLogger] Success! Method=GET, URL=/api/test/my-submissions, Has user? true, Has socket? true
[ActivityLogger] Success! Method=GET, URL=/api/users/profile, Has user? true, Has socket? true
[ActivityLogger] Success! Method=GET, URL=/api/test/my-submissions, Has user? true, Has socket? true
[ActivityLogger] Success! Method=GET, URL=/api/users/profile, Has user? true, Has socket? true
[ActivityLogger] Success! Method=GET, URL=/api/contests/, Has user? false, Has socket? true
[ActivityLogger] Success! Method=GET, URL=/api/users/profile, Has user? true, Has socket? true
[ActivityLogger] Success! Method=GET, URL=/api/contests/, Has user? false, Has socket? true
[ActivityLogger] Success! Method=GET, URL=/api/contests/6a3a2f41478fb4724ff70c44, Has user? false, Has socket? true
[ActivityLogger] Success! Method=GET, URL=/api/users/profile, Has user? true, Has socket? true
[ActivityLogger] Success! Method=GET, URL=/api/contests/my/contests, Has user? true, Has socket? true
[ActivityLogger] Success! Method=GET, URL=/api/contests/leaderboard/6a3a2f41478fb4724ff70c44, Has user? false, Has socket? true
[ActivityLogger] Success! Method=GET, URL=/api/contests/6a3a2f41478fb4724ff70c44, Has user? false, Has socket? true
[ActivityLogger] Success! Method=GET, URL=/api/users/profile, Has user? true, Has socket? true
[ActivityLogger] Success! Method=GET, URL=/api/contests/my/contests, Has user? true, Has socket? true
[ActivityLogger] Success! Method=GET, URL=/api/contests/leaderboard/6a3a2f41478fb4724ff70c44, Has user? false, Has socket? true
[ActivityLogger] Success! Method=GET, URL=/api/admin/auth/me, Has user? true, Has socket? true
[ActivityLogger] Success! Method=GET, URL=/api/admin/auth/me, Has user? true, Has socket? true
[ActivityLogger] Success! Method=GET, URL=/api/admin/auth/dashboard, Has user? true, Has socket? true
[ActivityLogger] Success! Method=GET, URL=/api/admin/auth/dashboard, Has user? true, Has socket? true
[ActivityLogger] Success! Method=GET, URL=/api/users/profile, Has user? true, Has socket? true
[ActivityLogger] Success! Method=GET, URL=/api/users/profile, Has user? true, Has socket? true
[ActivityLogger] Success! Method=POST, URL=/api/interviews/start, Has user? true, Has socket? true
[ActivityLogger] Success! Method=GET, URL=/api/interviews/6a743c18a0fd534dc9bc53bd, Has user? true, Has socket? true
[ActivityLogger] Success! Method=GET, URL=/api/users/profile, Has user? true, Has socket? true
[ActivityLogger] Success! Method=GET, URL=/api/interviews/6a743c18a0fd534dc9bc53bd, Has user? true, Has socket? true
[ActivityLogger] Success! Method=GET, URL=/api/users/profile, Has user? true, Has socket? true
[ActivityLogger] Success! Method=GET, URL=/api/admin/auth/me, Has user? true, Has socket? true
[ActivityLogger] Success! Method=GET, URL=/api/admin/auth/me, Has user? true, Has socket? true
[ActivityLogger] Success! Method=GET, URL=/api/admin/auth/dashboard, Has user? true, Has socket? true
[ActivityLogger] Success! Method=GET, URL=/api/admin/auth/dashboard, Has user? true, Has socket? true
[ActivityLogger] Success! Method=GET, URL=/api/admin/auth/me, Has user? true, Has socket? true
[ActivityLogger] Success! Method=GET, URL=/api/admin/auth/me, Has user? true, Has socket? true
[ActivityLogger] Success! Method=GET, URL=/api/admin/auth/dashboard, Has user? true, Has socket? true
[ActivityLogger] Success! Method=GET, URL=/api/admin/auth/dashboard, Has user? true, Has socket? true
[ActivityLogger] Success! Method=GET, URL=/api/admin/auth/me, Has user? true, Has socket? true
[ActivityLogger] Success! Method=GET, URL=/api/admin/auth/me, Has user? true, Has socket? true
[ActivityLogger] Success! Method=GET, URL=/api/interviews/6a743c18a0fd534dc9bc53bd, Has user? true, Has socket? true
[ActivityLogger] Success! Method=GET, URL=/api/users/profile, Has user? true, Has socket? true
[ActivityLogger] Success! Method=GET, URL=/api/interviews/6a743c18a0fd534dc9bc53bd, Has user? true, Has socket? true
[ActivityLogger] Success! Method=GET, URL=/api/users/profile, Has user? true, Has socket? true
[ActivityLogger] Success! Method=GET, URL=/api/users/profile, Has user? true, Has socket? true
[ActivityLogger] Success! Method=GET, URL=/api/coding?page=1&search=&difficulty=&topic=, Has user? false, Has socket? true
[ActivityLogger] Success! Method=GET, URL=/api/users/profile, Has user? true, Has socket? true
[ActivityLogger] Success! Method=GET, URL=/api/coding?page=1&search=&difficulty=&topic=, Has user? false, Has socket? true
[ActivityLogger] Success! Method=GET, URL=/api/coding/6a7039e82aa9d8f3998f0901, Has user? false, Has socket? true
[ActivityLogger] Success! Method=GET, URL=/api/coding/6a7039e82aa9d8f3998f0901, Has user? false, Has socket? true
[ActivityLogger] Success! Method=GET, URL=/api/admin/auth/me, Has user? true, Has socket? true
[ActivityLogger] Success! Method=GET, URL=/api/admin/auth/me, Has user? true, Has socket? true
[ActivityLogger] Success! Method=GET, URL=/api/admin/auth/dashboard, Has user? true, Has socket? true
[ActivityLogger] Success! Method=GET, URL=/api/admin/auth/dashboard, Has user? true, Has socket? true
[ActivityLogger] Success! Method=GET, URL=/api/admin/tests, Has user? true, Has socket? true
[ActivityLogger] Success! Method=GET, URL=/api/admin/tests, Has user? true, Has socket? true
[ActivityLogger] Success! Method=GET, URL=/api/users/profile, Has user? true, Has socket? true
[ActivityLogger] Success! Method=GET, URL=/api/coding?page=1&search=&difficulty=&topic=, Has user? false, Has socket? true
[ActivityLogger] Success! Method=GET, URL=/api/users/profile, Has user? true, Has socket? true
[ActivityLogger] Success! Method=GET, URL=/api/coding?page=1&search=&difficulty=&topic=, Has user? false, Has socket? true
[ActivityLogger] Success! Method=GET, URL=/api/community/group/all, Has user? false, Has socket? true
[ActivityLogger] Success! Method=GET, URL=/api/users/profile, Has user? true, Has socket? true
[ActivityLogger] Success! Method=GET, URL=/api/community/discussion/all, Has user? false, Has socket? true
[ActivityLogger] Success! Method=GET, URL=/api/community/group/all, Has user? false, Has socket? true
[ActivityLogger] Success! Method=GET, URL=/api/users/profile, Has user? true, Has socket? true
[ActivityLogger] Success! Method=GET, URL=/api/community/discussion/all, Has user? false, Has socket? true
[ActivityLogger] Success! Method=GET, URL=/api/community/group/all, Has user? false, Has socket? true
[ActivityLogger] Success! Method=GET, URL=/api/community/group/all, Has user? false, Has socket? true
[ActivityLogger] Success! Method=GET, URL=/api/community/discussion/all, Has user? false, Has socket? true
[ActivityLogger] Success! Method=GET, URL=/api/community/discussion/all, Has user? false, Has socket? true
[ActivityLogger] Success! Method=GET, URL=/api/users/profile, Has user? true, Has socket? true
[ActivityLogger] Success! Method=GET, URL=/api/users/profile, Has user? true, Has socket? true
[ActivityLogger] Success! Method=POST, URL=/api/community/group/join/6a56218dcf65e6b2b31b15b1, Has user? true, Has socket? true
[ActivityLogger] Success! Method=GET, URL=/api/community/group/all, Has user? false, Has socket? true
[ActivityLogger] Success! Method=GET, URL=/api/community/group/messages/6a56218dcf65e6b2b31b15b1, Has user? false, Has socket? true
[ActivityLogger] Success! Method=GET, URL=/api/community/group/messages/6a56218dcf65e6b2b31b15b1, Has user? false, Has socket? true
[ActivityLogger] Success! Method=POST, URL=/api/community/group/message/6a56218dcf65e6b2b31b15b1, Has user? true, Has socket? true
[ActivityLogger] Success! Method=GET, URL=/api/admin/auth/me, Has user? true, Has socket? true
[ActivityLogger] Success! Method=GET, URL=/api/admin/auth/me, Has user? true, Has socket? true
[ActivityLogger] Success! Method=GET, URL=/api/admin/tests, Has user? true, Has socket? true
[ActivityLogger] Success! Method=GET, URL=/api/admin/tests, Has user? true, Has socket? true
[ActivityLogger] Success! Method=GET, URL=/api/admin/auth/dashboard, Has user? true, Has socket? true
[ActivityLogger] Success! Method=GET, URL=/api/admin/auth/dashboard, Has user? true, Has socket? true
[ActivityLogger] Success! Method=GET, URL=/api/users/profile, Has user? true, Has socket? true
[ActivityLogger] Success! Method=GET, URL=/api/users/profile, Has user? true, Has socket? true
[ActivityLogger] Success! Method=GET, URL=/api/community/group/messages/6a3a3fa8aeb55b2846fc4cdb, Has user? false, Has socket? true
[ActivityLogger] Success! Method=GET, URL=/api/users/profile, Has user? true, Has socket? true
[ActivityLogger] Success! Method=GET, URL=/api/community/group/messages/6a3a3fa8aeb55b2846fc4cdb, Has user? false, Has socket? true
[ActivityLogger] Success! Method=GET, URL=/api/users/profile, Has user? true, Has socket? true
[ActivityLogger] Success! Method=POST, URL=/api/community/group/message/6a3a3fa8aeb55b2846fc4cdb, Has user? true, Has socket? true
[ActivityLogger] Success! Method=GET, URL=/api/admin/auth/me, Has user? true, Has socket? true
[ActivityLogger] Success! Method=GET, URL=/api/admin/auth/me, Has user? true, Has socket? true
[ActivityLogger] Success! Method=GET, URL=/api/admin/auth/dashboard, Has user? true, Has socket? true
[ActivityLogger] Success! Method=GET, URL=/api/admin/auth/dashboard, Has user? true, Has socket? true
[ActivityLogger] Success! Method=GET, URL=/api/admin/users?page=1&limit=10&search=&role=&verified=&blocked=&sort=newest, Has user? true, Has socket? true
[ActivityLogger] Success! Method=GET, URL=/api/admin/users/stats, Has user? true, Has socket? true
[ActivityLogger] Success! Method=GET, URL=/api/admin/users?page=1&limit=10&search=&role=&verified=&blocked=&sort=newest, Has user? true, Has socket? true
[ActivityLogger] Success! Method=GET, URL=/api/admin/users/stats, Has user? true, Has socket? true
[ActivityLogger] Success! Method=GET, URL=/api/admin/auth/dashboard, Has user? true, Has socket? true
[ActivityLogger] Success! Method=GET, URL=/api/admin/auth/dashboard, Has user? true, Has socket? true
[ActivityLogger] Success! Method=GET, URL=/api/admin/auth/me, Has user? true, Has socket? true
[ActivityLogger] Success! Method=GET, URL=/api/admin/auth/me, Has user? true, Has socket? true
[ActivityLogger] Success! Method=GET, URL=/api/admin/auth/dashboard, Has user? true, Has socket? true
[ActivityLogger] Success! Method=GET, URL=/api/admin/auth/dashboard, Has user? true, Has socket? true
[ActivityLogger] Success! Method=POST, URL=/api/community/group/message/6a3a3fa8aeb55b2846fc4cdb, Has user? true, Has socket? true
[ActivityLogger] Success! Method=GET, URL=/api/admin/auth/me, Has user? true, Has socket? true
[ActivityLogger] Success! Method=GET, URL=/api/admin/auth/me, Has user? true, Has socket? true
[ActivityLogger] Success! Method=GET, URL=/api/admin/auth/dashboard, Has user? true, Has socket? true
[ActivityLogger] Success! Method=GET, URL=/api/admin/auth/dashboard, Has user? true, Has socket? true
[ActivityLogger] Success! Method=GET, URL=/api/users/profile, Has user? true, Has socket? true
[ActivityLogger] Success! Method=GET, URL=/api/users/profile, Has user? true, Has socket? true
[ActivityLogger] Success! Method=GET, URL=/api/users/profile, Has user? true, Has socket? true
[ActivityLogger] Success! Method=GET, URL=/api/coding?page=1&search=&difficulty=&topic=, Has user? false, Has socket? true
[ActivityLogger] Success! Method=GET, URL=/api/users/profile, Has user? true, Has socket? true
[ActivityLogger] Success! Method=GET, URL=/api/coding?page=1&search=&difficulty=&topic=, Has user? false, Has socket? true
[ActivityLogger] Success! Method=GET, URL=/api/coding/6a44bbe85d592daedfee36a5, Has user? false, Has socket? true
[ActivityLogger] Success! Method=GET, URL=/api/coding/6a44bbe85d592daedfee36a5, Has user? false, Has socket? true
[ActivityLogger] Success! Method=POST, URL=/api/coding/run, Has user? true, Has socket? true
[ActivityLogger] Success! Method=POST, URL=/api/coding/run, Has user? true, Has socket? true
[ActivityLogger] Success! Method=POST, URL=/api/coding/run, Has user? true, Has socket? true
[ActivityLogger] Success! Method=POST, URL=/api/coding/submit, Has user? true, Has socket? true
[ActivityLogger] Success! Method=POST, URL=/api/admin/auth/login, Has user? false, Has socket? true
[ActivityLogger] Success! Method=GET, URL=/api/admin/auth/dashboard, Has user? true, Has socket? true
[ActivityLogger] Success! Method=GET, URL=/api/admin/auth/dashboard, Has user? true, Has socket? true
[ActivityLogger] Success! Method=GET, URL=/api/admin/users?page=1&limit=10&search=&role=&verified=&blocked=&sort=newest, Has user? true, Has socket? true
[ActivityLogger] Success! Method=GET, URL=/api/admin/users/stats, Has user? true, Has socket? true
[ActivityLogger] Success! Method=GET, URL=/api/admin/users?page=1&limit=10&search=&role=&verified=&blocked=&sort=newest, Has user? true, Has socket? true
[ActivityLogger] Success! Method=GET, URL=/api/admin/users/stats, Has user? true, Has socket? true
[ActivityLogger] Success! Method=GET, URL=/api/admin/interviews/stats, Has user? true, Has socket? true
[ActivityLogger] Success! Method=GET, URL=/api/admin/interviews?page=1&search=&status=&experience=&limit=10, Has user? true, Has socket? true
[ActivityLogger] Success! Method=GET, URL=/api/admin/interviews/stats, Has user? true, Has socket? true
[ActivityLogger] Success! Method=GET, URL=/api/admin/interviews?page=1&search=&status=&experience=&limit=10, Has user? true, Has socket? true
[ActivityLogger] Success! Method=GET, URL=/api/admin/auth/dashboard, Has user? true, Has socket? true
[ActivityLogger] Success! Method=GET, URL=/api/admin/auth/dashboard, Has user? true, Has socket? true
[ActivityLogger] Success! Method=GET, URL=/api/admin/users?page=1&limit=10&search=&role=&verified=&blocked=&sort=newest, Has user? true, Has socket? true
[ActivityLogger] Success! Method=GET, URL=/api/admin/users/stats, Has user? true, Has socket? true
[ActivityLogger] Success! Method=GET, URL=/api/admin/users?page=1&limit=10&search=&role=&verified=&blocked=&sort=newest, Has user? true, Has socket? true
[ActivityLogger] Success! Method=GET, URL=/api/admin/users/stats, Has user? true, Has socket? true
[ActivityLogger] Success! Method=GET, URL=/api/admin/auth/dashboard, Has user? true, Has socket? true
[ActivityLogger] Success! Method=GET, URL=/api/admin/auth/dashboard, Has user? true, Has socket? true
[ActivityLogger] Success! Method=GET, URL=/api/admin/auth/dashboard, Has user? true, Has socket? true
[ActivityLogger] Success! Method=GET, URL=/api/admin/auth/dashboard, Has user? true, Has socket? true
[ActivityLogger] Success! Method=POST, URL=/api/admin/auth/logout, Has user? true, Has socket? true
[ActivityLogger] Success! Method=POST, URL=/api/admin/auth/login, Has user? false, Has socket? true
[ActivityLogger] Success! Method=GET, URL=/api/admin/auth/dashboard, Has user? true, Has socket? true
[ActivityLogger] Success! Method=GET, URL=/api/admin/auth/dashboard, Has user? true, Has socket? true
[ActivityLogger] Success! Method=GET, URL=/api/users/profile, Has user? true, Has socket? true
[ActivityLogger] Success! Method=GET, URL=/api/coding?page=1&search=&difficulty=&topic=, Has user? false, Has socket? true
[ActivityLogger] Success! Method=GET, URL=/api/users/profile, Has user? true, Has socket? true
[ActivityLogger] Success! Method=GET, URL=/api/coding?page=1&search=&difficulty=&topic=, Has user? false, Has socket? true
[ActivityLogger] Success! Method=GET, URL=/api/analytics/rewards, Has user? true, Has socket? true
[ActivityLogger] Success! Method=GET, URL=/api/users/profile, Has user? true, Has socket? true
[ActivityLogger] Success! Method=GET, URL=/api/analytics/rewards, Has user? true, Has socket? true
[ActivityLogger] Success! Method=GET, URL=/api/users/profile, Has user? true, Has socket? true
[ActivityLogger] Success! Method=GET, URL=/api/analytics/me, Has user? true, Has socket? true
[ActivityLogger] Success! Method=GET, URL=/api/analytics/me, Has user? true, Has socket? true
[ActivityLogger] Success! Method=POST, URL=/api/auth/logout, Has user? false, Has socket? true
[ActivityLogger] Success! Method=GET, URL=/api/admin/auth/me, Has user? true, Has socket? true
[ActivityLogger] Success! Method=GET, URL=/api/admin/auth/me, Has user? true, Has socket? true
[ActivityLogger] Success! Method=GET, URL=/api/admin/auth/dashboard, Has user? true, Has socket? true
[ActivityLogger] Success! Method=GET, URL=/api/admin/auth/dashboard, Has user? true, Has socket? true
[ActivityLogger] Success! Method=POST, URL=/api/auth/login, Has user? false, Has socket? true
[ActivityLogger] Success! Method=GET, URL=/api/users/profile, Has user? true, Has socket? true
[ActivityLogger] Success! Method=GET, URL=/api/analytics/rewards, Has user? true, Has socket? true
[ActivityLogger] Success! Method=GET, URL=/api/users/profile, Has user? true, Has socket? true
[ActivityLogger] Success! Method=GET, URL=/api/analytics/rewards, Has user? true, Has socket? true
[ActivityLogger] Success! Method=GET, URL=/api/analytics/me, Has user? true, Has socket? true
[ActivityLogger] Success! Method=GET, URL=/api/analytics/me, Has user? true, Has socket? true
[ActivityLogger] Success! Method=GET, URL=/api/admin/users?page=1&limit=10&search=&role=&verified=&blocked=&sort=newest, Has user? true, Has socket? true
[ActivityLogger] Success! Method=GET, URL=/api/admin/users/stats, Has user? true, Has socket? true
[ActivityLogger] Success! Method=GET, URL=/api/admin/users?page=1&limit=10&search=&role=&verified=&blocked=&sort=newest, Has user? true, Has socket? true
[ActivityLogger] Success! Method=GET, URL=/api/admin/users/stats, Has user? true, Has socket? true
[ActivityLogger] Success! Method=GET, URL=/api/admin/users/6a703e8f46e22fbb4d61ab41, Has user? true, Has socket? true
[ActivityLogger] Success! Method=GET, URL=/api/admin/users/6a703e8f46e22fbb4d61ab41, Has user? true, Has socket? true
[ActivityLogger] Success! Method=GET, URL=/api/admin/users?page=1&limit=10&search=&role=&verified=&blocked=&sort=newest, Has user? true, Has socket? true
[ActivityLogger] Success! Method=GET, URL=/api/admin/users/stats, Has user? true, Has socket? true
[ActivityLogger] Success! Method=GET, URL=/api/admin/users?page=1&limit=10&search=&role=&verified=&blocked=&sort=newest, Has user? true, Has socket? true
[ActivityLogger] Success! Method=GET, URL=/api/admin/users/stats, Has user? true, Has socket? true
[ActivityLogger] Success! Method=GET, URL=/api/admin/users/6a703e8f46e22fbb4d61ab41, Has user? true, Has socket? true
[ActivityLogger] Success! Method=GET, URL=/api/admin/users/6a703e8f46e22fbb4d61ab41, Has user? true, Has socket? true
[ActivityLogger] Success! Method=GET, URL=/api/admin/auth/me, Has user? true, Has socket? true
[ActivityLogger] Success! Method=GET, URL=/api/admin/auth/me, Has user? true, Has socket? true
[ActivityLogger] Success! Method=GET, URL=/api/admin/users/6a703e8f46e22fbb4d61ab41, Has user? true, Has socket? true
[ActivityLogger] Success! Method=GET, URL=/api/admin/users/6a703e8f46e22fbb4d61ab41, Has user? true, Has socket? true
[ActivityLogger] Success! Method=GET, URL=/api/admin/users?page=1&limit=10&search=&role=&verified=&blocked=&sort=newest, Has user? true, Has socket? true
[ActivityLogger] Success! Method=GET, URL=/api/admin/users/stats, Has user? true, Has socket? true
[ActivityLogger] Success! Method=GET, URL=/api/admin/users?page=1&limit=10&search=&role=&verified=&blocked=&sort=newest, Has user? true, Has socket? true
[ActivityLogger] Success! Method=GET, URL=/api/admin/users/stats, Has user? true, Has socket? true
[ActivityLogger] Success! Method=PATCH, URL=/api/admin/users/6a703e8f46e22fbb4d61ab41/status, Has user? true, Has socket? true
[ActivityLogger] Success! Method=GET, URL=/api/admin/users?page=1&limit=10&search=&role=&verified=&blocked=&sort=newest, Has user? true, Has socket? true
[ActivityLogger] Success! Method=GET, URL=/api/admin/users/stats, Has user? true, Has socket? true
[ActivityLogger] Success! Method=PATCH, URL=/api/admin/users/6a703e8f46e22fbb4d61ab41/status, Has user? true, Has socket? true
[ActivityLogger] Success! Method=GET, URL=/api/admin/users?page=1&limit=10&search=&role=&verified=&blocked=&sort=newest, Has user? true, Has socket? true
[ActivityLogger] Success! Method=GET, URL=/api/admin/users/stats, Has user? true, Has socket? true
[ActivityLogger] Success! Method=GET, URL=/api/admin/users/6a703e8f46e22fbb4d61ab41, Has user? true, Has socket? true
[ActivityLogger] Success! Method=GET, URL=/api/admin/users/6a703e8f46e22fbb4d61ab41, Has user? true, Has socket? true
[ActivityLogger] Success! Method=GET, URL=/api/admin/users?page=1&limit=10&search=&role=&verified=&blocked=&sort=newest, Has user? true, Has socket? true
[ActivityLogger] Success! Method=GET, URL=/api/admin/users/stats, Has user? true, Has socket? true
[ActivityLogger] Success! Method=GET, URL=/api/admin/users?page=1&limit=10&search=&role=&verified=&blocked=&sort=newest, Has user? true, Has socket? true
[ActivityLogger] Success! Method=GET, URL=/api/admin/users/stats, Has user? true, Has socket? true
[ActivityLogger] Success! Method=GET, URL=/api/admin/users/6a703e8f46e22fbb4d61ab41, Has user? true, Has socket? true
[ActivityLogger] Success! Method=GET, URL=/api/admin/users/6a703e8f46e22fbb4d61ab41, Has user? true, Has socket? true
[ActivityLogger] Success! Method=GET, URL=/api/admin/users?page=1&limit=10&search=&role=&verified=&blocked=&sort=newest, Has user? true, Has socket? true
[ActivityLogger] Success! Method=GET, URL=/api/admin/users/stats, Has user? true, Has socket? true
[ActivityLogger] Success! Method=GET, URL=/api/admin/users?page=1&limit=10&search=&role=&verified=&blocked=&sort=newest, Has user? true, Has socket? true
[ActivityLogger] Success! Method=GET, URL=/api/admin/users/stats, Has user? true, Has socket? true
[ActivityLogger] Success! Method=GET, URL=/api/admin/users/6a50bbc0dfeb3c3c10a11ff7, Has user? true, Has socket? true
[ActivityLogger] Success! Method=GET, URL=/api/admin/users/6a50bbc0dfeb3c3c10a11ff7, Has user? true, Has socket? true
[ActivityLogger] Success! Method=GET, URL=/api/admin/auth/dashboard, Has user? true, Has socket? true
[ActivityLogger] Success! Method=GET, URL=/api/admin/auth/dashboard, Has user? true, Has socket? true
[ActivityLogger] Success! Method=GET, URL=/api/admin/users?page=1&limit=10&search=&role=&verified=&blocked=&sort=newest, Has user? true, Has socket? true
[ActivityLogger] Success! Method=GET, URL=/api/admin/users/stats, Has user? true, Has socket? true
[ActivityLogger] Success! Method=GET, URL=/api/admin/users?page=1&limit=10&search=&role=&verified=&blocked=&sort=newest, Has user? true, Has socket? true
[ActivityLogger] Success! Method=GET, URL=/api/admin/users/stats, Has user? true, Has socket? true
[ActivityLogger] Success! Method=GET, URL=/api/admin/interviews/stats, Has user? true, Has socket? true
[ActivityLogger] Success! Method=GET, URL=/api/admin/interviews?page=1&search=&status=&experience=&limit=10, Has user? true, Has socket? true
[ActivityLogger] Success! Method=GET, URL=/api/admin/users?page=1&limit=10&search=&role=&verified=&blocked=&sort=newest, Has user? true, Has socket? true
[ActivityLogger] Success! Method=GET, URL=/api/admin/users/stats, Has user? true, Has socket? true
[ActivityLogger] Success! Method=GET, URL=/api/admin/interviews/stats, Has user? true, Has socket? true
[ActivityLogger] Success! Method=GET, URL=/api/admin/users?page=1&limit=10&search=&role=&verified=&blocked=&sort=newest, Has user? true, Has socket? true
[ActivityLogger] Success! Method=GET, URL=/api/admin/interviews?page=1&search=&status=&experience=&limit=10, Has user? true, Has socket? true
[ActivityLogger] Success! Method=GET, URL=/api/admin/users/stats, Has user? true, Has socket? true
[ActivityLogger] Success! Method=GET, URL=/api/admin/users/6a703e8f46e22fbb4d61ab41, Has user? true, Has socket? true
[ActivityLogger] Success! Method=GET, URL=/api/admin/users/6a703e8f46e22fbb4d61ab41, Has user? true, Has socket? true
[ActivityLogger] Success! Method=GET, URL=/api/admin/users?page=1&limit=10&search=&role=&verified=&blocked=&sort=newest, Has user? true, Has socket? true
[ActivityLogger] Success! Method=GET, URL=/api/admin/users/stats, Has user? true, Has socket? true
[ActivityLogger] Success! Method=GET, URL=/api/admin/users?page=1&limit=10&search=&role=&verified=&blocked=&sort=newest, Has user? true, Has socket? true
[ActivityLogger] Success! Method=GET, URL=/api/admin/users/stats, Has user? true, Has socket? true
[ActivityLogger] Success! Method=GET, URL=/api/admin/users/6a50bbc0dfeb3c3c10a11ff7, Has user? true, Has socket? true
[ActivityLogger] Success! Method=GET, URL=/api/admin/users/6a50bbc0dfeb3c3c10a11ff7, Has user? true, Has socket? true
[ActivityLogger] Success! Method=GET, URL=/api/admin/users?page=1&limit=10&search=&role=&verified=&blocked=&sort=newest, Has user? true, Has socket? true
[ActivityLogger] Success! Method=GET, URL=/api/admin/users/stats, Has user? true, Has socket? true
[ActivityLogger] Success! Method=GET, URL=/api/admin/users?page=1&limit=10&search=&role=&verified=&blocked=&sort=newest, Has user? true, Has socket? true
[ActivityLogger] Success! Method=GET, URL=/api/admin/users/stats, Has user? true, Has socket? true
[ActivityLogger] Success! Method=GET, URL=/api/admin/users/6a703e8f46e22fbb4d61ab41, Has user? true, Has socket? true
[ActivityLogger] Success! Method=GET, URL=/api/admin/users/6a703e8f46e22fbb4d61ab41, Has user? true, Has socket? true
[ActivityLogger] Success! Method=GET, URL=/api/admin/users?page=1&limit=10&search=&role=&verified=&blocked=&sort=newest, Has user? true, Has socket? true
[ActivityLogger] Success! Method=GET, URL=/api/admin/users/stats, Has user? true, Has socket? true
[ActivityLogger] Success! Method=GET, URL=/api/admin/users?page=1&limit=10&search=&role=&verified=&blocked=&sort=newest, Has user? true, Has socket? true
[ActivityLogger] Success! Method=GET, URL=/api/admin/users/stats, Has user? true, Has socket? true
[ActivityLogger] Success! Method=GET, URL=/api/admin/users?page=2&limit=10&search=&role=&verified=&blocked=&sort=newest, Has user? true, Has socket? true
[ActivityLogger] Success! Method=GET, URL=/api/admin/users/6a3bb9c5b56318bc69cd1573, Has user? true, Has socket? true
[ActivityLogger] Success! Method=GET, URL=/api/admin/users/6a3bb9c5b56318bc69cd1573, Has user? true, Has socket? true
[ActivityLogger] Success! Method=GET, URL=/api/admin/users?page=1&limit=10&search=&role=&verified=&blocked=&sort=newest, Has user? true, Has socket? true
[ActivityLogger] Success! Method=GET, URL=/api/admin/users/stats, Has user? true, Has socket? true
[ActivityLogger] Success! Method=GET, URL=/api/admin/users?page=1&limit=10&search=&role=&verified=&blocked=&sort=newest, Has user? true, Has socket? true
[ActivityLogger] Success! Method=GET, URL=/api/admin/users/stats, Has user? true, Has socket? true
[ActivityLogger] Success! Method=GET, URL=/api/admin/users/6a703e8f46e22fbb4d61ab41, Has user? true, Has socket? true
[ActivityLogger] Success! Method=GET, URL=/api/admin/users/6a703e8f46e22fbb4d61ab41, Has user? true, Has socket? true
[ActivityLogger] Success! Method=GET, URL=/api/admin/users?page=1&limit=10&search=&role=&verified=&blocked=&sort=newest, Has user? true, Has socket? true
[ActivityLogger] Success! Method=GET, URL=/api/admin/users/stats, Has user? true, Has socket? true
[ActivityLogger] Success! Method=GET, URL=/api/admin/users?page=1&limit=10&search=&role=&verified=&blocked=&sort=newest, Has user? true, Has socket? true
[ActivityLogger] Success! Method=GET, URL=/api/admin/users/stats, Has user? true, Has socket? true
[ActivityLogger] Success! Method=GET, URL=/api/admin/auth/dashboard, Has user? true, Has socket? true
[ActivityLogger] Success! Method=GET, URL=/api/admin/auth/dashboard, Has user? true, Has socket? true
[ActivityLogger] Success! Method=GET, URL=/api/admin/users?page=1&limit=10&search=&role=&verified=&blocked=&sort=newest, Has user? true, Has socket? true
[ActivityLogger] Success! Method=GET, URL=/api/admin/users/stats, Has user? true, Has socket? true
[ActivityLogger] Success! Method=GET, URL=/api/admin/users?page=1&limit=10&search=&role=&verified=&blocked=&sort=newest, Has user? true, Has socket? true
[ActivityLogger] Success! Method=GET, URL=/api/admin/users/stats, Has user? true, Has socket? true
[ActivityLogger] Success! Method=GET, URL=/api/admin/users?page=1&limit=10&search=&role=&verified=&blocked=false&sort=newest, Has user? true, Has socket? true
[ActivityLogger] Success! Method=GET, URL=/api/admin/users?page=1&limit=10&search=&role=&verified=&blocked=true&sort=newest, Has user? true, Has socket? true
[ActivityLogger] Success! Method=GET, URL=/api/admin/users?page=1&limit=10&search=&role=&verified=&blocked=&sort=newest, Has user? true, Has socket? true
[ActivityLogger] Success! Method=GET, URL=/api/admin/users?page=1&limit=10&search=&role=&verified=&blocked=&sort=oldest, Has user? true, Has socket? true
[ActivityLogger] Success! Method=GET, URL=/api/admin/users?page=1&limit=10&search=&role=&verified=&blocked=&sort=newest, Has user? true, Has socket? true
[ActivityLogger] Success! Method=GET, URL=/api/admin/users?page=1&limit=10&search=&role=&verified=&blocked=false&sort=newest, Has user? true, Has socket? true
[ActivityLogger] Success! Method=GET, URL=/api/admin/users?page=1&limit=10&search=&role=&verified=&blocked=true&sort=newest, Has user? true, Has socket? true
[ActivityLogger] Success! Method=GET, URL=/api/admin/users?page=1&limit=10&search=&role=&verified=&blocked=&sort=newest, Has user? true, Has socket? true
[ActivityLogger] Success! Method=GET, URL=/api/admin/users?page=1&limit=10&search=&role=&verified=true&blocked=&sort=newest, Has user? true, Has socket? true
[ActivityLogger] Success! Method=GET, URL=/api/admin/users?page=1&limit=10&search=&role=&verified=false&blocked=&sort=newest, Has user? true, Has socket? true
[ActivityLogger] Success! Method=GET, URL=/api/admin/users?page=1&limit=10&search=&role=&verified=true&blocked=&sort=newest, Has user? true, Has socket? true
[ActivityLogger] Success! Method=GET, URL=/api/admin/users?page=1&limit=10&search=&role=&verified=&blocked=&sort=newest, Has user? true, Has socket? true
[ActivityLogger] Success! Method=GET, URL=/api/admin/users?page=1&limit=10&search=r&role=&verified=&blocked=&sort=newest, Has user? true, Has socket? true
[ActivityLogger] Success! Method=GET, URL=/api/admin/users?page=1&limit=10&search=ra&role=&verified=&blocked=&sort=newest, Has user? true, Has socket? true
[ActivityLogger] Success! Method=GET, URL=/api/admin/users?page=1&limit=10&search=raj&role=&verified=&blocked=&sort=newest, Has user? true, Has socket? true
[ActivityLogger] Success! Method=GET, URL=/api/admin/users?page=1&limit=10&search=ra&role=&verified=&blocked=&sort=newest, Has user? true, Has socket? true
[ActivityLogger] Success! Method=GET, URL=/api/admin/users?page=1&limit=10&search=ra%5D&role=&verified=&blocked=&sort=newest, Has user? true, Has socket? true
[ActivityLogger] Success! Method=GET, URL=/api/admin/users?page=1&limit=10&search=ra&role=&verified=&blocked=&sort=newest, Has user? true, Has socket? true
[ActivityLogger] Success! Method=GET, URL=/api/admin/users?page=1&limit=10&search=r&role=&verified=&blocked=&sort=newest, Has user? true, Has socket? true
[ActivityLogger] Success! Method=GET, URL=/api/admin/users?page=1&limit=10&search=&role=&verified=&blocked=&sort=newest, Has user? true, Has socket? true
[ActivityLogger] Success! Method=POST, URL=/api/admin/auth/login, Has user? false, Has socket? true
[ActivityLogger] Success! Method=GET, URL=/api/admin/auth/dashboard, Has user? true, Has socket? true
[ActivityLogger] Success! Method=GET, URL=/api/admin/auth/dashboard, Has user? true, Has socket? true
[ActivityLogger] Success! Method=GET, URL=/api/admin/users?page=1&limit=10&search=&role=&verified=&blocked=&sort=newest, Has user? true, Has socket? true
[ActivityLogger] Success! Method=GET, URL=/api/admin/users/stats, Has user? true, Has socket? true
[ActivityLogger] Success! Method=GET, URL=/api/admin/users?page=1&limit=10&search=&role=&verified=&blocked=&sort=newest, Has user? true, Has socket? true
[ActivityLogger] Success! Method=GET, URL=/api/admin/users/stats, Has user? true, Has socket? true
[ActivityLogger] Success! Method=GET, URL=/api/admin/interviews/stats, Has user? true, Has socket? true
[ActivityLogger] Success! Method=GET, URL=/api/admin/interviews?page=1&search=&status=&experience=&limit=10, Has user? true, Has socket? true
[ActivityLogger] Success! Method=GET, URL=/api/admin/interviews/stats, Has user? true, Has socket? true
[ActivityLogger] Success! Method=GET, URL=/api/admin/interviews?page=1&search=&status=&experience=&limit=10, Has user? true, Has socket? true
[ActivityLogger] Success! Method=GET, URL=/api/admin/interviews?page=1&search=john&status=&experience=&limit=10, Has user? true, Has socket? true
[ActivityLogger] Success! Method=GET, URL=/api/admin/interviews?page=1&search=&status=&experience=&limit=10, Has user? true, Has socket? true
[ActivityLogger] Success! Method=GET, URL=/api/admin/interviews?page=1&search=ra&status=&experience=&limit=10, Has user? true, Has socket? true
[ActivityLogger] Success! Method=GET, URL=/api/admin/interviews?page=1&search=raju&status=&experience=&limit=10, Has user? true, Has socket? true
[ActivityLogger] Success! Method=GET, URL=/api/admin/interviews/6a6c9b2da55041e8ab04b99f, Has user? true, Has socket? true
[ActivityLogger] Success! Method=GET, URL=/api/admin/interviews?page=1&search=&status=&experience=&limit=10, Has user? true, Has socket? true
[ActivityLogger] Success! Method=GET, URL=/api/admin/interviews?page=1&search=&status=Started&experience=&limit=10, Has user? true, Has socket? true
[ActivityLogger] Success! Method=GET, URL=/api/admin/interviews?page=1&search=&status=&experience=&limit=10, Has user? true, Has socket? true
[ActivityLogger] Success! Method=GET, URL=/api/admin/interviews?page=1&search=&status=Started&experience=&limit=10, Has user? true, Has socket? true
[ActivityLogger] Success! Method=GET, URL=/api/admin/interviews?page=1&search=&status=&experience=&limit=10, Has user? true, Has socket? true
[ActivityLogger] Success! Method=GET, URL=/api/admin/users?page=1&limit=10&search=&role=&verified=&blocked=&sort=newest, Has user? true, Has socket? true
[ActivityLogger] Success! Method=GET, URL=/api/admin/users/stats, Has user? true, Has socket? true
[ActivityLogger] Success! Method=GET, URL=/api/admin/users?page=1&limit=10&search=&role=&verified=&blocked=&sort=newest, Has user? true, Has socket? true
[ActivityLogger] Success! Method=GET, URL=/api/admin/users/stats, Has user? true, Has socket? true
[ActivityLogger] Success! Method=GET, URL=/api/admin/interviews/stats, Has user? true, Has socket? true
[ActivityLogger] Success! Method=GET, URL=/api/admin/interviews?page=1&search=&status=&experience=&limit=10, Has user? true, Has socket? true
[ActivityLogger] Success! Method=GET, URL=/api/admin/interviews/stats, Has user? true, Has socket? true
[ActivityLogger] Success! Method=GET, URL=/api/admin/interviews?page=1&search=&status=&experience=&limit=10, Has user? true, Has socket? true
[ActivityLogger] Success! Method=GET, URL=/api/admin/coding?page=1&search=&difficulty=&status=, Has user? true, Has socket? true
[ActivityLogger] Success! Method=GET, URL=/api/admin/coding?page=1&search=&difficulty=&status=, Has user? true, Has socket? true
[ActivityLogger] Success! Method=GET, URL=/api/admin/interviews/stats, Has user? true, Has socket? true
[ActivityLogger] Success! Method=GET, URL=/api/admin/interviews?page=1&search=&status=&experience=&limit=10, Has user? true, Has socket? true
[ActivityLogger] Success! Method=GET, URL=/api/admin/interviews/stats, Has user? true, Has socket? true
[ActivityLogger] Success! Method=GET, URL=/api/admin/interviews?page=1&search=&status=&experience=&limit=10, Has user? true, Has socket? true
[ActivityLogger] Success! Method=GET, URL=/api/admin/users?page=1&limit=10&search=&role=&verified=&blocked=&sort=newest, Has user? true, Has socket? true
[ActivityLogger] Success! Method=GET, URL=/api/admin/users/stats, Has user? true, Has socket? true
[ActivityLogger] Success! Method=GET, URL=/api/admin/users?page=1&limit=10&search=&role=&verified=&blocked=&sort=newest, Has user? true, Has socket? true
[ActivityLogger] Success! Method=GET, URL=/api/admin/users/stats, Has user? true, Has socket? true
[ActivityLogger] Success! Method=GET, URL=/api/admin/auth/dashboard, Has user? true, Has socket? true
[ActivityLogger] Success! Method=GET, URL=/api/admin/auth/dashboard, Has user? true, Has socket? true
[ActivityLogger] Success! Method=GET, URL=/api/admin/users?page=1&limit=10&search=&role=&verified=&blocked=&sort=newest, Has user? true, Has socket? true
[ActivityLogger] Success! Method=GET, URL=/api/admin/users/stats, Has user? true, Has socket? true
[ActivityLogger] Success! Method=GET, URL=/api/admin/users?page=1&limit=10&search=&role=&verified=&blocked=&sort=newest, Has user? true, Has socket? true
[ActivityLogger] Success! Method=GET, URL=/api/admin/users/stats, Has user? true, Has socket? true
[ActivityLogger] Success! Method=GET, URL=/api/admin/interviews/stats, Has user? true, Has socket? true
[ActivityLogger] Success! Method=GET, URL=/api/admin/interviews?page=1&search=&status=&experience=&limit=10, Has user? true, Has socket? true
[ActivityLogger] Success! Method=GET, URL=/api/admin/interviews/stats, Has user? true, Has socket? true
[ActivityLogger] Success! Method=GET, URL=/api/admin/interviews?page=1&search=&status=&experience=&limit=10, Has user? true, Has socket? true
[ActivityLogger] Success! Method=GET, URL=/api/admin/coding?page=1&search=&difficulty=&status=, Has user? true, Has socket? true
[ActivityLogger] Success! Method=GET, URL=/api/admin/coding?page=1&search=&difficulty=&status=, Has user? true, Has socket? true
[ActivityLogger] Success! Method=GET, URL=/api/admin/coding/6a71c7632dd0dc73c4da1c11, Has user? true, Has socket? true
[ActivityLogger] Success! Method=GET, URL=/api/admin/coding/6a71c7632dd0dc73c4da1c11, Has user? true, Has socket? true
[ActivityLogger] Success! Method=GET, URL=/api/admin/auth/me, Has user? true, Has socket? true
[ActivityLogger] Success! Method=GET, URL=/api/admin/auth/me, Has user? true, Has socket? true
[ActivityLogger] Success! Method=GET, URL=/api/admin/coding/6a71c7632dd0dc73c4da1c11, Has user? true, Has socket? true
[ActivityLogger] Success! Method=GET, URL=/api/admin/coding/6a71c7632dd0dc73c4da1c11, Has user? true, Has socket? true
[ActivityLogger] Success! Method=GET, URL=/api/admin/auth/me, Has user? true, Has socket? true
[ActivityLogger] Success! Method=GET, URL=/api/admin/auth/me, Has user? true, Has socket? true
[ActivityLogger] Success! Method=GET, URL=/api/admin/coding/6a71c7632dd0dc73c4da1c11, Has user? true, Has socket? true
[ActivityLogger] Success! Method=GET, URL=/api/admin/coding/6a71c7632dd0dc73c4da1c11, Has user? true, Has socket? true
[ActivityLogger] Success! Method=GET, URL=/api/admin/coding?page=1&search=&difficulty=&status=, Has user? true, Has socket? true
[ActivityLogger] Success! Method=GET, URL=/api/admin/coding?page=1&search=&difficulty=&status=, Has user? true, Has socket? true
[ActivityLogger] Success! Method=GET, URL=/api/admin/coding/6a71c7632dd0dc73c4da1c11, Has user? true, Has socket? true
[ActivityLogger] Success! Method=GET, URL=/api/admin/coding/6a71c7632dd0dc73c4da1c11, Has user? true, Has socket? true
[ActivityLogger] Success! Method=GET, URL=/api/admin/coding?page=1&search=&difficulty=&status=, Has user? true, Has socket? true
[ActivityLogger] Success! Method=GET, URL=/api/admin/coding?page=1&search=&difficulty=&status=, Has user? true, Has socket? true
[ActivityLogger] Success! Method=POST, URL=/api/admin/auth/login, Has user? false, Has socket? true
[ActivityLogger] Success! Method=GET, URL=/api/admin/auth/dashboard, Has user? true, Has socket? true
[ActivityLogger] Success! Method=GET, URL=/api/admin/auth/dashboard, Has user? true, Has socket? true
[ActivityLogger] Success! Method=GET, URL=/api/admin/users?page=1&limit=10&search=&role=&verified=&blocked=&sort=newest, Has user? true, Has socket? true
[ActivityLogger] Success! Method=GET, URL=/api/admin/users?page=1&limit=10&search=&role=&verified=&blocked=&sort=newest, Has user? true, Has socket? true
[ActivityLogger] Success! Method=GET, URL=/api/admin/users/stats, Has user? true, Has socket? true
[ActivityLogger] Success! Method=GET, URL=/api/admin/users/stats, Has user? true, Has socket? true
[ActivityLogger] Success! Method=GET, URL=/api/admin/users/6a703e8f46e22fbb4d61ab41, Has user? true, Has socket? true
[ActivityLogger] Success! Method=GET, URL=/api/admin/users/6a703e8f46e22fbb4d61ab41, Has user? true, Has socket? true
[ActivityLogger] Success! Method=GET, URL=/api/admin/users?page=1&limit=10&search=&role=&verified=&blocked=&sort=newest, Has user? true, Has socket? true
[ActivityLogger] Success! Method=GET, URL=/api/admin/users/stats, Has user? true, Has socket? true
[ActivityLogger] Success! Method=GET, URL=/api/admin/users?page=1&limit=10&search=&role=&verified=&blocked=&sort=newest, Has user? true, Has socket? true
[ActivityLogger] Success! Method=GET, URL=/api/admin/users/stats, Has user? true, Has socket? true
[ActivityLogger] Success! Method=GET, URL=/api/admin/users/6a631960dc75e0966f541ed2, Has user? true, Has socket? true
[ActivityLogger] Success! Method=GET, URL=/api/admin/users/6a631960dc75e0966f541ed2, Has user? true, Has socket? true
[ActivityLogger] Success! Method=PUT, URL=/api/admin/users/6a631960dc75e0966f541ed2, Has user? true, Has socket? true
[ActivityLogger] Success! Method=GET, URL=/api/admin/users?page=1&limit=10&search=&role=&verified=&blocked=&sort=newest, Has user? true, Has socket? true
[ActivityLogger] Success! Method=GET, URL=/api/admin/users/stats, Has user? true, Has socket? true
[ActivityLogger] Success! Method=GET, URL=/api/admin/users?page=1&limit=10&search=&role=&verified=&blocked=&sort=newest, Has user? true, Has socket? true
[ActivityLogger] Success! Method=GET, URL=/api/admin/users/stats, Has user? true, Has socket? true
[ActivityLogger] Success! Method=GET, URL=/api/admin/interviews/stats, Has user? true, Has socket? true
[ActivityLogger] Success! Method=GET, URL=/api/admin/interviews?page=1&search=&status=&experience=&limit=10, Has user? true, Has socket? true
[ActivityLogger] Success! Method=GET, URL=/api/admin/interviews/stats, Has user? true, Has socket? true
[ActivityLogger] Success! Method=GET, URL=/api/admin/interviews?page=1&search=&status=&experience=&limit=10, Has user? true, Has socket? true
[ActivityLogger] Success! Method=GET, URL=/api/admin/users?page=1&limit=10&search=&role=&verified=&blocked=&sort=newest, Has user? true, Has socket? true
[ActivityLogger] Success! Method=GET, URL=/api/admin/users/stats, Has user? true, Has socket? true
[ActivityLogger] Success! Method=GET, URL=/api/admin/users?page=1&limit=10&search=&role=&verified=&blocked=&sort=newest, Has user? true, Has socket? true
[ActivityLogger] Success! Method=GET, URL=/api/admin/users/stats, Has user? true, Has socket? true
[ActivityLogger] Success! Method=GET, URL=/api/admin/auth/dashboard, Has user? true, Has socket? true
[ActivityLogger] Success! Method=GET, URL=/api/admin/auth/dashboard, Has user? true, Has socket? true
[ActivityLogger] Success! Method=GET, URL=/api/users/profile, Has user? true, Has socket? true
[ActivityLogger] Success! Method=GET, URL=/api/admin/auth/me, Has user? true, Has socket? true
[ActivityLogger] Success! Method=GET, URL=/api/admin/auth/me, Has user? true, Has socket? true
[ActivityLogger] Success! Method=GET, URL=/api/users/profile, Has user? true, Has socket? true
[ActivityLogger] Success! Method=GET, URL=/api/analytics/rewards, Has user? true, Has socket? true
[ActivityLogger] Success! Method=GET, URL=/api/analytics/rewards, Has user? true, Has socket? true
[ActivityLogger] Success! Method=GET, URL=/api/analytics/me, Has user? true, Has socket? true
[ActivityLogger] Success! Method=GET, URL=/api/analytics/me, Has user? true, Has socket? true
[ActivityLogger] Success! Method=GET, URL=/api/admin/auth/dashboard, Has user? true, Has socket? true
[ActivityLogger] Success! Method=GET, URL=/api/admin/auth/me, Has user? true, Has socket? true
[ActivityLogger] Success! Method=GET, URL=/api/admin/auth/me, Has user? true, Has socket? true
[ActivityLogger] Success! Method=GET, URL=/api/admin/auth/dashboard, Has user? true, Has socket? true
[ActivityLogger] Success! Method=GET, URL=/api/admin/auth/dashboard, Has user? true, Has socket? true
[ActivityLogger] Success! Method=GET, URL=/api/admin/auth/online-users, Has user? true, Has socket? true
[ActivityLogger] Success! Method=POST, URL=/api/auth/logout, Has user? false, Has socket? true
[ActivityLogger] Success! Method=GET, URL=/api/admin/auth/me, Has user? true, Has socket? true
[ActivityLogger] Success! Method=GET, URL=/api/admin/auth/me, Has user? true, Has socket? true
[ActivityLogger] Success! Method=GET, URL=/api/admin/auth/dashboard, Has user? true, Has socket? true
[ActivityLogger] Success! Method=GET, URL=/api/admin/auth/dashboard, Has user? true, Has socket? true
[ActivityLogger] Success! Method=GET, URL=/api/admin/auth/online-users, Has user? true, Has socket? true
[ActivityLogger] Success! Method=POST, URL=/api/auth/login, Has user? false, Has socket? true
[ActivityLogger] Success! Method=GET, URL=/api/users/profile, Has user? true, Has socket? true
[ActivityLogger] Success! Method=GET, URL=/api/analytics/rewards, Has user? true, Has socket? true
[ActivityLogger] Success! Method=GET, URL=/api/users/profile, Has user? true, Has socket? true
[ActivityLogger] Success! Method=GET, URL=/api/analytics/rewards, Has user? true, Has socket? true
[ActivityLogger] Success! Method=GET, URL=/api/analytics/me, Has user? true, Has socket? true
[ActivityLogger] Success! Method=GET, URL=/api/analytics/me, Has user? true, Has socket? true
[ActivityLogger] Success! Method=GET, URL=/api/admin/auth/online-users, Has user? true, Has socket? true
[ActivityLogger] Success! Method=GET, URL=/api/admin/users?page=1&limit=10&search=&role=&verified=&blocked=&sort=newest, Has user? true, Has socket? true
[ActivityLogger] Success! Method=GET, URL=/api/admin/users/stats, Has user? true, Has socket? true
[ActivityLogger] Success! Method=GET, URL=/api/admin/users?page=1&limit=10&search=&role=&verified=&blocked=&sort=newest, Has user? true, Has socket? true
[ActivityLogger] Success! Method=GET, URL=/api/admin/users/stats, Has user? true, Has socket? true
[ActivityLogger] Success! Method=GET, URL=/api/admin/users?page=2&limit=10&search=&role=&verified=&blocked=&sort=newest, Has user? true, Has socket? true
[ActivityLogger] Success! Method=GET, URL=/api/admin/users?page=1&limit=10&search=&role=&verified=&blocked=&sort=newest, Has user? true, Has socket? true
[ActivityLogger] Success! Method=GET, URL=/api/admin/interviews/stats, Has user? true, Has socket? true
[ActivityLogger] Success! Method=GET, URL=/api/admin/interviews?page=1&search=&status=&experience=&limit=10, Has user? true, Has socket? true
[ActivityLogger] Success! Method=GET, URL=/api/admin/interviews/stats, Has user? true, Has socket? true
[ActivityLogger] Success! Method=GET, URL=/api/admin/interviews?page=1&search=&status=&experience=&limit=10, Has user? true, Has socket? true
[ActivityLogger] Success! Method=GET, URL=/api/admin/interviews/6a730798736cafe9f4b2ba0f, Has user? true, Has socket? true
[ActivityLogger] Success! Method=GET, URL=/api/admin/coding?page=1&search=&difficulty=&status=, Has user? true, Has socket? true
[ActivityLogger] Success! Method=GET, URL=/api/admin/coding?page=1&search=&difficulty=&status=, Has user? true, Has socket? true
[ActivityLogger] Success! Method=GET, URL=/api/admin/coding?page=1&search=&difficulty=&status=, Has user? true, Has socket? true
[ActivityLogger] Success! Method=GET, URL=/api/admin/coding?page=1&search=&difficulty=&status=, Has user? true, Has socket? true
[ActivityLogger] Success! Method=GET, URL=/api/admin/coding?page=1&search=k&difficulty=&status=, Has user? true, Has socket? true
[ActivityLogger] Success! Method=GET, URL=/api/admin/coding?page=1&search=&difficulty=&status=, Has user? true, Has socket? true
[ActivityLogger] Success! Method=GET, URL=/api/admin/coding/6a71c7632dd0dc73c4da1c11, Has user? true, Has socket? true
[ActivityLogger] Success! Method=GET, URL=/api/admin/coding/6a71c7632dd0dc73c4da1c11, Has user? true, Has socket? true
[ActivityLogger] Success! Method=GET, URL=/api/admin/coding?page=1&search=&difficulty=&status=, Has user? true, Has socket? true
[ActivityLogger] Success! Method=GET, URL=/api/admin/coding?page=1&search=&difficulty=&status=, Has user? true, Has socket? true
[ActivityLogger] Success! Method=GET, URL=/api/admin/coding?page=1&search=&difficulty=&status=, Has user? true, Has socket? true
[ActivityLogger] Success! Method=GET, URL=/api/admin/coding?page=1&search=&difficulty=&status=, Has user? true, Has socket? true
[ActivityLogger] Success! Method=GET, URL=/api/admin/auth/dashboard, Has user? true, Has socket? true
[ActivityLogger] Success! Method=GET, URL=/api/admin/auth/dashboard, Has user? true, Has socket? true
[ActivityLogger] Success! Method=GET, URL=/api/users/profile, Has user? true, Has socket? true
[ActivityLogger] Success! Method=GET, URL=/api/users/profile, Has user? true, Has socket? true
[ActivityLogger] Success! Method=GET, URL=/api/users/profile, Has user? true, Has socket? true
[ActivityLogger] Success! Method=GET, URL=/api/users/profile, Has user? true, Has socket? true
[ActivityLogger] Success! Method=GET, URL=/api/users/profile, Has user? true, Has socket? true
[ActivityLogger] Success! Method=GET, URL=/api/users/profile, Has user? true, Has socket? true
[ActivityLogger] Success! Method=GET, URL=/api/community/group/all, Has user? false, Has socket? true
[ActivityLogger] Success! Method=GET, URL=/api/users/profile, Has user? true, Has socket? true
[ActivityLogger] Success! Method=GET, URL=/api/community/discussion/all, Has user? false, Has socket? true
[ActivityLogger] Success! Method=GET, URL=/api/community/group/all, Has user? false, Has socket? true
[ActivityLogger] Success! Method=GET, URL=/api/users/profile, Has user? true, Has socket? true
[ActivityLogger] Success! Method=GET, URL=/api/community/group/all, Has user? false, Has socket? true
[ActivityLogger] Success! Method=GET, URL=/api/community/discussion/all, Has user? false, Has socket? true
[ActivityLogger] Success! Method=GET, URL=/api/community/group/all, Has user? false, Has socket? true
[ActivityLogger] Success! Method=GET, URL=/api/community/discussion/all, Has user? false, Has socket? true
[ActivityLogger] Success! Method=GET, URL=/api/community/discussion/all, Has user? false, Has socket? true
[ActivityLogger] Success! Method=GET, URL=/api/users/profile, Has user? true, Has socket? true
[ActivityLogger] Success! Method=GET, URL=/api/users/profile, Has user? true, Has socket? true
[ActivityLogger] Success! Method=GET, URL=/api/community/group/messages/6a3a3fa8aeb55b2846fc4cdb, Has user? false, Has socket? true
[ActivityLogger] Success! Method=GET, URL=/api/users/profile, Has user? true, Has socket? true
[ActivityLogger] Success! Method=GET, URL=/api/community/group/messages/6a3a3fa8aeb55b2846fc4cdb, Has user? false, Has socket? true
[ActivityLogger] Success! Method=GET, URL=/api/users/profile, Has user? true, Has socket? true
[ActivityLogger] Success! Method=POST, URL=/api/community/group/message/6a3a3fa8aeb55b2846fc4cdb, Has user? true, Has socket? true
[ActivityLogger] Success! Method=GET, URL=/api/admin/auth/me, Has user? true, Has socket? true
[ActivityLogger] Success! Method=GET, URL=/api/admin/auth/me, Has user? true, Has socket? true
[ActivityLogger] Success! Method=GET, URL=/api/admin/auth/dashboard, Has user? true, Has socket? true
[ActivityLogger] Success! Method=GET, URL=/api/admin/auth/dashboard, Has user? true, Has socket? true
[ActivityLogger] Success! Method=GET, URL=/api/admin/coding?page=1&search=&difficulty=&status=, Has user? true, Has socket? true
[ActivityLogger] Success! Method=GET, URL=/api/admin/coding?page=1&search=&difficulty=&status=, Has user? true, Has socket? true
[ActivityLogger] Success! Method=POST, URL=/api/admin/auth/login, Has user? false, Has socket? true
[ActivityLogger] Success! Method=GET, URL=/api/admin/auth/dashboard, Has user? true, Has socket? true
[ActivityLogger] Success! Method=GET, URL=/api/admin/auth/dashboard, Has user? true, Has socket? true
[ActivityLogger] Success! Method=GET, URL=/api/admin/coding?page=1&search=&difficulty=&status=, Has user? true, Has socket? true
[ActivityLogger] Success! Method=GET, URL=/api/admin/coding?page=1&search=&difficulty=&status=, Has user? true, Has socket? true
[ActivityLogger] Success! Method=GET, URL=/api/admin/coding?page=1&search=&difficulty=&status=, Has user? true, Has socket? true
[ActivityLogger] Success! Method=GET, URL=/api/admin/coding?page=1&search=&difficulty=&status=, Has user? true, Has socket? true
[ActivityLogger] Success! Method=GET, URL=/api/admin/coding/6a71c7632dd0dc73c4da1c11, Has user? true, Has socket? true
[ActivityLogger] Success! Method=GET, URL=/api/admin/coding/6a71c7632dd0dc73c4da1c11, Has user? true, Has socket? true
[ActivityLogger] Success! Method=GET, URL=/api/admin/coding?page=1&search=&difficulty=&status=, Has user? true, Has socket? true
[ActivityLogger] Success! Method=GET, URL=/api/admin/coding?page=1&search=&difficulty=&status=, Has user? true, Has socket? true
[ActivityLogger] Success! Method=GET, URL=/api/admin/coding/6a5e0e0a51c34748dc4aaaaa, Has user? true, Has socket? true
[ActivityLogger] Success! Method=GET, URL=/api/admin/coding/6a5e0e0a51c34748dc4aaaaa, Has user? true, Has socket? true
[ActivityLogger] Success! Method=GET, URL=/api/admin/coding?page=1&search=&difficulty=&status=, Has user? true, Has socket? true
[ActivityLogger] Success! Method=GET, URL=/api/admin/coding?page=1&search=&difficulty=&status=, Has user? true, Has socket? true
[ActivityLogger] Success! Method=GET, URL=/api/admin/coding?page=1&search=&difficulty=&status=, Has user? true, Has socket? true
[ActivityLogger] Success! Method=GET, URL=/api/admin/coding?page=1&search=&difficulty=&status=, Has user? true, Has socket? true
[ActivityLogger] Success! Method=GET, URL=/api/admin/coding/6a71c7632dd0dc73c4da1c11, Has user? true, Has socket? true
[ActivityLogger] Success! Method=GET, URL=/api/admin/coding/6a71c7632dd0dc73c4da1c11, Has user? true, Has socket? true
[ActivityLogger] Success! Method=GET, URL=/api/admin/coding?page=1&search=&difficulty=&status=, Has user? true, Has socket? true
[ActivityLogger] Success! Method=GET, URL=/api/admin/coding?page=1&search=&difficulty=&status=, Has user? true, Has socket? true
[ActivityLogger] Success! Method=GET, URL=/api/admin/coding?page=1&search=&difficulty=Easy&status=, Has user? true, Has socket? true
[ActivityLogger] Success! Method=GET, URL=/api/admin/coding?page=1&search=&difficulty=&status=, Has user? true, Has socket? true
[ActivityLogger] Success! Method=GET, URL=/api/admin/coding?page=1&search=&difficulty=&status=true, Has user? true, Has socket? true
[ActivityLogger] Success! Method=GET, URL=/api/admin/coding?page=1&search=&difficulty=&status=, Has user? true, Has socket? true
[ActivityLogger] Success! Method=GET, URL=/api/admin/coding/6a71c7632dd0dc73c4da1c11, Has user? true, Has socket? true
[ActivityLogger] Success! Method=GET, URL=/api/admin/coding/6a71c7632dd0dc73c4da1c11, Has user? true, Has socket? true
[ActivityLogger] Success! Method=GET, URL=/api/admin/coding?page=1&search=&difficulty=&status=, Has user? true, Has socket? true
[ActivityLogger] Success! Method=GET, URL=/api/admin/coding?page=1&search=&difficulty=&status=, Has user? true, Has socket? true
[ActivityLogger] Success! Method=GET, URL=/api/admin/coding/6a71c7632dd0dc73c4da1c11, Has user? true, Has socket? true
[ActivityLogger] Success! Method=GET, URL=/api/admin/coding/6a71c7632dd0dc73c4da1c11, Has user? true, Has socket? true
[ActivityLogger] Success! Method=GET, URL=/api/admin/coding?page=1&search=&difficulty=&status=, Has user? true, Has socket? true
[ActivityLogger] Success! Method=GET, URL=/api/admin/coding?page=1&search=&difficulty=&status=, Has user? true, Has socket? true
[ActivityLogger] Success! Method=GET, URL=/api/admin/coding/6a71c7632dd0dc73c4da1c11, Has user? true, Has socket? true
[ActivityLogger] Success! Method=GET, URL=/api/admin/coding/6a71c7632dd0dc73c4da1c11, Has user? true, Has socket? true
[ActivityLogger] Success! Method=GET, URL=/api/admin/coding?page=1&search=&difficulty=&status=, Has user? true, Has socket? true
[ActivityLogger] Success! Method=GET, URL=/api/admin/coding?page=1&search=&difficulty=&status=, Has user? true, Has socket? true
[ActivityLogger] Success! Method=GET, URL=/api/admin/coding/6a71c7632dd0dc73c4da1c11, Has user? true, Has socket? true
[ActivityLogger] Success! Method=GET, URL=/api/admin/coding/6a71c7632dd0dc73c4da1c11, Has user? true, Has socket? true
[ActivityLogger] Success! Method=GET, URL=/api/admin/coding?page=1&search=&difficulty=&status=, Has user? true, Has socket? true
[ActivityLogger] Success! Method=GET, URL=/api/admin/coding?page=1&search=&difficulty=&status=, Has user? true, Has socket? true
[ActivityLogger] Success! Method=GET, URL=/api/admin/users?page=1&limit=10&search=&role=&verified=&blocked=&sort=newest, Has user? true, Has socket? true
[ActivityLogger] Success! Method=GET, URL=/api/admin/users/stats, Has user? true, Has socket? true
[ActivityLogger] Success! Method=GET, URL=/api/admin/users?page=1&limit=10&search=&role=&verified=&blocked=&sort=newest, Has user? true, Has socket? true
[ActivityLogger] Success! Method=GET, URL=/api/admin/users/stats, Has user? true, Has socket? true
[ActivityLogger] Success! Method=GET, URL=/api/admin/interviews/stats, Has user? true, Has socket? true
[ActivityLogger] Success! Method=GET, URL=/api/admin/interviews?page=1&search=&status=&experience=&limit=10, Has user? true, Has socket? true
[ActivityLogger] Success! Method=GET, URL=/api/admin/interviews/stats, Has user? true, Has socket? true
[ActivityLogger] Success! Method=GET, URL=/api/admin/interviews?page=1&search=&status=&experience=&limit=10, Has user? true, Has socket? true
[ActivityLogger] Success! Method=GET, URL=/api/admin/tests, Has user? true, Has socket? true
[ActivityLogger] Success! Method=GET, URL=/api/admin/tests, Has user? true, Has socket? true
[ActivityLogger] Success! Method=GET, URL=/api/admin/coding?page=1&search=&difficulty=&status=, Has user? true, Has socket? true
[ActivityLogger] Success! Method=GET, URL=/api/admin/coding?page=1&search=&difficulty=&status=, Has user? true, Has socket? true
[ActivityLogger] Success! Method=GET, URL=/api/admin/tests, Has user? true, Has socket? true
[ActivityLogger] Success! Method=GET, URL=/api/admin/tests, Has user? true, Has socket? true
[ActivityLogger] Success! Method=GET, URL=/api/admin/questions?limit=1000, Has user? true, Has socket? true
[ActivityLogger] Success! Method=GET, URL=/api/admin/questions?limit=1000, Has user? true, Has socket? true
[ActivityLogger] Success! Method=GET, URL=/api/admin/tests, Has user? true, Has socket? true
[ActivityLogger] Success! Method=GET, URL=/api/admin/tests, Has user? true, Has socket? true
[ActivityLogger] Success! Method=GET, URL=/api/admin/questions/topics, Has user? true, Has socket? true
[ActivityLogger] Success! Method=GET, URL=/api/admin/questions/companies, Has user? true, Has socket? true
[ActivityLogger] Success! Method=GET, URL=/api/admin/questions/topics, Has user? true, Has socket? true
[ActivityLogger] Success! Method=GET, URL=/api/admin/questions?search=&topic=&company=&difficulty=&page=1, Has user? true, Has socket? true
[ActivityLogger] Success! Method=GET, URL=/api/admin/questions/companies, Has user? true, Has socket? true
[ActivityLogger] Success! Method=GET, URL=/api/admin/questions?search=&topic=&company=&difficulty=&page=1, Has user? true, Has socket? true
[ActivityLogger] Success! Method=GET, URL=/api/admin/questions/6a4ce6e191b46dec8725da5f, Has user? true, Has socket? true
[ActivityLogger] Success! Method=GET, URL=/api/admin/questions/topics, Has user? true, Has socket? true
[ActivityLogger] Success! Method=GET, URL=/api/admin/questions/companies, Has user? true, Has socket? true
[ActivityLogger] Success! Method=GET, URL=/api/admin/questions/6a4ce6e191b46dec8725da5f, Has user? true, Has socket? true
[ActivityLogger] Success! Method=GET, URL=/api/admin/questions/topics, Has user? true, Has socket? true
[ActivityLogger] Success! Method=GET, URL=/api/admin/questions/companies, Has user? true, Has socket? true
[ActivityLogger] Success! Method=GET, URL=/api/admin/questions/topics, Has user? true, Has socket? true
[ActivityLogger] Success! Method=GET, URL=/api/admin/questions/companies, Has user? true, Has socket? true
[ActivityLogger] Success! Method=GET, URL=/api/admin/questions?search=&topic=&company=&difficulty=&page=1, Has user? true, Has socket? true
[ActivityLogger] Success! Method=GET, URL=/api/admin/questions/topics, Has user? true, Has socket? true
[ActivityLogger] Success! Method=GET, URL=/api/admin/questions/companies, Has user? true, Has socket? true
[ActivityLogger] Success! Method=GET, URL=/api/admin/questions?search=&topic=&company=&difficulty=&page=1, Has user? true, Has socket? true
[ActivityLogger] Success! Method=GET, URL=/api/admin/analytics/resume, Has user? true, Has socket? true
[ActivityLogger] Success! Method=GET, URL=/api/admin/analytics/coding, Has user? true, Has socket? true
[ActivityLogger] Success! Method=GET, URL=/api/admin/analytics/users, Has user? true, Has socket? true
[ActivityLogger] Success! Method=GET, URL=/api/admin/analytics/resume, Has user? true, Has socket? true
[ActivityLogger] Success! Method=GET, URL=/api/admin/analytics/interviews, Has user? true, Has socket? true
[ActivityLogger] Success! Method=GET, URL=/api/admin/analytics/dashboard, Has user? true, Has socket? true
[ActivityLogger] Success! Method=GET, URL=/api/admin/analytics/coding, Has user? true, Has socket? true
[ActivityLogger] Success! Method=GET, URL=/api/admin/analytics/users, Has user? true, Has socket? true
[ActivityLogger] Success! Method=GET, URL=/api/admin/analytics/interviews, Has user? true, Has socket? true
[ActivityLogger] Success! Method=GET, URL=/api/admin/analytics/dashboard, Has user? true, Has socket? true
[ActivityLogger] Success! Method=GET, URL=/api/admin/badges, Has user? true, Has socket? true
[ActivityLogger] Success! Method=GET, URL=/api/admin/badges, Has user? true, Has socket? true
[ActivityLogger] Success! Method=GET, URL=/api/admin/rewards/dashboard, Has user? true, Has socket? true
[ActivityLogger] Success! Method=GET, URL=/api/admin/rewards/dashboard, Has user? true, Has socket? true
[ActivityLogger] Success! Method=GET, URL=/api/admin/rewards, Has user? true, Has socket? true
[ActivityLogger] Success! Method=GET, URL=/api/admin/rewards, Has user? true, Has socket? true
[ActivityLogger] Success! Method=GET, URL=/api/admin/badges, Has user? true, Has socket? true
[ActivityLogger] Success! Method=GET, URL=/api/admin/achievement, Has user? true, Has socket? true
[ActivityLogger] Success! Method=GET, URL=/api/admin/users?page=1&limit=1000&search=&role=&verified=&blocked=&sort=newest, Has user? true, Has socket? true
[ActivityLogger] Success! Method=GET, URL=/api/admin/badges, Has user? true, Has socket? true
[ActivityLogger] Success! Method=GET, URL=/api/admin/achievement, Has user? true, Has socket? true
[ActivityLogger] Success! Method=GET, URL=/api/admin/users?page=1&limit=1000&search=&role=&verified=&blocked=&sort=newest, Has user? true, Has socket? true
[ActivityLogger] Success! Method=POST, URL=/api/admin/auth/login, Has user? false, Has socket? true
[ActivityLogger] Success! Method=GET, URL=/api/admin/auth/dashboard, Has user? true, Has socket? true
[ActivityLogger] Success! Method=GET, URL=/api/admin/auth/dashboard, Has user? true, Has socket? true
[ActivityLogger] Success! Method=GET, URL=/api/admin/rewards/dashboard, Has user? true, Has socket? true
[ActivityLogger] Success! Method=GET, URL=/api/admin/rewards/dashboard, Has user? true, Has socket? true
[ActivityLogger] Success! Method=GET, URL=/api/admin/badges, Has user? true, Has socket? true
[ActivityLogger] Success! Method=GET, URL=/api/admin/achievement, Has user? true, Has socket? true
[ActivityLogger] Success! Method=GET, URL=/api/admin/users?page=1&limit=1000&search=&role=&verified=&blocked=&sort=newest, Has user? true, Has socket? true
[ActivityLogger] Success! Method=GET, URL=/api/admin/badges, Has user? true, Has socket? true
[ActivityLogger] Success! Method=GET, URL=/api/admin/achievement, Has user? true, Has socket? true
[ActivityLogger] Success! Method=GET, URL=/api/admin/users?page=1&limit=1000&search=&role=&verified=&blocked=&sort=newest, Has user? true, Has socket? true
[ActivityLogger] Success! Method=GET, URL=/api/admin/badges, Has user? true, Has socket? true
[ActivityLogger] Success! Method=GET, URL=/api/admin/achievement, Has user? true, Has socket? true
[ActivityLogger] Success! Method=GET, URL=/api/admin/users?page=1&limit=1000&search=&role=&verified=&blocked=&sort=newest, Has user? true, Has socket? true
[ActivityLogger] Success! Method=GET, URL=/api/admin/rewards/dashboard, Has user? true, Has socket? true
[ActivityLogger] Success! Method=GET, URL=/api/admin/rewards/dashboard, Has user? true, Has socket? true
[ActivityLogger] Success! Method=GET, URL=/api/admin/badges, Has user? true, Has socket? true
[ActivityLogger] Success! Method=GET, URL=/api/admin/users?page=1&limit=1000&search=&role=&verified=&blocked=&sort=newest, Has user? true, Has socket? true
[ActivityLogger] Success! Method=GET, URL=/api/admin/achievement, Has user? true, Has socket? true
[ActivityLogger] Success! Method=GET, URL=/api/admin/badges, Has user? true, Has socket? true
[ActivityLogger] Success! Method=GET, URL=/api/admin/users?page=1&limit=1000&search=&role=&verified=&blocked=&sort=newest, Has user? true, Has socket? true
[ActivityLogger] Success! Method=GET, URL=/api/admin/achievement, Has user? true, Has socket? true
[ActivityLogger] Success! Method=GET, URL=/api/admin/badges, Has user? true, Has socket? true
[ActivityLogger] Success! Method=GET, URL=/api/admin/users?page=1&limit=1000&search=&role=&verified=&blocked=&sort=newest, Has user? true, Has socket? true
[ActivityLogger] Success! Method=GET, URL=/api/admin/achievement, Has user? true, Has socket? true
[ActivityLogger] Success! Method=GET, URL=/api/admin/badges, Has user? true, Has socket? true
[ActivityLogger] Success! Method=GET, URL=/api/admin/users?page=1&limit=1000&search=&role=&verified=&blocked=&sort=newest, Has user? true, Has socket? true
[ActivityLogger] Success! Method=GET, URL=/api/admin/achievement, Has user? true, Has socket? true
[ActivityLogger] Success! Method=GET, URL=/api/admin/badges, Has user? true, Has socket? true
[ActivityLogger] Success! Method=GET, URL=/api/admin/achievement, Has user? true, Has socket? true
[ActivityLogger] Success! Method=GET, URL=/api/admin/users?page=1&limit=1000&search=&role=&verified=&blocked=&sort=newest, Has user? true, Has socket? true
[ActivityLogger] Success! Method=GET, URL=/api/admin/badges, Has user? true, Has socket? true
[ActivityLogger] Success! Method=GET, URL=/api/admin/achievement, Has user? true, Has socket? true
[ActivityLogger] Success! Method=GET, URL=/api/admin/users?page=1&limit=1000&search=&role=&verified=&blocked=&sort=newest, Has user? true, Has socket? true
[ActivityLogger] Success! Method=GET, URL=/api/admin/badges, Has user? true, Has socket? true
[ActivityLogger] Success! Method=GET, URL=/api/admin/achievement, Has user? true, Has socket? true
[ActivityLogger] Success! Method=GET, URL=/api/admin/users?page=1&limit=1000&search=&role=&verified=&blocked=&sort=newest, Has user? true, Has socket? true
[ActivityLogger] Success! Method=GET, URL=/api/admin/auth/me, Has user? true, Has socket? true
[ActivityLogger] Success! Method=GET, URL=/api/admin/auth/me, Has user? true, Has socket? true
[ActivityLogger] Success! Method=GET, URL=/api/admin/auth/me, Has user? true, Has socket? true
[ActivityLogger] Success! Method=GET, URL=/api/admin/auth/me, Has user? true, Has socket? true
[ActivityLogger] Success! Method=GET, URL=/api/admin/badges, Has user? true, Has socket? true
[ActivityLogger] Success! Method=GET, URL=/api/admin/achievement, Has user? true, Has socket? true
[ActivityLogger] Success! Method=GET, URL=/api/admin/users?page=1&limit=1000&search=&role=&verified=&blocked=&sort=newest, Has user? true, Has socket? true
[ActivityLogger] Success! Method=GET, URL=/api/admin/badges, Has user? true, Has socket? true
[ActivityLogger] Success! Method=GET, URL=/api/admin/achievement, Has user? true, Has socket? true
[ActivityLogger] Success! Method=GET, URL=/api/admin/users?page=1&limit=1000&search=&role=&verified=&blocked=&sort=newest, Has user? true, Has socket? true
[ActivityLogger] Success! Method=GET, URL=/api/admin/auth/me, Has user? true, Has socket? true
[ActivityLogger] Success! Method=GET, URL=/api/admin/auth/me, Has user? true, Has socket? true
[ActivityLogger] Success! Method=GET, URL=/api/admin/auth/me, Has user? true, Has socket? true
[ActivityLogger] Success! Method=GET, URL=/api/admin/auth/me, Has user? true, Has socket? true
[ActivityLogger] Success! Method=GET, URL=/api/admin/badges, Has user? true, Has socket? true
[ActivityLogger] Success! Method=GET, URL=/api/admin/achievement, Has user? true, Has socket? true
[ActivityLogger] Success! Method=GET, URL=/api/admin/badges, Has user? true, Has socket? true
[ActivityLogger] Success! Method=GET, URL=/api/admin/users?page=1&limit=1000&search=&role=&verified=&blocked=&sort=newest, Has user? true, Has socket? true
[ActivityLogger] Success! Method=GET, URL=/api/admin/achievement, Has user? true, Has socket? true
[ActivityLogger] Success! Method=GET, URL=/api/admin/users?page=1&limit=1000&search=&role=&verified=&blocked=&sort=newest, Has user? true, Has socket? true
[ActivityLogger] Success! Method=GET, URL=/api/admin/rewards/dashboard, Has user? true, Has socket? true
[ActivityLogger] Success! Method=GET, URL=/api/admin/rewards/dashboard, Has user? true, Has socket? true
[ActivityLogger] Success! Method=GET, URL=/api/admin/rewards, Has user? true, Has socket? true
[ActivityLogger] Success! Method=GET, URL=/api/admin/rewards, Has user? true, Has socket? true
[ActivityLogger] Success! Method=GET, URL=/api/admin/rewards/6a74401171effdce40cc700c, Has user? true, Has socket? true
[ActivityLogger] Success! Method=GET, URL=/api/admin/rewards/6a74401171effdce40cc700c, Has user? true, Has socket? true
[ActivityLogger] Success! Method=GET, URL=/api/admin/rewards, Has user? true, Has socket? true
[ActivityLogger] Success! Method=GET, URL=/api/admin/rewards, Has user? true, Has socket? true
[ActivityLogger] Success! Method=GET, URL=/api/admin/rewards/6a74401171effdce40cc700c, Has user? true, Has socket? true
[ActivityLogger] Success! Method=GET, URL=/api/admin/rewards/6a74401171effdce40cc700c, Has user? true, Has socket? true
[ActivityLogger] Success! Method=GET, URL=/api/admin/rewards, Has user? true, Has socket? true
[ActivityLogger] Success! Method=GET, URL=/api/admin/rewards, Has user? true, Has socket? true
[ActivityLogger] Success! Method=GET, URL=/api/admin/badges, Has user? true, Has socket? true
[ActivityLogger] Success! Method=GET, URL=/api/admin/users?page=1&limit=1000&search=&role=&verified=&blocked=&sort=newest, Has user? true, Has socket? true
[ActivityLogger] Success! Method=GET, URL=/api/admin/achievement, Has user? true, Has socket? true
[ActivityLogger] Success! Method=GET, URL=/api/admin/badges, Has user? true, Has socket? true
[ActivityLogger] Success! Method=GET, URL=/api/admin/users?page=1&limit=1000&search=&role=&verified=&blocked=&sort=newest, Has user? true, Has socket? true
[ActivityLogger] Success! Method=GET, URL=/api/admin/achievement, Has user? true, Has socket? true
[ActivityLogger] Success! Method=GET, URL=/api/admin/rewards, Has user? true, Has socket? true
[ActivityLogger] Success! Method=GET, URL=/api/admin/rewards, Has user? true, Has socket? true
[ActivityLogger] Success! Method=GET, URL=/api/admin/rewards/6a74401171effdce40cc700c, Has user? true, Has socket? true
[ActivityLogger] Success! Method=GET, URL=/api/admin/rewards/6a74401171effdce40cc700c, Has user? true, Has socket? true
[ActivityLogger] Success! Method=GET, URL=/api/admin/rewards, Has user? true, Has socket? true
[ActivityLogger] Success! Method=GET, URL=/api/admin/rewards, Has user? true, Has socket? true
[ActivityLogger] Success! Method=GET, URL=/api/admin/badges, Has user? true, Has socket? true
[ActivityLogger] Success! Method=GET, URL=/api/admin/users?page=1&limit=1000&search=&role=&verified=&blocked=&sort=newest, Has user? true, Has socket? true
[ActivityLogger] Success! Method=GET, URL=/api/admin/achievement, Has user? true, Has socket? true
[ActivityLogger] Success! Method=GET, URL=/api/admin/badges, Has user? true, Has socket? true
[ActivityLogger] Success! Method=GET, URL=/api/admin/users?page=1&limit=1000&search=&role=&verified=&blocked=&sort=newest, Has user? true, Has socket? true
[ActivityLogger] Success! Method=GET, URL=/api/admin/achievement, Has user? true, Has socket? true
[ActivityLogger] Success! Method=GET, URL=/api/admin/rewards, Has user? true, Has socket? true
[ActivityLogger] Success! Method=GET, URL=/api/admin/rewards, Has user? true, Has socket? true
[ActivityLogger] Success! Method=GET, URL=/api/admin/badges, Has user? true, Has socket? true
[ActivityLogger] Success! Method=GET, URL=/api/admin/badges, Has user? true, Has socket? true
[ActivityLogger] Success! Method=GET, URL=/api/admin/analytics/resume, Has user? true, Has socket? true
[ActivityLogger] Success! Method=GET, URL=/api/admin/analytics/users, Has user? true, Has socket? true
[ActivityLogger] Success! Method=GET, URL=/api/admin/analytics/coding, Has user? true, Has socket? true
[ActivityLogger] Success! Method=GET, URL=/api/admin/analytics/resume, Has user? true, Has socket? true
[ActivityLogger] Success! Method=GET, URL=/api/admin/analytics/interviews, Has user? true, Has socket? true
[ActivityLogger] Success! Method=GET, URL=/api/admin/analytics/users, Has user? true, Has socket? true
[ActivityLogger] Success! Method=GET, URL=/api/admin/analytics/coding, Has user? true, Has socket? true
[ActivityLogger] Success! Method=GET, URL=/api/admin/analytics/dashboard, Has user? true, Has socket? true
[ActivityLogger] Success! Method=GET, URL=/api/admin/analytics/interviews, Has user? true, Has socket? true
[ActivityLogger] Success! Method=GET, URL=/api/admin/analytics/dashboard, Has user? true, Has socket? true
[ActivityLogger] Success! Method=POST, URL=/api/admin/auth/login, Has user? false, Has socket? true
[ActivityLogger] Success! Method=GET, URL=/api/admin/auth/dashboard, Has user? true, Has socket? true
[ActivityLogger] Success! Method=GET, URL=/api/admin/auth/dashboard, Has user? true, Has socket? true
[ActivityLogger] Success! Method=GET, URL=/api/admin/rewards/dashboard, Has user? true, Has socket? true
[ActivityLogger] Success! Method=GET, URL=/api/admin/rewards/dashboard, Has user? true, Has socket? true
[ActivityLogger] Success! Method=GET, URL=/api/admin/rewards, Has user? true, Has socket? true
[ActivityLogger] Success! Method=GET, URL=/api/admin/rewards, Has user? true, Has socket? true
[ActivityLogger] Success! Method=GET, URL=/api/admin/rewards/6a74401171effdce40cc700c, Has user? true, Has socket? true
[ActivityLogger] Success! Method=GET, URL=/api/admin/rewards/6a74401171effdce40cc700c, Has user? true, Has socket? true
[ActivityLogger] Success! Method=GET, URL=/api/admin/rewards, Has user? true, Has socket? true
[ActivityLogger] Success! Method=GET, URL=/api/admin/rewards, Has user? true, Has socket? true
[ActivityLogger] Success! Method=GET, URL=/api/admin/auth/me, Has user? true, Has socket? true
[ActivityLogger] Success! Method=GET, URL=/api/admin/auth/me, Has user? true, Has socket? true
[ActivityLogger] Success! Method=GET, URL=/api/admin/rewards, Has user? true, Has socket? true
[ActivityLogger] Success! Method=GET, URL=/api/admin/rewards, Has user? true, Has socket? true
[ActivityLogger] Success! Method=GET, URL=/api/admin/rewards/6a74401171effdce40cc700c, Has user? true, Has socket? true
[ActivityLogger] Success! Method=GET, URL=/api/admin/rewards/6a74401171effdce40cc700c, Has user? true, Has socket? true
[ActivityLogger] Success! Method=GET, URL=/api/admin/rewards, Has user? true, Has socket? true
[ActivityLogger] Success! Method=GET, URL=/api/admin/rewards, Has user? true, Has socket? true
[ActivityLogger] Success! Method=POST, URL=/api/admin/auth/logout, Has user? true, Has socket? true
[ActivityLogger] Success! Method=POST, URL=/api/admin/auth/login, Has user? false, Has socket? true
[ActivityLogger] Success! Method=GET, URL=/api/admin/auth/dashboard, Has user? true, Has socket? true
[ActivityLogger] Success! Method=GET, URL=/api/admin/auth/dashboard, Has user? true, Has socket? true
[ActivityLogger] Success! Method=GET, URL=/api/admin/users?page=1&limit=10&search=&role=&verified=&blocked=&sort=newest, Has user? true, Has socket? true
[ActivityLogger] Success! Method=GET, URL=/api/admin/users/stats, Has user? true, Has socket? true
[ActivityLogger] Success! Method=GET, URL=/api/admin/users?page=1&limit=10&search=&role=&verified=&blocked=&sort=newest, Has user? true, Has socket? true
[ActivityLogger] Success! Method=GET, URL=/api/admin/users/stats, Has user? true, Has socket? true
[ActivityLogger] Success! Method=GET, URL=/api/admin/interviews/stats, Has user? true, Has socket? true
[ActivityLogger] Success! Method=GET, URL=/api/admin/interviews?page=1&search=&status=&experience=&limit=10, Has user? true, Has socket? true
[ActivityLogger] Success! Method=GET, URL=/api/admin/interviews/stats, Has user? true, Has socket? true
[ActivityLogger] Success! Method=GET, URL=/api/admin/interviews?page=1&search=&status=&experience=&limit=10, Has user? true, Has socket? true
[ActivityLogger] Success! Method=GET, URL=/api/admin/coding?page=1&search=&difficulty=&status=, Has user? true, Has socket? true
[ActivityLogger] Success! Method=GET, URL=/api/admin/coding?page=1&search=&difficulty=&status=, Has user? true, Has socket? true
[ActivityLogger] Success! Method=GET, URL=/api/admin/tests, Has user? true, Has socket? true
[ActivityLogger] Success! Method=GET, URL=/api/admin/tests, Has user? true, Has socket? true
[ActivityLogger] Success! Method=GET, URL=/api/admin/questions/topics, Has user? true, Has socket? true
[ActivityLogger] Success! Method=GET, URL=/api/admin/questions/companies, Has user? true, Has socket? true
[ActivityLogger] Success! Method=GET, URL=/api/admin/questions/topics, Has user? true, Has socket? true
[ActivityLogger] Success! Method=GET, URL=/api/admin/questions/companies, Has user? true, Has socket? true
[ActivityLogger] Success! Method=GET, URL=/api/admin/questions?search=&topic=&company=&difficulty=&page=1, Has user? true, Has socket? true
[ActivityLogger] Success! Method=GET, URL=/api/admin/questions?search=&topic=&company=&difficulty=&page=1, Has user? true, Has socket? true
[ActivityLogger] Success! Method=GET, URL=/api/admin/auth/dashboard, Has user? true, Has socket? true
[ActivityLogger] Success! Method=GET, URL=/api/admin/auth/dashboard, Has user? true, Has socket? true
[ActivityLogger] Success! Method=GET, URL=/api/admin/users?page=1&limit=10&search=&role=&verified=&blocked=&sort=newest, Has user? true, Has socket? true
[ActivityLogger] Success! Method=GET, URL=/api/admin/users/stats, Has user? true, Has socket? true
[ActivityLogger] Success! Method=GET, URL=/api/admin/users?page=1&limit=10&search=&role=&verified=&blocked=&sort=newest, Has user? true, Has socket? true
[ActivityLogger] Success! Method=GET, URL=/api/admin/users/stats, Has user? true, Has socket? true
[ActivityLogger] Success! Method=GET, URL=/api/admin/auth/dashboard, Has user? true, Has socket? true
[ActivityLogger] Success! Method=GET, URL=/api/admin/auth/dashboard, Has user? true, Has socket? true
[ActivityLogger] Success! Method=GET, URL=/api/admin/rewards/dashboard, Has user? true, Has socket? true
[ActivityLogger] Success! Method=GET, URL=/api/admin/rewards/dashboard, Has user? true, Has socket? true
[ActivityLogger] Success! Method=GET, URL=/api/admin/auth/me, Has user? true, Has socket? true
[ActivityLogger] Success! Method=GET, URL=/api/admin/auth/me, Has user? true, Has socket? true
[ActivityLogger] Success! Method=GET, URL=/api/admin/rewards/dashboard, Has user? true, Has socket? true
[ActivityLogger] Success! Method=GET, URL=/api/admin/rewards/dashboard, Has user? true, Has socket? true
[ActivityLogger] Success! Method=GET, URL=/api/admin/badges, Has user? true, Has socket? true
[ActivityLogger] Success! Method=GET, URL=/api/admin/achievement, Has user? true, Has socket? true
[ActivityLogger] Success! Method=GET, URL=/api/admin/users?page=1&limit=1000&search=&role=&verified=&blocked=&sort=newest, Has user? true, Has socket? true
[ActivityLogger] Success! Method=GET, URL=/api/admin/badges, Has user? true, Has socket? true
[ActivityLogger] Success! Method=GET, URL=/api/admin/achievement, Has user? true, Has socket? true
[ActivityLogger] Success! Method=GET, URL=/api/admin/users?page=1&limit=1000&search=&role=&verified=&blocked=&sort=newest, Has user? true, Has socket? true
[ActivityLogger] Success! Method=GET, URL=/api/admin/rewards/dashboard, Has user? true, Has socket? true
[ActivityLogger] Success! Method=GET, URL=/api/admin/rewards/dashboard, Has user? true, Has socket? true
[ActivityLogger] Success! Method=GET, URL=/api/admin/badges, Has user? true, Has socket? true
[ActivityLogger] Success! Method=GET, URL=/api/admin/badges, Has user? true, Has socket? true
[ActivityLogger] Success! Method=GET, URL=/api/admin/analytics/resume, Has user? true, Has socket? true
[ActivityLogger] Success! Method=GET, URL=/api/admin/analytics/users, Has user? true, Has socket? true
[ActivityLogger] Success! Method=GET, URL=/api/admin/analytics/coding, Has user? true, Has socket? true
[ActivityLogger] Success! Method=GET, URL=/api/admin/analytics/resume, Has user? true, Has socket? true
[ActivityLogger] Success! Method=GET, URL=/api/admin/analytics/interviews, Has user? true, Has socket? true
[ActivityLogger] Success! Method=GET, URL=/api/admin/analytics/coding, Has user? true, Has socket? true
[ActivityLogger] Success! Method=GET, URL=/api/admin/analytics/users, Has user? true, Has socket? true
[ActivityLogger] Success! Method=GET, URL=/api/admin/analytics/dashboard, Has user? true, Has socket? true
[ActivityLogger] Success! Method=GET, URL=/api/admin/analytics/interviews, Has user? true, Has socket? true
[ActivityLogger] Success! Method=GET, URL=/api/admin/analytics/dashboard, Has user? true, Has socket? true
[ActivityLogger] Success! Method=GET, URL=/api/admin/rewards/dashboard, Has user? true, Has socket? true
[ActivityLogger] Success! Method=GET, URL=/api/admin/rewards/dashboard, Has user? true, Has socket? true
[ActivityLogger] Success! Method=GET, URL=/api/admin/rewards, Has user? true, Has socket? true
[ActivityLogger] Success! Method=GET, URL=/api/admin/rewards, Has user? true, Has socket? true
[ActivityLogger] Success! Method=GET, URL=/api/admin/badges, Has user? true, Has socket? true
[ActivityLogger] Success! Method=GET, URL=/api/admin/achievement, Has user? true, Has socket? true
[ActivityLogger] Success! Method=GET, URL=/api/admin/users?page=1&limit=1000&search=&role=&verified=&blocked=&sort=newest, Has user? true, Has socket? true
[ActivityLogger] Success! Method=GET, URL=/api/admin/badges, Has user? true, Has socket? true
[ActivityLogger] Success! Method=GET, URL=/api/admin/users?page=1&limit=1000&search=&role=&verified=&blocked=&sort=newest, Has user? true, Has socket? true
[ActivityLogger] Success! Method=GET, URL=/api/admin/achievement, Has user? true, Has socket? true
[ActivityLogger] Success! Method=GET, URL=/api/admin/rewards, Has user? true, Has socket? true
[ActivityLogger] Success! Method=GET, URL=/api/admin/rewards, Has user? true, Has socket? true
[ActivityLogger] Success! Method=GET, URL=/api/admin/rewards/6a74401171effdce40cc700c, Has user? true, Has socket? true
[ActivityLogger] Success! Method=GET, URL=/api/admin/rewards/6a74401171effdce40cc700c, Has user? true, Has socket? true
[ActivityLogger] Success! Method=GET, URL=/api/admin/rewards, Has user? true, Has socket? true
[ActivityLogger] Success! Method=GET, URL=/api/admin/rewards, Has user? true, Has socket? true
[ActivityLogger] Success! Method=GET, URL=/api/admin/achievement?page=1&limit=10&search=&category=&status=, Has user? true, Has socket? true
[ActivityLogger] Success! Method=GET, URL=/api/admin/achievement?page=1&limit=10&search=&category=&status=, Has user? true, Has socket? true
[ActivityLogger] Success! Method=GET, URL=/api/admin/badges, Has user? true, Has socket? true
[ActivityLogger] Success! Method=GET, URL=/api/admin/badges, Has user? true, Has socket? true
[ActivityLogger] Success! Method=GET, URL=/api/admin/rewards/dashboard, Has user? true, Has socket? true
[ActivityLogger] Success! Method=GET, URL=/api/admin/rewards/dashboard, Has user? true, Has socket? true
[ActivityLogger] Success! Method=GET, URL=/api/admin/analytics/resume, Has user? true, Has socket? true
[ActivityLogger] Success! Method=GET, URL=/api/admin/analytics/users, Has user? true, Has socket? true
[ActivityLogger] Success! Method=GET, URL=/api/admin/analytics/resume, Has user? true, Has socket? true
[ActivityLogger] Success! Method=GET, URL=/api/admin/analytics/coding, Has user? true, Has socket? true
[ActivityLogger] Success! Method=GET, URL=/api/admin/analytics/interviews, Has user? true, Has socket? true
[ActivityLogger] Success! Method=GET, URL=/api/admin/analytics/users, Has user? true, Has socket? true
[ActivityLogger] Success! Method=GET, URL=/api/admin/analytics/coding, Has user? true, Has socket? true
[ActivityLogger] Success! Method=GET, URL=/api/admin/analytics/interviews, Has user? true, Has socket? true
[ActivityLogger] Success! Method=GET, URL=/api/admin/analytics/dashboard, Has user? true, Has socket? true
[ActivityLogger] Success! Method=GET, URL=/api/admin/analytics/dashboard, Has user? true, Has socket? true
[ActivityLogger] Success! Method=GET, URL=/api/admin/auth/me, Has user? true, Has socket? true
[ActivityLogger] Success! Method=GET, URL=/api/admin/auth/me, Has user? true, Has socket? true
[ActivityLogger] Success! Method=GET, URL=/api/admin/analytics/resume, Has user? true, Has socket? true
[ActivityLogger] Success! Method=GET, URL=/api/admin/analytics/users, Has user? true, Has socket? true
[ActivityLogger] Success! Method=GET, URL=/api/admin/analytics/resume, Has user? true, Has socket? true
[ActivityLogger] Success! Method=GET, URL=/api/admin/analytics/coding, Has user? true, Has socket? true
[ActivityLogger] Success! Method=GET, URL=/api/admin/analytics/interviews, Has user? true, Has socket? true
[ActivityLogger] Success! Method=GET, URL=/api/admin/analytics/users, Has user? true, Has socket? true
[ActivityLogger] Success! Method=GET, URL=/api/admin/analytics/coding, Has user? true, Has socket? true
[ActivityLogger] Success! Method=GET, URL=/api/admin/analytics/dashboard, Has user? true, Has socket? true
[ActivityLogger] Success! Method=GET, URL=/api/admin/analytics/interviews, Has user? true, Has socket? true
[ActivityLogger] Success! Method=GET, URL=/api/admin/analytics/dashboard, Has user? true, Has socket? true
[ActivityLogger] Success! Method=GET, URL=/api/admin/auth/me, Has user? true, Has socket? true
[ActivityLogger] Success! Method=GET, URL=/api/admin/auth/me, Has user? true, Has socket? true
[ActivityLogger] Success! Method=GET, URL=/api/admin/analytics/resume, Has user? true, Has socket? true
[ActivityLogger] Success! Method=GET, URL=/api/admin/analytics/users, Has user? true, Has socket? true
[ActivityLogger] Success! Method=GET, URL=/api/admin/analytics/coding, Has user? true, Has socket? true
[ActivityLogger] Success! Method=GET, URL=/api/admin/analytics/resume, Has user? true, Has socket? true
[ActivityLogger] Success! Method=GET, URL=/api/admin/analytics/interviews, Has user? true, Has socket? true
[ActivityLogger] Success! Method=GET, URL=/api/admin/analytics/coding, Has user? true, Has socket? true
[ActivityLogger] Success! Method=GET, URL=/api/admin/analytics/users, Has user? true, Has socket? true
[ActivityLogger] Success! Method=GET, URL=/api/admin/analytics/dashboard, Has user? true, Has socket? true
[ActivityLogger] Success! Method=GET, URL=/api/admin/analytics/interviews, Has user? true, Has socket? true
[ActivityLogger] Success! Method=GET, URL=/api/admin/analytics/dashboard, Has user? true, Has socket? true
[ActivityLogger] Success! Method=GET, URL=/api/admin/auth/me, Has user? true, Has socket? true
[ActivityLogger] Success! Method=GET, URL=/api/admin/auth/me, Has user? true, Has socket? true
[ActivityLogger] Success! Method=GET, URL=/api/admin/auth/me, Has user? true, Has socket? true
[ActivityLogger] Success! Method=GET, URL=/api/admin/auth/me, Has user? true, Has socket? true
[ActivityLogger] Success! Method=GET, URL=/api/admin/auth/me, Has user? true, Has socket? true
[ActivityLogger] Success! Method=GET, URL=/api/admin/auth/me, Has user? true, Has socket? true
[ActivityLogger] Success! Method=GET, URL=/api/admin/auth/me, Has user? true, Has socket? true
[ActivityLogger] Success! Method=GET, URL=/api/admin/auth/me, Has user? true, Has socket? true
[ActivityLogger] Success! Method=GET, URL=/api/admin/analytics/resume, Has user? true, Has socket? true
[ActivityLogger] Success! Method=GET, URL=/api/admin/analytics/resume, Has user? true, Has socket? true
[ActivityLogger] Success! Method=GET, URL=/api/admin/analytics/coding, Has user? true, Has socket? true
[ActivityLogger] Success! Method=GET, URL=/api/admin/analytics/users, Has user? true, Has socket? true
[ActivityLogger] Success! Method=GET, URL=/api/admin/analytics/interviews, Has user? true, Has socket? true
[ActivityLogger] Success! Method=GET, URL=/api/admin/analytics/users, Has user? true, Has socket? true
[ActivityLogger] Success! Method=GET, URL=/api/admin/analytics/coding, Has user? true, Has socket? true
[ActivityLogger] Success! Method=GET, URL=/api/admin/analytics/dashboard, Has user? true, Has socket? true
[ActivityLogger] Success! Method=GET, URL=/api/admin/analytics/interviews, Has user? true, Has socket? true
[ActivityLogger] Success! Method=GET, URL=/api/admin/analytics/dashboard, Has user? true, Has socket? true
[ActivityLogger] Success! Method=GET, URL=/api/admin/auth/me, Has user? true, Has socket? true
[ActivityLogger] Success! Method=GET, URL=/api/admin/auth/me, Has user? true, Has socket? true
[ActivityLogger] Success! Method=GET, URL=/api/admin/analytics/resume, Has user? true, Has socket? true
[ActivityLogger] Success! Method=GET, URL=/api/admin/analytics/users, Has user? true, Has socket? true
[ActivityLogger] Success! Method=GET, URL=/api/admin/analytics/resume, Has user? true, Has socket? true
[ActivityLogger] Success! Method=GET, URL=/api/admin/analytics/coding, Has user? true, Has socket? true
[ActivityLogger] Success! Method=GET, URL=/api/admin/analytics/interviews, Has user? true, Has socket? true
[ActivityLogger] Success! Method=GET, URL=/api/admin/analytics/coding, Has user? true, Has socket? true
[ActivityLogger] Success! Method=GET, URL=/api/admin/analytics/users, Has user? true, Has socket? true
[ActivityLogger] Success! Method=GET, URL=/api/admin/analytics/dashboard, Has user? true, Has socket? true
[ActivityLogger] Success! Method=GET, URL=/api/admin/analytics/interviews, Has user? true, Has socket? true
[ActivityLogger] Success! Method=GET, URL=/api/admin/analytics/dashboard, Has user? true, Has socket? true
[ActivityLogger] Success! Method=GET, URL=/api/admin/auth/me, Has user? true, Has socket? true
[ActivityLogger] Success! Method=GET, URL=/api/admin/auth/me, Has user? true, Has socket? true
[ActivityLogger] Success! Method=GET, URL=/api/admin/rewards/dashboard, Has user? true, Has socket? true
[ActivityLogger] Success! Method=GET, URL=/api/admin/rewards/dashboard, Has user? true, Has socket? true
[ActivityLogger] Success! Method=GET, URL=/api/admin/analytics/resume, Has user? true, Has socket? true
[ActivityLogger] Success! Method=GET, URL=/api/admin/analytics/resume, Has user? true, Has socket? true
[ActivityLogger] Success! Method=GET, URL=/api/admin/analytics/coding, Has user? true, Has socket? true
[ActivityLogger] Success! Method=GET, URL=/api/admin/analytics/users, Has user? true, Has socket? true
[ActivityLogger] Success! Method=GET, URL=/api/admin/analytics/interviews, Has user? true, Has socket? true
[ActivityLogger] Success! Method=GET, URL=/api/admin/analytics/users, Has user? true, Has socket? true
[ActivityLogger] Success! Method=GET, URL=/api/admin/analytics/coding, Has user? true, Has socket? true
[ActivityLogger] Success! Method=GET, URL=/api/admin/analytics/dashboard, Has user? true, Has socket? true
[ActivityLogger] Success! Method=GET, URL=/api/admin/analytics/interviews, Has user? true, Has socket? true
[ActivityLogger] Success! Method=GET, URL=/api/admin/analytics/dashboard, Has user? true, Has socket? true
[ActivityLogger] Success! Method=GET, URL=/api/admin/auth/me, Has user? true, Has socket? true
[ActivityLogger] Success! Method=GET, URL=/api/admin/auth/me, Has user? true, Has socket? true
[ActivityLogger] Success! Method=GET, URL=/api/admin/analytics/resume, Has user? true, Has socket? true
[ActivityLogger] Success! Method=GET, URL=/api/admin/analytics/resume, Has user? true, Has socket? true
[ActivityLogger] Success! Method=GET, URL=/api/admin/analytics/coding, Has user? true, Has socket? true
[ActivityLogger] Success! Method=GET, URL=/api/admin/analytics/users, Has user? true, Has socket? true
[ActivityLogger] Success! Method=GET, URL=/api/admin/analytics/interviews, Has user? true, Has socket? true
[ActivityLogger] Success! Method=GET, URL=/api/admin/analytics/coding, Has user? true, Has socket? true
[ActivityLogger] Success! Method=GET, URL=/api/admin/analytics/dashboard, Has user? true, Has socket? true
[ActivityLogger] Success! Method=GET, URL=/api/admin/analytics/users, Has user? true, Has socket? true
[ActivityLogger] Success! Method=GET, URL=/api/admin/analytics/interviews, Has user? true, Has socket? true
[ActivityLogger] Success! Method=GET, URL=/api/admin/analytics/dashboard, Has user? true, Has socket? true
[ActivityLogger] Success! Method=GET, URL=/api/admin/rewards/dashboard, Has user? true, Has socket? true
[ActivityLogger] Success! Method=GET, URL=/api/admin/rewards/dashboard, Has user? true, Has socket? true
[ActivityLogger] Success! Method=GET, URL=/api/admin/analytics/resume, Has user? true, Has socket? true
[ActivityLogger] Success! Method=GET, URL=/api/admin/analytics/resume, Has user? true, Has socket? true
[ActivityLogger] Success! Method=GET, URL=/api/admin/analytics/users, Has user? true, Has socket? true
[ActivityLogger] Success! Method=GET, URL=/api/admin/analytics/coding, Has user? true, Has socket? true
[ActivityLogger] Success! Method=GET, URL=/api/admin/analytics/interviews, Has user? true, Has socket? true
[ActivityLogger] Success! Method=GET, URL=/api/admin/analytics/users, Has user? true, Has socket? true
[ActivityLogger] Success! Method=GET, URL=/api/admin/analytics/coding, Has user? true, Has socket? true
[ActivityLogger] Success! Method=GET, URL=/api/admin/analytics/dashboard, Has user? true, Has socket? true
[ActivityLogger] Success! Method=GET, URL=/api/admin/analytics/interviews, Has user? true, Has socket? true
[ActivityLogger] Success! Method=GET, URL=/api/admin/analytics/dashboard, Has user? true, Has socket? true
[ActivityLogger] Success! Method=GET, URL=/api/admin/rewards/dashboard, Has user? true, Has socket? true
[ActivityLogger] Success! Method=GET, URL=/api/admin/rewards/dashboard, Has user? true, Has socket? true
[ActivityLogger] Success! Method=GET, URL=/api/admin/analytics/resume, Has user? true, Has socket? true
[ActivityLogger] Success! Method=GET, URL=/api/admin/analytics/coding, Has user? true, Has socket? true
[ActivityLogger] Success! Method=GET, URL=/api/admin/analytics/resume, Has user? true, Has socket? true
[ActivityLogger] Success! Method=GET, URL=/api/admin/analytics/users, Has user? true, Has socket? true
[ActivityLogger] Success! Method=GET, URL=/api/admin/analytics/interviews, Has user? true, Has socket? true
[ActivityLogger] Success! Method=GET, URL=/api/admin/analytics/coding, Has user? true, Has socket? true
[ActivityLogger] Success! Method=GET, URL=/api/admin/analytics/dashboard, Has user? true, Has socket? true
[ActivityLogger] Success! Method=GET, URL=/api/admin/analytics/users, Has user? true, Has socket? true
[ActivityLogger] Success! Method=GET, URL=/api/admin/analytics/interviews, Has user? true, Has socket? true
[ActivityLogger] Success! Method=GET, URL=/api/admin/analytics/dashboard, Has user? true, Has socket? true
[ActivityLogger] Success! Method=GET, URL=/api/admin/rewards/dashboard, Has user? true, Has socket? true
[ActivityLogger] Success! Method=GET, URL=/api/admin/rewards/dashboard, Has user? true, Has socket? true
[ActivityLogger] Success! Method=POST, URL=/api/admin/auth/login, Has user? false, Has socket? true
[ActivityLogger] Success! Method=GET, URL=/api/admin/auth/dashboard, Has user? true, Has socket? true
[ActivityLogger] Success! Method=GET, URL=/api/admin/auth/dashboard, Has user? true, Has socket? true
[ActivityLogger] Success! Method=GET, URL=/api/admin/analytics/resume, Has user? true, Has socket? true
[ActivityLogger] Success! Method=GET, URL=/api/admin/analytics/coding, Has user? true, Has socket? true
[ActivityLogger] Success! Method=GET, URL=/api/admin/analytics/users, Has user? true, Has socket? true
[ActivityLogger] Success! Method=GET, URL=/api/admin/analytics/resume, Has user? true, Has socket? true
[ActivityLogger] Success! Method=GET, URL=/api/admin/analytics/interviews, Has user? true, Has socket? true
[ActivityLogger] Success! Method=GET, URL=/api/admin/analytics/coding, Has user? true, Has socket? true
[ActivityLogger] Success! Method=GET, URL=/api/admin/analytics/users, Has user? true, Has socket? true
[ActivityLogger] Success! Method=GET, URL=/api/admin/analytics/dashboard, Has user? true, Has socket? true
[ActivityLogger] Success! Method=GET, URL=/api/admin/analytics/interviews, Has user? true, Has socket? true
[ActivityLogger] Success! Method=GET, URL=/api/admin/analytics/dashboard, Has user? true, Has socket? true
[ActivityLogger] Success! Method=GET, URL=/api/admin/badges, Has user? true, Has socket? true
[ActivityLogger] Success! Method=GET, URL=/api/admin/badges, Has user? true, Has socket? true
[ActivityLogger] Success! Method=GET, URL=/api/admin/auth/me, Has user? true, Has socket? true
[ActivityLogger] Success! Method=GET, URL=/api/admin/auth/me, Has user? true, Has socket? true
[ActivityLogger] Success! Method=GET, URL=/api/admin/auth/me, Has user? true, Has socket? true
[ActivityLogger] Success! Method=GET, URL=/api/admin/auth/me, Has user? true, Has socket? true
[ActivityLogger] Success! Method=GET, URL=/api/admin/auth/me, Has user? true, Has socket? true
[ActivityLogger] Success! Method=GET, URL=/api/admin/auth/me, Has user? true, Has socket? true
[ActivityLogger] Success! Method=GET, URL=/api/admin/badges, Has user? true, Has socket? true
[ActivityLogger] Success! Method=GET, URL=/api/admin/badges, Has user? true, Has socket? true
[ActivityLogger] Success! Method=GET, URL=/api/admin/analytics/resume, Has user? true, Has socket? true
[ActivityLogger] Success! Method=GET, URL=/api/admin/analytics/coding, Has user? true, Has socket? true
[ActivityLogger] Success! Method=GET, URL=/api/admin/analytics/users, Has user? true, Has socket? true
[ActivityLogger] Success! Method=GET, URL=/api/admin/analytics/resume, Has user? true, Has socket? true
[ActivityLogger] Success! Method=GET, URL=/api/admin/analytics/interviews, Has user? true, Has socket? true
[ActivityLogger] Success! Method=GET, URL=/api/admin/analytics/coding, Has user? true, Has socket? true
[ActivityLogger] Success! Method=GET, URL=/api/admin/analytics/users, Has user? true, Has socket? true
[ActivityLogger] Success! Method=GET, URL=/api/admin/analytics/dashboard, Has user? true, Has socket? true
[ActivityLogger] Success! Method=GET, URL=/api/admin/analytics/interviews, Has user? true, Has socket? true
[ActivityLogger] Success! Method=GET, URL=/api/admin/analytics/dashboard, Has user? true, Has socket? true
[ActivityLogger] Success! Method=GET, URL=/api/admin/rewards/dashboard, Has user? true, Has socket? true
[ActivityLogger] Success! Method=GET, URL=/api/admin/rewards/dashboard, Has user? true, Has socket? true
[ActivityLogger] Success! Method=GET, URL=/api/admin/badges, Has user? true, Has socket? true
[ActivityLogger] Success! Method=GET, URL=/api/admin/badges, Has user? true, Has socket? true
[ActivityLogger] Success! Method=GET, URL=/api/admin/auth/me, Has user? true, Has socket? true
[ActivityLogger] Success! Method=GET, URL=/api/admin/auth/me, Has user? true, Has socket? true
[ActivityLogger] Success! Method=GET, URL=/api/admin/badges, Has user? true, Has socket? true
[ActivityLogger] Success! Method=GET, URL=/api/admin/badges, Has user? true, Has socket? true
[ActivityLogger] Success! Method=POST, URL=/api/admin/badges, Has user? true, Has socket? true
[ActivityLogger] Success! Method=GET, URL=/api/admin/badges, Has user? true, Has socket? true
[ActivityLogger] Success! Method=GET, URL=/api/admin/auth/me, Has user? true, Has socket? true
[ActivityLogger] Success! Method=GET, URL=/api/admin/auth/me, Has user? true, Has socket? true
[ActivityLogger] Success! Method=GET, URL=/api/admin/badges, Has user? true, Has socket? true
[ActivityLogger] Success! Method=GET, URL=/api/admin/badges, Has user? true, Has socket? true
[ActivityLogger] Success! Method=GET, URL=/api/admin/auth/me, Has user? true, Has socket? true
[ActivityLogger] Success! Method=GET, URL=/api/admin/auth/me, Has user? true, Has socket? true
[ActivityLogger] Success! Method=GET, URL=/api/admin/badges, Has user? true, Has socket? true
[ActivityLogger] Success! Method=GET, URL=/api/admin/badges, Has user? true, Has socket? true
[ActivityLogger] Success! Method=GET, URL=/api/admin/questions/topics, Has user? true, Has socket? true
[ActivityLogger] Success! Method=GET, URL=/api/admin/questions/topics, Has user? true, Has socket? true
[ActivityLogger] Success! Method=GET, URL=/api/admin/analytics/resume, Has user? true, Has socket? true
[ActivityLogger] Success! Method=GET, URL=/api/admin/analytics/coding, Has user? true, Has socket? true
[ActivityLogger] Success! Method=GET, URL=/api/admin/analytics/users, Has user? true, Has socket? true
[ActivityLogger] Success! Method=GET, URL=/api/admin/analytics/resume, Has user? true, Has socket? true
[ActivityLogger] Success! Method=GET, URL=/api/admin/analytics/interviews, Has user? true, Has socket? true
[ActivityLogger] Success! Method=GET, URL=/api/admin/analytics/users, Has user? true, Has socket? true
[ActivityLogger] Success! Method=GET, URL=/api/admin/analytics/coding, Has user? true, Has socket? true
[ActivityLogger] Success! Method=GET, URL=/api/admin/analytics/dashboard, Has user? true, Has socket? true
[ActivityLogger] Success! Method=GET, URL=/api/admin/analytics/interviews, Has user? true, Has socket? true
[ActivityLogger] Success! Method=GET, URL=/api/admin/analytics/dashboard, Has user? true, Has socket? true
[ActivityLogger] Success! Method=GET, URL=/api/admin/badges, Has user? true, Has socket? true
[ActivityLogger] Success! Method=GET, URL=/api/admin/badges, Has user? true, Has socket? true
[ActivityLogger] Success! Method=GET, URL=/api/admin/rewards/dashboard, Has user? true, Has socket? true
[ActivityLogger] Success! Method=GET, URL=/api/admin/rewards/dashboard, Has user? true, Has socket? true
[ActivityLogger] Success! Method=GET, URL=/api/admin/analytics/resume, Has user? true, Has socket? true
[ActivityLogger] Success! Method=GET, URL=/api/admin/analytics/users, Has user? true, Has socket? true
[ActivityLogger] Success! Method=GET, URL=/api/admin/analytics/coding, Has user? true, Has socket? true
[ActivityLogger] Success! Method=GET, URL=/api/admin/analytics/resume, Has user? true, Has socket? true
[ActivityLogger] Success! Method=GET, URL=/api/admin/analytics/interviews, Has user? true, Has socket? true
[ActivityLogger] Success! Method=GET, URL=/api/admin/analytics/users, Has user? true, Has socket? true
[ActivityLogger] Success! Method=GET, URL=/api/admin/analytics/coding, Has user? true, Has socket? true
[ActivityLogger] Success! Method=GET, URL=/api/admin/analytics/dashboard, Has user? true, Has socket? true
[ActivityLogger] Success! Method=GET, URL=/api/admin/analytics/interviews, Has user? true, Has socket? true
[ActivityLogger] Success! Method=GET, URL=/api/admin/analytics/dashboard, Has user? true, Has socket? true
[ActivityLogger] Success! Method=GET, URL=/api/admin/badges, Has user? true, Has socket? true
[ActivityLogger] Success! Method=GET, URL=/api/admin/badges, Has user? true, Has socket? true
[ActivityLogger] Success! Method=GET, URL=/api/admin/analytics/resume, Has user? true, Has socket? true
[ActivityLogger] Success! Method=GET, URL=/api/admin/analytics/coding, Has user? true, Has socket? true
[ActivityLogger] Success! Method=GET, URL=/api/admin/analytics/resume, Has user? true, Has socket? true
[ActivityLogger] Success! Method=GET, URL=/api/admin/analytics/users, Has user? true, Has socket? true
[ActivityLogger] Success! Method=GET, URL=/api/admin/analytics/interviews, Has user? true, Has socket? true
[ActivityLogger] Success! Method=GET, URL=/api/admin/analytics/coding, Has user? true, Has socket? true
[ActivityLogger] Success! Method=GET, URL=/api/admin/analytics/users, Has user? true, Has socket? true
[ActivityLogger] Success! Method=GET, URL=/api/admin/analytics/dashboard, Has user? true, Has socket? true
[ActivityLogger] Success! Method=GET, URL=/api/admin/analytics/interviews, Has user? true, Has socket? true
[ActivityLogger] Success! Method=GET, URL=/api/admin/analytics/dashboard, Has user? true, Has socket? true
[ActivityLogger] Success! Method=GET, URL=/api/admin/badges, Has user? true, Has socket? true
[ActivityLogger] Success! Method=GET, URL=/api/admin/badges, Has user? true, Has socket? true
[ActivityLogger] Success! Method=GET, URL=/api/admin/auth/dashboard, Has user? true, Has socket? true
[ActivityLogger] Success! Method=GET, URL=/api/admin/auth/dashboard, Has user? true, Has socket? true
[ActivityLogger] Success! Method=GET, URL=/api/admin/users?page=1&limit=10&search=&role=&verified=&blocked=&sort=newest, Has user? true, Has socket? true
[ActivityLogger] Success! Method=GET, URL=/api/admin/users/stats, Has user? true, Has socket? true
[ActivityLogger] Success! Method=GET, URL=/api/admin/users?page=1&limit=10&search=&role=&verified=&blocked=&sort=newest, Has user? true, Has socket? true
[ActivityLogger] Success! Method=GET, URL=/api/admin/users/stats, Has user? true, Has socket? true
[ActivityLogger] Success! Method=GET, URL=/api/admin/interviews/stats, Has user? true, Has socket? true
[ActivityLogger] Success! Method=GET, URL=/api/admin/interviews?page=1&search=&status=&experience=&limit=10, Has user? true, Has socket? true
[ActivityLogger] Success! Method=GET, URL=/api/admin/interviews/stats, Has user? true, Has socket? true
[ActivityLogger] Success! Method=GET, URL=/api/admin/interviews?page=1&search=&status=&experience=&limit=10, Has user? true, Has socket? true
[ActivityLogger] Success! Method=GET, URL=/api/admin/coding?page=1&search=&difficulty=&status=, Has user? true, Has socket? true
[ActivityLogger] Success! Method=GET, URL=/api/admin/coding?page=1&search=&difficulty=&status=, Has user? true, Has socket? true
[ActivityLogger] Success! Method=GET, URL=/api/admin/questions/companies, Has user? true, Has socket? true
[ActivityLogger] Success! Method=GET, URL=/api/admin/questions/topics, Has user? true, Has socket? true
[ActivityLogger] Success! Method=GET, URL=/api/admin/questions/topics, Has user? true, Has socket? true
[ActivityLogger] Success! Method=GET, URL=/api/admin/questions/companies, Has user? true, Has socket? true
[ActivityLogger] Success! Method=GET, URL=/api/admin/questions?search=&topic=&company=&difficulty=&page=1, Has user? true, Has socket? true
[ActivityLogger] Success! Method=GET, URL=/api/admin/questions?search=&topic=&company=&difficulty=&page=1, Has user? true, Has socket? true
[ActivityLogger] Success! Method=GET, URL=/api/admin/tests, Has user? true, Has socket? true
[ActivityLogger] Success! Method=GET, URL=/api/admin/tests, Has user? true, Has socket? true
[ActivityLogger] Success! Method=GET, URL=/api/admin/questions/topics, Has user? true, Has socket? true
[ActivityLogger] Success! Method=GET, URL=/api/admin/questions/topics, Has user? true, Has socket? true
[ActivityLogger] Success! Method=GET, URL=/api/admin/community/dashboard, Has user? true, Has socket? true
[ActivityLogger] Success! Method=GET, URL=/api/admin/community/dashboard, Has user? true, Has socket? true
[ActivityLogger] Success! Method=GET, URL=/api/admin/achievement?page=1&limit=10&search=&category=&status=, Has user? true, Has socket? true
[ActivityLogger] Success! Method=GET, URL=/api/admin/achievement?page=1&limit=10&search=&category=&status=, Has user? true, Has socket? true
[ActivityLogger] Success! Method=GET, URL=/api/admin/rewards/dashboard, Has user? true, Has socket? true
[ActivityLogger] Success! Method=GET, URL=/api/admin/rewards/dashboard, Has user? true, Has socket? true
[ActivityLogger] Success! Method=GET, URL=/api/admin/badges, Has user? true, Has socket? true
[ActivityLogger] Success! Method=GET, URL=/api/admin/badges, Has user? true, Has socket? true
[ActivityLogger] Success! Method=GET, URL=/api/admin/analytics/resume, Has user? true, Has socket? true
[ActivityLogger] Success! Method=GET, URL=/api/admin/analytics/coding, Has user? true, Has socket? true
[ActivityLogger] Success! Method=GET, URL=/api/admin/analytics/users, Has user? true, Has socket? true
[ActivityLogger] Success! Method=GET, URL=/api/admin/analytics/resume, Has user? true, Has socket? true
[ActivityLogger] Success! Method=GET, URL=/api/admin/analytics/interviews, Has user? true, Has socket? true
[ActivityLogger] Success! Method=GET, URL=/api/admin/analytics/coding, Has user? true, Has socket? true
[ActivityLogger] Success! Method=GET, URL=/api/admin/analytics/users, Has user? true, Has socket? true
[ActivityLogger] Success! Method=GET, URL=/api/admin/analytics/dashboard, Has user? true, Has socket? true
[ActivityLogger] Success! Method=GET, URL=/api/admin/analytics/interviews, Has user? true, Has socket? true
[ActivityLogger] Success! Method=GET, URL=/api/admin/analytics/dashboard, Has user? true, Has socket? true
[ActivityLogger] Success! Method=GET, URL=/api/admin/badges, Has user? true, Has socket? true
[ActivityLogger] Success! Method=GET, URL=/api/admin/badges, Has user? true, Has socket? true
[ActivityLogger] Success! Method=GET, URL=/api/admin/rewards/dashboard, Has user? true, Has socket? true
[ActivityLogger] Success! Method=GET, URL=/api/admin/rewards/dashboard, Has user? true, Has socket? true
[ActivityLogger] Success! Method=GET, URL=/api/admin/achievement?page=1&limit=10&search=&category=&status=, Has user? true, Has socket? true
[ActivityLogger] Success! Method=GET, URL=/api/admin/achievement?page=1&limit=10&search=&category=&status=, Has user? true, Has socket? true
[ActivityLogger] Success! Method=GET, URL=/api/admin/rewards/dashboard, Has user? true, Has socket? true
[ActivityLogger] Success! Method=GET, URL=/api/admin/rewards/dashboard, Has user? true, Has socket? true
[ActivityLogger] Success! Method=GET, URL=/api/admin/analytics/resume, Has user? true, Has socket? true
[ActivityLogger] Success! Method=GET, URL=/api/admin/analytics/coding, Has user? true, Has socket? true
[ActivityLogger] Success! Method=GET, URL=/api/admin/analytics/users, Has user? true, Has socket? true
[ActivityLogger] Success! Method=GET, URL=/api/admin/analytics/resume, Has user? true, Has socket? true
[ActivityLogger] Success! Method=GET, URL=/api/admin/analytics/interviews, Has user? true, Has socket? true
[ActivityLogger] Success! Method=GET, URL=/api/admin/analytics/users, Has user? true, Has socket? true
[ActivityLogger] Success! Method=GET, URL=/api/admin/analytics/coding, Has user? true, Has socket? true
[ActivityLogger] Success! Method=GET, URL=/api/admin/analytics/dashboard, Has user? true, Has socket? true
[ActivityLogger] Success! Method=GET, URL=/api/admin/analytics/interviews, Has user? true, Has socket? true
[ActivityLogger] Success! Method=GET, URL=/api/admin/analytics/dashboard, Has user? true, Has socket? true
[ActivityLogger] Success! Method=GET, URL=/api/admin/badges, Has user? true, Has socket? true
[ActivityLogger] Success! Method=GET, URL=/api/admin/badges, Has user? true, Has socket? true
[ActivityLogger] Success! Method=GET, URL=/api/admin/interviews/stats, Has user? true, Has socket? true
[ActivityLogger] Success! Method=GET, URL=/api/admin/interviews?page=1&search=&status=&experience=&limit=10, Has user? true, Has socket? true
[ActivityLogger] Success! Method=GET, URL=/api/admin/interviews?page=1&search=&status=&experience=&limit=10, Has user? true, Has socket? true
[ActivityLogger] Success! Method=GET, URL=/api/admin/interviews/stats, Has user? true, Has socket? true
[ActivityLogger] Success! Method=GET, URL=/api/admin/users?page=1&limit=10&search=&role=&verified=&blocked=&sort=newest, Has user? true, Has socket? true
[ActivityLogger] Success! Method=GET, URL=/api/admin/users/stats, Has user? true, Has socket? true
[ActivityLogger] Success! Method=GET, URL=/api/admin/users?page=1&limit=10&search=&role=&verified=&blocked=&sort=newest, Has user? true, Has socket? true
[ActivityLogger] Success! Method=GET, URL=/api/admin/users/stats, Has user? true, Has socket? true
[ActivityLogger] Success! Method=GET, URL=/api/admin/auth/dashboard, Has user? true, Has socket? true
[ActivityLogger] Success! Method=GET, URL=/api/admin/auth/dashboard, Has user? true, Has socket? true
[ActivityLogger] Success! Method=GET, URL=/api/admin/questions/companies, Has user? true, Has socket? true
[ActivityLogger] Success! Method=GET, URL=/api/admin/questions/companies, Has user? true, Has socket? true
[ActivityLogger] Success! Method=GET, URL=/api/admin/questions/topics, Has user? true, Has socket? true
[ActivityLogger] Success! Method=GET, URL=/api/admin/questions/topics, Has user? true, Has socket? true
[ActivityLogger] Success! Method=GET, URL=/api/admin/achievement?page=1&limit=10&search=&category=&status=, Has user? true, Has socket? true
[ActivityLogger] Success! Method=GET, URL=/api/admin/achievement?page=1&limit=10&search=&category=&status=, Has user? true, Has socket? true
[ActivityLogger] Success! Method=GET, URL=/api/admin/analytics/resume, Has user? true, Has socket? true
[ActivityLogger] Success! Method=GET, URL=/api/admin/analytics/coding, Has user? true, Has socket? true
[ActivityLogger] Success! Method=GET, URL=/api/admin/analytics/users, Has user? true, Has socket? true
[ActivityLogger] Success! Method=GET, URL=/api/admin/analytics/resume, Has user? true, Has socket? true
[ActivityLogger] Success! Method=GET, URL=/api/admin/analytics/interviews, Has user? true, Has socket? true
[ActivityLogger] Success! Method=GET, URL=/api/admin/analytics/coding, Has user? true, Has socket? true
[ActivityLogger] Success! Method=GET, URL=/api/admin/analytics/users, Has user? true, Has socket? true
[ActivityLogger] Success! Method=GET, URL=/api/admin/analytics/dashboard, Has user? true, Has socket? true
[ActivityLogger] Success! Method=GET, URL=/api/admin/analytics/interviews, Has user? true, Has socket? true
[ActivityLogger] Success! Method=GET, URL=/api/admin/analytics/dashboard, Has user? true, Has socket? true
[ActivityLogger] Success! Method=GET, URL=/api/admin/badges, Has user? true, Has socket? true
[ActivityLogger] Success! Method=GET, URL=/api/admin/badges, Has user? true, Has socket? true
[ActivityLogger] Success! Method=GET, URL=/api/admin/rewards/dashboard, Has user? true, Has socket? true
[ActivityLogger] Success! Method=GET, URL=/api/admin/rewards/dashboard, Has user? true, Has socket? true
[ActivityLogger] Success! Method=GET, URL=/api/admin/badges, Has user? true, Has socket? true
[ActivityLogger] Success! Method=GET, URL=/api/admin/badges, Has user? true, Has socket? true
[ActivityLogger] Success! Method=GET, URL=/api/admin/analytics/resume, Has user? true, Has socket? true
[ActivityLogger] Success! Method=GET, URL=/api/admin/analytics/users, Has user? true, Has socket? true
[ActivityLogger] Success! Method=GET, URL=/api/admin/analytics/coding, Has user? true, Has socket? true
[ActivityLogger] Success! Method=GET, URL=/api/admin/analytics/resume, Has user? true, Has socket? true
[ActivityLogger] Success! Method=GET, URL=/api/admin/analytics/interviews, Has user? true, Has socket? true
[ActivityLogger] Success! Method=GET, URL=/api/admin/analytics/users, Has user? true, Has socket? true
[ActivityLogger] Success! Method=GET, URL=/api/admin/analytics/coding, Has user? true, Has socket? true
[ActivityLogger] Success! Method=GET, URL=/api/admin/analytics/dashboard, Has user? true, Has socket? true
[ActivityLogger] Success! Method=GET, URL=/api/admin/analytics/interviews, Has user? true, Has socket? true
[ActivityLogger] Success! Method=GET, URL=/api/admin/analytics/dashboard, Has user? true, Has socket? true
[ActivityLogger] Success! Method=GET, URL=/api/admin/contests, Has user? true, Has socket? true
[ActivityLogger] Success! Method=GET, URL=/api/admin/contests, Has user? true, Has socket? true
[ActivityLogger] Success! Method=GET, URL=/api/admin/users?page=1&limit=10&search=&role=&verified=&blocked=&sort=newest, Has user? true, Has socket? true
[ActivityLogger] Success! Method=GET, URL=/api/admin/users/stats, Has user? true, Has socket? true
[ActivityLogger] Success! Method=GET, URL=/api/admin/users?page=1&limit=10&search=&role=&verified=&blocked=&sort=newest, Has user? true, Has socket? true
[ActivityLogger] Success! Method=GET, URL=/api/admin/users/stats, Has user? true, Has socket? true
[ActivityLogger] Success! Method=GET, URL=/api/admin/auth/dashboard, Has user? true, Has socket? true
[ActivityLogger] Success! Method=GET, URL=/api/admin/auth/dashboard, Has user? true, Has socket? true
[ActivityLogger] Success! Method=GET, URL=/api/admin/interviews/stats, Has user? true, Has socket? true
[ActivityLogger] Success! Method=GET, URL=/api/admin/interviews?page=1&search=&status=&experience=&limit=10, Has user? true, Has socket? true
[ActivityLogger] Success! Method=GET, URL=/api/admin/interviews/stats, Has user? true, Has socket? true
[ActivityLogger] Success! Method=GET, URL=/api/admin/interviews?page=1&search=&status=&experience=&limit=10, Has user? true, Has socket? true
[ActivityLogger] Success! Method=GET, URL=/api/admin/badges, Has user? true, Has socket? true
[ActivityLogger] Success! Method=GET, URL=/api/admin/badges, Has user? true, Has socket? true
[ActivityLogger] Success! Method=GET, URL=/api/admin/rewards/dashboard, Has user? true, Has socket? true
[ActivityLogger] Success! Method=GET, URL=/api/admin/rewards/dashboard, Has user? true, Has socket? true
[ActivityLogger] Success! Method=GET, URL=/api/admin/badges, Has user? true, Has socket? true
[ActivityLogger] Success! Method=GET, URL=/api/admin/badges, Has user? true, Has socket? true
[ActivityLogger] Success! Method=POST, URL=/api/admin/auth/login, Has user? false, Has socket? true
[ActivityLogger] Success! Method=GET, URL=/api/admin/auth/dashboard, Has user? true, Has socket? true
[ActivityLogger] Success! Method=GET, URL=/api/admin/auth/dashboard, Has user? true, Has socket? true
[ActivityLogger] Success! Method=GET, URL=/api/admin/analytics/resume, Has user? true, Has socket? true
[ActivityLogger] Success! Method=GET, URL=/api/admin/analytics/coding, Has user? true, Has socket? true
[ActivityLogger] Success! Method=GET, URL=/api/admin/analytics/users, Has user? true, Has socket? true
[ActivityLogger] Success! Method=GET, URL=/api/admin/analytics/resume, Has user? true, Has socket? true
[ActivityLogger] Success! Method=GET, URL=/api/admin/analytics/interviews, Has user? true, Has socket? true
[ActivityLogger] Success! Method=GET, URL=/api/admin/analytics/coding, Has user? true, Has socket? true
[ActivityLogger] Success! Method=GET, URL=/api/admin/analytics/users, Has user? true, Has socket? true
[ActivityLogger] Success! Method=GET, URL=/api/admin/analytics/dashboard, Has user? true, Has socket? true
[ActivityLogger] Success! Method=GET, URL=/api/admin/analytics/interviews, Has user? true, Has socket? true
[ActivityLogger] Success! Method=GET, URL=/api/admin/analytics/dashboard, Has user? true, Has socket? true
[ActivityLogger] Success! Method=GET, URL=/api/admin/badges, Has user? true, Has socket? true
[ActivityLogger] Success! Method=GET, URL=/api/admin/badges, Has user? true, Has socket? true
[ActivityLogger] Success! Method=GET, URL=/api/admin/rewards/dashboard, Has user? true, Has socket? true
[ActivityLogger] Success! Method=GET, URL=/api/admin/rewards/dashboard, Has user? true, Has socket? true
[ActivityLogger] Success! Method=GET, URL=/api/admin/badges, Has user? true, Has socket? true
[ActivityLogger] Success! Method=GET, URL=/api/admin/achievement, Has user? true, Has socket? true
[ActivityLogger] Success! Method=GET, URL=/api/admin/users?page=1&limit=1000&search=&role=&verified=&blocked=&sort=newest, Has user? true, Has socket? true
[ActivityLogger] Success! Method=GET, URL=/api/admin/badges, Has user? true, Has socket? true
[ActivityLogger] Success! Method=GET, URL=/api/admin/users?page=1&limit=1000&search=&role=&verified=&blocked=&sort=newest, Has user? true, Has socket? true
[ActivityLogger] Success! Method=GET, URL=/api/admin/achievement, Has user? true, Has socket? true
[ActivityLogger] Success! Method=GET, URL=/api/admin/rewards/dashboard, Has user? true, Has socket? true
[ActivityLogger] Success! Method=GET, URL=/api/admin/rewards/dashboard, Has user? true, Has socket? true
[ActivityLogger] Success! Method=GET, URL=/api/admin/badges, Has user? true, Has socket? true
[ActivityLogger] Success! Method=GET, URL=/api/admin/badges, Has user? true, Has socket? true
[ActivityLogger] Success! Method=GET, URL=/api/admin/achievement?page=1&limit=10&search=&category=&status=, Has user? true, Has socket? true
[ActivityLogger] Success! Method=GET, URL=/api/admin/achievement?page=1&limit=10&search=&category=&status=, Has user? true, Has socket? true
[ActivityLogger] Success! Method=GET, URL=/api/admin/achievement/badges, Has user? true, Has socket? true
[ActivityLogger] Success! Method=GET, URL=/api/admin/achievement/badges, Has user? true, Has socket? true
[ActivityLogger] Success! Method=GET, URL=/api/admin/achievement/badges, Has user? true, Has socket? true
[ActivityLogger] Success! Method=GET, URL=/api/admin/auth/me, Has user? true, Has socket? true
[ActivityLogger] Success! Method=GET, URL=/api/admin/auth/me, Has user? true, Has socket? true
[ActivityLogger] Success! Method=GET, URL=/api/admin/auth/me, Has user? true, Has socket? true
[ActivityLogger] Success! Method=GET, URL=/api/admin/auth/me, Has user? true, Has socket? true
[ActivityLogger] Success! Method=GET, URL=/api/admin/achievement?page=1&limit=10&search=&category=&status=, Has user? true, Has socket? true
[ActivityLogger] Success! Method=GET, URL=/api/admin/achievement?page=1&limit=10&search=&category=&status=, Has user? true, Has socket? true
[ActivityLogger] Success! Method=GET, URL=/api/admin/achievement/badges, Has user? true, Has socket? true
[ActivityLogger] Success! Method=GET, URL=/api/admin/achievement/badges, Has user? true, Has socket? true
[ActivityLogger] Success! Method=GET, URL=/api/admin/achievement?page=1&limit=10&search=&category=&status=, Has user? true, Has socket? true
[ActivityLogger] Success! Method=GET, URL=/api/admin/achievement?page=1&limit=10&search=&category=&status=, Has user? true, Has socket? true
[ActivityLogger] Success! Method=GET, URL=/api/admin/analytics/resume, Has user? true, Has socket? true
[ActivityLogger] Success! Method=GET, URL=/api/admin/analytics/users, Has user? true, Has socket? true
[ActivityLogger] Success! Method=GET, URL=/api/admin/analytics/coding, Has user? true, Has socket? true
[ActivityLogger] Success! Method=GET, URL=/api/admin/analytics/resume, Has user? true, Has socket? true
[ActivityLogger] Success! Method=GET, URL=/api/admin/analytics/interviews, Has user? true, Has socket? true
[ActivityLogger] Success! Method=GET, URL=/api/admin/analytics/users, Has user? true, Has socket? true
[ActivityLogger] Success! Method=GET, URL=/api/admin/analytics/coding, Has user? true, Has socket? true
[ActivityLogger] Success! Method=GET, URL=/api/admin/analytics/dashboard, Has user? true, Has socket? true
[ActivityLogger] Success! Method=GET, URL=/api/admin/analytics/interviews, Has user? true, Has socket? true
[ActivityLogger] Success! Method=GET, URL=/api/admin/analytics/dashboard, Has user? true, Has socket? true
[ActivityLogger] Success! Method=GET, URL=/api/admin/badges, Has user? true, Has socket? true
[ActivityLogger] Success! Method=GET, URL=/api/admin/badges, Has user? true, Has socket? true
[ActivityLogger] Success! Method=GET, URL=/api/admin/rewards/dashboard, Has user? true, Has socket? true
[ActivityLogger] Success! Method=GET, URL=/api/admin/rewards/dashboard, Has user? true, Has socket? true
[ActivityLogger] Success! Method=GET, URL=/api/admin/achievement?page=1&limit=10&search=&category=&status=, Has user? true, Has socket? true
[ActivityLogger] Success! Method=GET, URL=/api/admin/achievement?page=1&limit=10&search=&category=&status=, Has user? true, Has socket? true
[ActivityLogger] Success! Method=GET, URL=/api/admin/achievement/badges, Has user? true, Has socket? true
[ActivityLogger] Success! Method=GET, URL=/api/admin/achievement/badges, Has user? true, Has socket? true
[ActivityLogger] Success! Method=GET, URL=/api/admin/achievement?page=1&limit=10&search=&category=&status=, Has user? true, Has socket? true
[ActivityLogger] Success! Method=GET, URL=/api/admin/achievement?page=1&limit=10&search=&category=&status=, Has user? true, Has socket? true
[ActivityLogger] Success! Method=GET, URL=/api/admin/achievement?page=1&limit=10&search=&category=&status=, Has user? true, Has socket? true
[ActivityLogger] Success! Method=GET, URL=/api/admin/achievement?page=1&limit=10&search=co&category=&status=, Has user? true, Has socket? true
[ActivityLogger] Success! Method=GET, URL=/api/admin/achievement?page=1&limit=10&search=codinf&category=&status=, Has user? true, Has socket? true
[ActivityLogger] Success! Method=GET, URL=/api/admin/achievement?page=1&limit=10&search=codin&category=&status=, Has user? true, Has socket? true
[ActivityLogger] Success! Method=GET, URL=/api/admin/achievement?page=1&limit=10&search=codi&category=&status=, Has user? true, Has socket? true
[ActivityLogger] Success! Method=GET, URL=/api/admin/achievement?page=1&limit=10&search=&category=&status=, Has user? true, Has socket? true
[ActivityLogger] Success! Method=GET, URL=/api/admin/achievement?page=1&limit=10&search=mern&category=&status=, Has user? true, Has socket? true
[ActivityLogger] Success! Method=GET, URL=/api/admin/achievement?page=1&limit=10&search=mer&category=&status=, Has user? true, Has socket? true
[ActivityLogger] Success! Method=GET, URL=/api/admin/achievement?page=1&limit=10&search=&category=&status=, Has user? true, Has socket? true
[ActivityLogger] Success! Method=GET, URL=/api/admin/achievement/6a56304aad2138b1778f3a60, Has user? true, Has socket? true
[ActivityLogger] Success! Method=GET, URL=/api/admin/achievement/6a56304aad2138b1778f3a60, Has user? true, Has socket? true
[ActivityLogger] Success! Method=GET, URL=/api/admin/achievement/6a56304aad2138b1778f3a60, Has user? true, Has socket? true
[ActivityLogger] Success! Method=GET, URL=/api/admin/achievement/badges, Has user? true, Has socket? true
[ActivityLogger] Success! Method=GET, URL=/api/admin/achievement/6a56304aad2138b1778f3a60, Has user? true, Has socket? true
[ActivityLogger] Success! Method=GET, URL=/api/admin/achievement/badges, Has user? true, Has socket? true
[ActivityLogger] Success! Method=GET, URL=/api/admin/achievement/badges, Has user? true, Has socket? true
[ActivityLogger] Success! Method=GET, URL=/api/admin/achievement/6a56304aad2138b1778f3a60, Has user? true, Has socket? true
[ActivityLogger] Success! Method=GET, URL=/api/admin/achievement/badges, Has user? true, Has socket? true
[ActivityLogger] Success! Method=GET, URL=/api/admin/achievement?page=1&limit=10&search=&category=&status=, Has user? true, Has socket? true
[ActivityLogger] Success! Method=GET, URL=/api/admin/achievement/badges, Has user? true, Has socket? true
[ActivityLogger] Success! Method=GET, URL=/api/admin/achievement/badges, Has user? true, Has socket? true
[ActivityLogger] Success! Method=GET, URL=/api/admin/achievement?page=1&limit=10&search=&category=&status=, Has user? true, Has socket? true
[ActivityLogger] Success! Method=GET, URL=/api/admin/achievement/6a56304aad2138b1778f3a60, Has user? true, Has socket? true
[ActivityLogger] Success! Method=GET, URL=/api/admin/achievement/6a56304aad2138b1778f3a60, Has user? true, Has socket? true
[ActivityLogger] Success! Method=GET, URL=/api/admin/achievement?page=1&limit=10&search=&category=&status=, Has user? true, Has socket? true
[ActivityLogger] Success! Method=GET, URL=/api/admin/achievement/badges, Has user? true, Has socket? true
[ActivityLogger] Success! Method=GET, URL=/api/admin/achievement/6a56304aad2138b1778f3a60, Has user? true, Has socket? true
[ActivityLogger] Success! Method=GET, URL=/api/admin/achievement/badges, Has user? true, Has socket? true
[ActivityLogger] Success! Method=GET, URL=/api/admin/achievement/badges, Has user? true, Has socket? true
[ActivityLogger] Success! Method=GET, URL=/api/admin/achievement/6a56304aad2138b1778f3a60, Has user? true, Has socket? true
[ActivityLogger] Success! Method=GET, URL=/api/admin/achievement/badges, Has user? true, Has socket? true
[ActivityLogger] Success! Method=GET, URL=/api/admin/achievement?page=1&limit=10&search=&category=&status=, Has user? true, Has socket? true
[ActivityLogger] Success! Method=GET, URL=/api/admin/achievement/6a56304aad2138b1778f3a60, Has user? true, Has socket? true
[ActivityLogger] Success! Method=GET, URL=/api/admin/achievement/6a56304aad2138b1778f3a60, Has user? true, Has socket? true
[ActivityLogger] Success! Method=GET, URL=/api/admin/achievement?page=1&limit=10&search=&category=&status=, Has user? true, Has socket? true
[ActivityLogger] Success! Method=GET, URL=/api/admin/achievement/badges, Has user? true, Has socket? true
[ActivityLogger] Success! Method=GET, URL=/api/admin/achievement/6a56304aad2138b1778f3a60, Has user? true, Has socket? true
[ActivityLogger] Success! Method=GET, URL=/api/admin/achievement/badges, Has user? true, Has socket? true
[ActivityLogger] Success! Method=GET, URL=/api/admin/achievement/badges, Has user? true, Has socket? true
[ActivityLogger] Success! Method=GET, URL=/api/admin/achievement/6a56304aad2138b1778f3a60, Has user? true, Has socket? true
[ActivityLogger] Success! Method=GET, URL=/api/admin/achievement/badges, Has user? true, Has socket? true
[ActivityLogger] Success! Method=GET, URL=/api/admin/achievement?page=1&limit=10&search=&category=&status=, Has user? true, Has socket? true
[ActivityLogger] Success! Method=GET, URL=/api/admin/badges, Has user? true, Has socket? true
[ActivityLogger] Success! Method=GET, URL=/api/admin/badges, Has user? true, Has socket? true
[ActivityLogger] Success! Method=GET, URL=/api/admin/rewards/dashboard, Has user? true, Has socket? true
[ActivityLogger] Success! Method=GET, URL=/api/admin/rewards/dashboard, Has user? true, Has socket? true
[ActivityLogger] Success! Method=GET, URL=/api/admin/achievement?page=1&limit=10&search=&category=&status=, Has user? true, Has socket? true
[ActivityLogger] Success! Method=GET, URL=/api/admin/analytics/resume, Has user? true, Has socket? true
[ActivityLogger] Success! Method=GET, URL=/api/admin/analytics/resume, Has user? true, Has socket? true
[ActivityLogger] Success! Method=GET, URL=/api/admin/analytics/coding, Has user? true, Has socket? true
[ActivityLogger] Success! Method=GET, URL=/api/admin/analytics/users, Has user? true, Has socket? true
[ActivityLogger] Success! Method=GET, URL=/api/admin/analytics/interviews, Has user? true, Has socket? true
[ActivityLogger] Success! Method=GET, URL=/api/admin/analytics/dashboard, Has user? true, Has socket? true
[ActivityLogger] Success! Method=GET, URL=/api/admin/analytics/users, Has user? true, Has socket? true
[ActivityLogger] Success! Method=GET, URL=/api/admin/analytics/coding, Has user? true, Has socket? true
[ActivityLogger] Success! Method=GET, URL=/api/admin/analytics/interviews, Has user? true, Has socket? true
[ActivityLogger] Success! Method=GET, URL=/api/admin/analytics/dashboard, Has user? true, Has socket? true
[ActivityLogger] Success! Method=GET, URL=/api/admin/rewards/dashboard, Has user? true, Has socket? true
[ActivityLogger] Success! Method=GET, URL=/api/admin/rewards/dashboard, Has user? true, Has socket? true
[ActivityLogger] Success! Method=GET, URL=/api/admin/achievement?page=1&limit=10&search=&category=&status=, Has user? true, Has socket? true
[ActivityLogger] Success! Method=GET, URL=/api/admin/badges, Has user? true, Has socket? true
[ActivityLogger] Success! Method=GET, URL=/api/admin/badges, Has user? true, Has socket? true
[ActivityLogger] Success! Method=GET, URL=/api/admin/rewards/dashboard, Has user? true, Has socket? true
[ActivityLogger] Success! Method=GET, URL=/api/admin/rewards/dashboard, Has user? true, Has socket? true
[ActivityLogger] Success! Method=GET, URL=/api/admin/badges, Has user? true, Has socket? true
[ActivityLogger] Success! Method=GET, URL=/api/admin/badges, Has user? true, Has socket? true
[ActivityLogger] Success! Method=GET, URL=/api/admin/analytics/resume, Has user? true, Has socket? true
[ActivityLogger] Success! Method=GET, URL=/api/admin/analytics/users, Has user? true, Has socket? true
[ActivityLogger] Success! Method=GET, URL=/api/admin/analytics/resume, Has user? true, Has socket? true
[ActivityLogger] Success! Method=GET, URL=/api/admin/analytics/coding, Has user? true, Has socket? true
[ActivityLogger] Success! Method=GET, URL=/api/admin/analytics/interviews, Has user? true, Has socket? true
[ActivityLogger] Success! Method=GET, URL=/api/admin/analytics/users, Has user? true, Has socket? true
[ActivityLogger] Success! Method=GET, URL=/api/admin/analytics/coding, Has user? true, Has socket? true
[ActivityLogger] Success! Method=GET, URL=/api/admin/analytics/dashboard, Has user? true, Has socket? true
[ActivityLogger] Success! Method=GET, URL=/api/admin/analytics/interviews, Has user? true, Has socket? true
[ActivityLogger] Success! Method=GET, URL=/api/admin/analytics/dashboard, Has user? true, Has socket? true
[ActivityLogger] Success! Method=GET, URL=/api/admin/rewards/dashboard, Has user? true, Has socket? true
[ActivityLogger] Success! Method=GET, URL=/api/admin/rewards/dashboard, Has user? true, Has socket? true
[ActivityLogger] Success! Method=GET, URL=/api/admin/achievement?page=1&limit=10&search=&category=&status=, Has user? true, Has socket? true
[ActivityLogger] Success! Method=GET, URL=/api/admin/achievement/badges, Has user? true, Has socket? true
[ActivityLogger] Success! Method=GET, URL=/api/admin/achievement/badges, Has user? true, Has socket? true
[ActivityLogger] Success! Method=GET, URL=/api/admin/achievement?page=1&limit=10&search=&category=&status=, Has user? true, Has socket? true
[ActivityLogger] Success! Method=GET, URL=/api/admin/achievement/6a56304aad2138b1778f3a60, Has user? true, Has socket? true
[ActivityLogger] Success! Method=GET, URL=/api/admin/achievement/6a56304aad2138b1778f3a60, Has user? true, Has socket? true
[ActivityLogger] Success! Method=GET, URL=/api/admin/achievement?page=1&limit=10&search=&category=&status=, Has user? true, Has socket? true
[ActivityLogger] Success! Method=GET, URL=/api/admin/achievement/badges, Has user? true, Has socket? true
[ActivityLogger] Success! Method=GET, URL=/api/admin/achievement/badges, Has user? true, Has socket? true
[ActivityLogger] Success! Method=GET, URL=/api/admin/achievement/6a56304aad2138b1778f3a60, Has user? true, Has socket? true
[ActivityLogger] Success! Method=GET, URL=/api/admin/achievement/badges, Has user? true, Has socket? true
[ActivityLogger] Success! Method=GET, URL=/api/admin/achievement/badges, Has user? true, Has socket? true
[ActivityLogger] Success! Method=GET, URL=/api/admin/achievement/6a56304aad2138b1778f3a60, Has user? true, Has socket? true
[ActivityLogger] Success! Method=GET, URL=/api/admin/achievement?page=1&limit=10&search=&category=&status=, Has user? true, Has socket? true
[ActivityLogger] Success! Method=GET, URL=/api/admin/rewards/dashboard, Has user? true, Has socket? true
[ActivityLogger] Success! Method=GET, URL=/api/admin/rewards/dashboard, Has user? true, Has socket? true
[ActivityLogger] Success! Method=GET, URL=/api/admin/badges, Has user? true, Has socket? true
[ActivityLogger] Success! Method=GET, URL=/api/admin/badges, Has user? true, Has socket? true
[ActivityLogger] Success! Method=GET, URL=/api/admin/rewards/dashboard, Has user? true, Has socket? true
[ActivityLogger] Success! Method=GET, URL=/api/admin/rewards/dashboard, Has user? true, Has socket? true
[ActivityLogger] Success! Method=GET, URL=/api/admin/achievement?page=1&limit=10&search=&category=&status=, Has user? true, Has socket? true
[ActivityLogger] Success! Method=GET, URL=/api/admin/community/dashboard, Has user? true, Has socket? true
[ActivityLogger] Success! Method=GET, URL=/api/admin/community/dashboard, Has user? true, Has socket? true
[ActivityLogger] Success! Method=GET, URL=/api/admin/community/discussions?page=1&limit=10&search=&sort=-createdAt, Has user? true, Has socket? true
[ActivityLogger] Success! Method=GET, URL=/api/admin/community/discussions?page=1&limit=10&search=&sort=-createdAt, Has user? true, Has socket? true
[ActivityLogger] Success! Method=GET, URL=/api/admin/community/dashboard, Has user? true, Has socket? true
[ActivityLogger] Success! Method=GET, URL=/api/admin/community/dashboard, Has user? true, Has socket? true
[ActivityLogger] Success! Method=POST, URL=/api/admin/auth/login, Has user? false, Has socket? true
[ActivityLogger] Success! Method=GET, URL=/api/admin/auth/dashboard, Has user? true, Has socket? true
[ActivityLogger] Success! Method=GET, URL=/api/admin/auth/dashboard, Has user? true, Has socket? true
[ActivityLogger] Success! Method=GET, URL=/api/admin/rewards/dashboard, Has user? true, Has socket? true
[ActivityLogger] Success! Method=GET, URL=/api/admin/rewards/dashboard, Has user? true, Has socket? true
[ActivityLogger] Success! Method=GET, URL=/api/admin/achievement?page=1&limit=10&search=&category=&status=, Has user? true, Has socket? true
[ActivityLogger] Success! Method=GET, URL=/api/admin/community/dashboard, Has user? true, Has socket? true
[ActivityLogger] Success! Method=GET, URL=/api/admin/community/dashboard, Has user? true, Has socket? true
[ActivityLogger] Success! Method=GET, URL=/api/admin/community/discussions?page=1&limit=10&search=&sort=-createdAt, Has user? true, Has socket? true
[ActivityLogger] Success! Method=GET, URL=/api/admin/community/discussions?page=1&limit=10&search=&sort=-createdAt, Has user? true, Has socket? true
[ActivityLogger] Success! Method=GET, URL=/api/admin/community/discussion/6a55e530cf65e6b2b31b06a8, Has user? true, Has socket? true
[ActivityLogger] Success! Method=GET, URL=/api/admin/community/discussion/6a55e530cf65e6b2b31b06a8, Has user? true, Has socket? true
[ActivityLogger] Success! Method=GET, URL=/api/admin/community/discussions?page=1&limit=10&search=&sort=-createdAt, Has user? true, Has socket? true
[ActivityLogger] Success! Method=GET, URL=/api/admin/community/discussions?page=1&limit=10&search=&sort=-createdAt, Has user? true, Has socket? true
[ActivityLogger] Success! Method=GET, URL=/api/admin/community/dashboard, Has user? true, Has socket? true
[ActivityLogger] Success! Method=GET, URL=/api/admin/community/dashboard, Has user? true, Has socket? true
[ActivityLogger] Success! Method=GET, URL=/api/admin/community/comments?page=1&limit=10&search=, Has user? true, Has socket? true
[ActivityLogger] Success! Method=GET, URL=/api/admin/community/comments?page=1&limit=10&search=, Has user? true, Has socket? true
[ActivityLogger] Success! Method=GET, URL=/api/admin/community/discussion/6a3a3d35aeb55b2846fc4cda, Has user? true, Has socket? true
[ActivityLogger] Success! Method=GET, URL=/api/admin/community/discussion/6a3a3d35aeb55b2846fc4cda, Has user? true, Has socket? true
[ActivityLogger] Success! Method=GET, URL=/api/admin/community/comments?page=1&limit=10&search=, Has user? true, Has socket? true
[ActivityLogger] Success! Method=GET, URL=/api/admin/community/comments?page=1&limit=10&search=, Has user? true, Has socket? true
[ActivityLogger] Success! Method=GET, URL=/api/admin/community/comments?page=1&limit=10&search=, Has user? true, Has socket? true
[ActivityLogger] Success! Method=GET, URL=/api/admin/community/discussion/6a3a3d35aeb55b2846fc4cda, Has user? true, Has socket? true
[ActivityLogger] Success! Method=GET, URL=/api/admin/community/discussion/6a3a3d35aeb55b2846fc4cda, Has user? true, Has socket? true
[ActivityLogger] Success! Method=GET, URL=/api/admin/community/comments?page=1&limit=10&search=, Has user? true, Has socket? true
[ActivityLogger] Success! Method=GET, URL=/api/admin/community/comments?page=1&limit=10&search=, Has user? true, Has socket? true
[ActivityLogger] Success! Method=GET, URL=/api/admin/community/comments?page=1&limit=10&search=s, Has user? true, Has socket? true
[ActivityLogger] Success! Method=GET, URL=/api/admin/community/comments?page=1&limit=10&search=sh, Has user? true, Has socket? true
[ActivityLogger] Success! Method=GET, URL=/api/admin/community/comments?page=1&limit=10&search=she, Has user? true, Has socket? true
[ActivityLogger] Success! Method=GET, URL=/api/admin/community/comments?page=1&limit=10&search=sh, Has user? true, Has socket? true
[ActivityLogger] Success! Method=GET, URL=/api/admin/community/comments?page=1&limit=10&search=s, Has user? true, Has socket? true
[ActivityLogger] Success! Method=GET, URL=/api/admin/community/comments?page=1&limit=10&search=, Has user? true, Has socket? true
[ActivityLogger] Success! Method=GET, URL=/api/admin/community/comments?page=1&limit=10&search=m, Has user? true, Has socket? true
[ActivityLogger] Success! Method=GET, URL=/api/admin/community/comments?page=1&limit=10&search=me, Has user? true, Has socket? true
[ActivityLogger] Success! Method=GET, URL=/api/admin/community/comments?page=1&limit=10&search=mer, Has user? true, Has socket? true
[ActivityLogger] Success! Method=GET, URL=/api/admin/community/comments?page=1&limit=10&search=mern, Has user? true, Has socket? true
[ActivityLogger] Success! Method=GET, URL=/api/admin/community/comments?page=1&limit=10&search=mer, Has user? true, Has socket? true
[ActivityLogger] Success! Method=GET, URL=/api/admin/community/comments?page=1&limit=10&search=me, Has user? true, Has socket? true
[ActivityLogger] Success! Method=GET, URL=/api/admin/community/comments?page=1&limit=10&search=m, Has user? true, Has socket? true
[ActivityLogger] Success! Method=GET, URL=/api/admin/community/comments?page=1&limit=10&search=, Has user? true, Has socket? true
[ActivityLogger] Success! Method=GET, URL=/api/admin/community/comments?page=1&limit=10&search=f, Has user? true, Has socket? true
[ActivityLogger] Success! Method=GET, URL=/api/admin/community/comments?page=1&limit=10&search=, Has user? true, Has socket? true
[ActivityLogger] Success! Method=GET, URL=/api/admin/community/comments?page=1&limit=10&search=g, Has user? true, Has socket? true
[ActivityLogger] Success! Method=GET, URL=/api/admin/community/comments?page=1&limit=10&search=gr, Has user? true, Has socket? true
[ActivityLogger] Success! Method=GET, URL=/api/admin/community/comments?page=1&limit=10&search=gre, Has user? true, Has socket? true
[ActivityLogger] Success! Method=GET, URL=/api/admin/community/comments?page=1&limit=10&search=grea, Has user? true, Has socket? true
[ActivityLogger] Success! Method=GET, URL=/api/admin/community/comments?page=1&limit=10&search=gre, Has user? true, Has socket? true
[ActivityLogger] Success! Method=GET, URL=/api/admin/community/comments?page=1&limit=10&search=g, Has user? true, Has socket? true
[ActivityLogger] Success! Method=GET, URL=/api/admin/community/comments?page=1&limit=10&search=gr, Has user? true, Has socket? true
[ActivityLogger] Success! Method=GET, URL=/api/admin/community/comments?page=1&limit=10&search=, Has user? true, Has socket? true
[ActivityLogger] Success! Method=GET, URL=/api/admin/community/comments?page=1&limit=10&search=g, Has user? true, Has socket? true
[ActivityLogger] Success! Method=GET, URL=/api/admin/community/comments?page=1&limit=10&search=go, Has user? true, Has socket? true
[ActivityLogger] Success! Method=GET, URL=/api/admin/community/comments?page=1&limit=10&search=g, Has user? true, Has socket? true
[ActivityLogger] Success! Method=GET, URL=/api/admin/community/comments?page=1&limit=10&search=, Has user? true, Has socket? true
[ActivityLogger] Success! Method=GET, URL=/api/admin/community/dashboard, Has user? true, Has socket? true
[ActivityLogger] Success! Method=GET, URL=/api/admin/community/dashboard, Has user? true, Has socket? true
[ActivityLogger] Success! Method=GET, URL=/api/admin/tests, Has user? true, Has socket? true
[ActivityLogger] Success! Method=GET, URL=/api/admin/tests, Has user? true, Has socket? true
[ActivityLogger] Success! Method=GET, URL=/api/admin/questions/companies, Has user? true, Has socket? true
[ActivityLogger] Success! Method=GET, URL=/api/admin/questions/topics, Has user? true, Has socket? true
[ActivityLogger] Success! Method=GET, URL=/api/admin/questions/topics, Has user? true, Has socket? true
[ActivityLogger] Success! Method=GET, URL=/api/admin/questions/companies, Has user? true, Has socket? true
[ActivityLogger] Success! Method=GET, URL=/api/admin/questions?search=&topic=&company=&difficulty=&page=1, Has user? true, Has socket? true
[ActivityLogger] Success! Method=GET, URL=/api/admin/questions?search=&topic=&company=&difficulty=&page=1, Has user? true, Has socket? true
[ActivityLogger] Success! Method=GET, URL=/api/admin/questions/companies, Has user? true, Has socket? true
[ActivityLogger] Success! Method=GET, URL=/api/admin/questions/companies, Has user? true, Has socket? true
[ActivityLogger] Success! Method=GET, URL=/api/admin/community/dashboard, Has user? true, Has socket? true
[ActivityLogger] Success! Method=GET, URL=/api/admin/community/dashboard, Has user? true, Has socket? true
[ActivityLogger] Success! Method=GET, URL=/api/admin/community/discussions?page=1&limit=10&search=&sort=-createdAt, Has user? true, Has socket? true
[ActivityLogger] Success! Method=GET, URL=/api/admin/community/discussions?page=1&limit=10&search=&sort=-createdAt, Has user? true, Has socket? true
[ActivityLogger] Success! Method=GET, URL=/api/admin/community/discussion/6a55e530cf65e6b2b31b06a8, Has user? true, Has socket? true
[ActivityLogger] Success! Method=GET, URL=/api/admin/community/discussion/6a55e530cf65e6b2b31b06a8, Has user? true, Has socket? true
[ActivityLogger] Success! Method=GET, URL=/api/admin/community/discussions?page=1&limit=10&search=&sort=-createdAt, Has user? true, Has socket? true
[ActivityLogger] Success! Method=GET, URL=/api/admin/community/discussions?page=1&limit=10&search=&sort=-createdAt, Has user? true, Has socket? true
[ActivityLogger] Success! Method=GET, URL=/api/admin/community/discussions?page=1&limit=10&search=&sort=-createdAt, Has user? true, Has socket? true
[ActivityLogger] Success! Method=GET, URL=/api/admin/community/discussion/6a55e530cf65e6b2b31b06a8, Has user? true, Has socket? true
[ActivityLogger] Success! Method=GET, URL=/api/admin/community/discussion/6a55e530cf65e6b2b31b06a8, Has user? true, Has socket? true
[ActivityLogger] Success! Method=GET, URL=/api/admin/community/discussions?page=1&limit=10&search=&sort=-createdAt, Has user? true, Has socket? true
[ActivityLogger] Success! Method=GET, URL=/api/admin/community/discussions?page=1&limit=10&search=&sort=-createdAt, Has user? true, Has socket? true
[ActivityLogger] Success! Method=GET, URL=/api/admin/community/discussions?page=1&limit=10&search=&sort=createdAt, Has user? true, Has socket? true
[ActivityLogger] Success! Method=GET, URL=/api/admin/community/discussions?page=1&limit=10&search=&sort=likes, Has user? true, Has socket? true
[ActivityLogger] Success! Method=GET, URL=/api/admin/community/discussions?page=1&limit=10&search=&sort=comments, Has user? true, Has socket? true
[ActivityLogger] Success! Method=GET, URL=/api/admin/community/discussions?page=1&limit=10&search=&sort=-createdAt, Has user? true, Has socket? true
[ActivityLogger] Success! Method=GET, URL=/api/admin/community/discussion/6a55e530cf65e6b2b31b06a8, Has user? true, Has socket? true
[ActivityLogger] Success! Method=GET, URL=/api/admin/community/discussion/6a55e530cf65e6b2b31b06a8, Has user? true, Has socket? true
[ActivityLogger] Success! Method=GET, URL=/api/admin/community/discussions?page=1&limit=10&search=&sort=-createdAt, Has user? true, Has socket? true
[ActivityLogger] Success! Method=GET, URL=/api/admin/community/discussions?page=1&limit=10&search=&sort=-createdAt, Has user? true, Has socket? true
[ActivityLogger] Success! Method=GET, URL=/api/admin/achievement?page=1&limit=10&search=&category=&status=, Has user? true, Has socket? true
[ActivityLogger] Success! Method=GET, URL=/api/admin/rewards/dashboard, Has user? true, Has socket? true
[ActivityLogger] Success! Method=GET, URL=/api/admin/rewards/dashboard, Has user? true, Has socket? true
[ActivityLogger] Success! Method=GET, URL=/api/admin/achievement?page=1&limit=10&search=&category=&status=, Has user? true, Has socket? true
[ActivityLogger] Success! Method=GET, URL=/api/admin/community/dashboard, Has user? true, Has socket? true
[ActivityLogger] Success! Method=GET, URL=/api/admin/community/dashboard, Has user? true, Has socket? true
[ActivityLogger] Success! Method=GET, URL=/api/admin/contests, Has user? true, Has socket? true
[ActivityLogger] Success! Method=GET, URL=/api/admin/contests, Has user? true, Has socket? true
[ActivityLogger] Success! Method=GET, URL=/api/admin/community/dashboard, Has user? true, Has socket? true
[ActivityLogger] Success! Method=GET, URL=/api/admin/community/dashboard, Has user? true, Has socket? true
[ActivityLogger] Success! Method=GET, URL=/api/admin/community/messages?page=1&limit=10&search=, Has user? true, Has socket? true
[ActivityLogger] Success! Method=GET, URL=/api/admin/community/messages?page=1&limit=10&search=, Has user? true, Has socket? true
[ActivityLogger] Success! Method=GET, URL=/api/admin/community/dashboard, Has user? true, Has socket? true
[ActivityLogger] Success! Method=GET, URL=/api/admin/community/dashboard, Has user? true, Has socket? true
[ActivityLogger] Success! Method=GET, URL=/api/admin/community/groups?page=1&limit=10&search=, Has user? true, Has socket? true
[ActivityLogger] Success! Method=GET, URL=/api/admin/community/groups?page=1&limit=10&search=, Has user? true, Has socket? true
[ActivityLogger] Success! Method=GET, URL=/api/admin/community/group/6a55edebcf65e6b2b31b06aa, Has user? true, Has socket? true
[ActivityLogger] Success! Method=GET, URL=/api/admin/community/group/6a55edebcf65e6b2b31b06aa/members, Has user? true, Has socket? true
[ActivityLogger] Success! Method=GET, URL=/api/admin/community/group/6a55edebcf65e6b2b31b06aa, Has user? true, Has socket? true
[ActivityLogger] Success! Method=GET, URL=/api/admin/community/group/6a55edebcf65e6b2b31b06aa/members, Has user? true, Has socket? true
[ActivityLogger] Success! Method=GET, URL=/api/admin/community/groups?page=1&limit=10&search=, Has user? true, Has socket? true
[ActivityLogger] Success! Method=GET, URL=/api/admin/community/groups?page=1&limit=10&search=, Has user? true, Has socket? true
[ActivityLogger] Success! Method=GET, URL=/api/admin/community/groups?page=1&limit=10&search=, Has user? true, Has socket? true
[ActivityLogger] Success! Method=GET, URL=/api/admin/community/group/6a703eb246e22fbb4d61ab43, Has user? true, Has socket? true
[ActivityLogger] Success! Method=GET, URL=/api/admin/community/group/6a703eb246e22fbb4d61ab43/members, Has user? true, Has socket? true
[ActivityLogger] Success! Method=GET, URL=/api/admin/community/group/6a703eb246e22fbb4d61ab43, Has user? true, Has socket? true
[ActivityLogger] Success! Method=GET, URL=/api/admin/community/group/6a703eb246e22fbb4d61ab43/members, Has user? true, Has socket? true
[ActivityLogger] Success! Method=GET, URL=/api/admin/community/group/6a703eb246e22fbb4d61ab43, Has user? true, Has socket? true
[ActivityLogger] Success! Method=GET, URL=/api/admin/community/group/6a703eb246e22fbb4d61ab43, Has user? true, Has socket? true
[ActivityLogger] Success! Method=GET, URL=/api/admin/community/group/6a703eb246e22fbb4d61ab43, Has user? true, Has socket? true
[ActivityLogger] Success! Method=GET, URL=/api/admin/community/group/6a703eb246e22fbb4d61ab43/members, Has user? true, Has socket? true
[ActivityLogger] Success! Method=GET, URL=/api/admin/community/group/6a703eb246e22fbb4d61ab43, Has user? true, Has socket? true
[ActivityLogger] Success! Method=GET, URL=/api/admin/community/group/6a703eb246e22fbb4d61ab43/members, Has user? true, Has socket? true
[ActivityLogger] Success! Method=GET, URL=/api/admin/community/groups?page=1&limit=10&search=, Has user? true, Has socket? true
[ActivityLogger] Success! Method=GET, URL=/api/admin/community/groups?page=1&limit=10&search=, Has user? true, Has socket? true
[ActivityLogger] Success! Method=GET, URL=/api/admin/achievement?page=1&limit=10&search=&category=&status=, Has user? true, Has socket? true
[ActivityLogger] Success! Method=GET, URL=/api/admin/community/dashboard, Has user? true, Has socket? true
[ActivityLogger] Success! Method=GET, URL=/api/admin/community/dashboard, Has user? true, Has socket? true
[ActivityLogger] Success! Method=GET, URL=/api/admin/community/groups?page=1&limit=10&search=, Has user? true, Has socket? true
[ActivityLogger] Success! Method=GET, URL=/api/admin/community/groups?page=1&limit=10&search=, Has user? true, Has socket? true
[ActivityLogger] Success! Method=GET, URL=/api/admin/community/dashboard, Has user? true, Has socket? true
[ActivityLogger] Success! Method=GET, URL=/api/admin/community/dashboard, Has user? true, Has socket? true
[ActivityLogger] Success! Method=GET, URL=/api/admin/community/comments?page=1&limit=10&search=, Has user? true, Has socket? true
[ActivityLogger] Success! Method=GET, URL=/api/admin/community/comments?page=1&limit=10&search=, Has user? true, Has socket? true
[ActivityLogger] Success! Method=GET, URL=/api/admin/community/dashboard, Has user? true, Has socket? true
[ActivityLogger] Success! Method=GET, URL=/api/admin/community/dashboard, Has user? true, Has socket? true
[ActivityLogger] Success! Method=GET, URL=/api/admin/community/messages?page=1&limit=10&search=, Has user? true, Has socket? true
[ActivityLogger] Success! Method=GET, URL=/api/admin/community/messages?page=1&limit=10&search=, Has user? true, Has socket? true
[ActivityLogger] Success! Method=GET, URL=/api/admin/community/messages?page=1&limit=10&search=, Has user? true, Has socket? true
[ActivityLogger] Success! Method=GET, URL=/api/admin/achievement?page=1&limit=10&search=&category=&status=, Has user? true, Has socket? true
[ActivityLogger] Success! Method=GET, URL=/api/admin/community/dashboard, Has user? true, Has socket? true
[ActivityLogger] Success! Method=GET, URL=/api/admin/community/dashboard, Has user? true, Has socket? true
[ActivityLogger] Success! Method=GET, URL=/api/admin/contests, Has user? true, Has socket? true
[ActivityLogger] Success! Method=GET, URL=/api/admin/contests, Has user? true, Has socket? true
[ActivityLogger] Success! Method=GET, URL=/api/admin/community/dashboard, Has user? true, Has socket? true
[ActivityLogger] Success! Method=GET, URL=/api/admin/community/dashboard, Has user? true, Has socket? true
[ActivityLogger] Success! Method=GET, URL=/api/admin/community/groups?page=1&limit=10&search=, Has user? true, Has socket? true
[ActivityLogger] Success! Method=GET, URL=/api/admin/community/groups?page=1&limit=10&search=, Has user? true, Has socket? true
[ActivityLogger] Success! Method=GET, URL=/api/admin/community/dashboard, Has user? true, Has socket? true
[ActivityLogger] Success! Method=GET, URL=/api/admin/community/dashboard, Has user? true, Has socket? true
[ActivityLogger] Success! Method=GET, URL=/api/admin/community/comments?page=1&limit=10&search=, Has user? true, Has socket? true
[ActivityLogger] Success! Method=GET, URL=/api/admin/community/comments?page=1&limit=10&search=, Has user? true, Has socket? true
[ActivityLogger] Success! Method=GET, URL=/api/admin/community/dashboard, Has user? true, Has socket? true
[ActivityLogger] Success! Method=GET, URL=/api/admin/community/dashboard, Has user? true, Has socket? true
[ActivityLogger] Success! Method=GET, URL=/api/admin/community/discussions?page=1&limit=10&search=&sort=-createdAt, Has user? true, Has socket? true
[ActivityLogger] Success! Method=GET, URL=/api/admin/community/discussions?page=1&limit=10&search=&sort=-createdAt, Has user? true, Has socket? true
[ActivityLogger] Success! Method=GET, URL=/api/admin/community/dashboard, Has user? true, Has socket? true
[ActivityLogger] Success! Method=GET, URL=/api/admin/community/dashboard, Has user? true, Has socket? true
[ActivityLogger] Success! Method=GET, URL=/api/admin/contests, Has user? true, Has socket? true
[ActivityLogger] Success! Method=GET, URL=/api/admin/contests, Has user? true, Has socket? true
[ActivityLogger] Success! Method=GET, URL=/api/admin/questions/companies, Has user? true, Has socket? true
[ActivityLogger] Success! Method=GET, URL=/api/admin/questions/companies, Has user? true, Has socket? true
[ActivityLogger] Success! Method=GET, URL=/api/admin/contests, Has user? true, Has socket? true
[ActivityLogger] Success! Method=GET, URL=/api/admin/contests, Has user? true, Has socket? true
[ActivityLogger] Success! Method=GET, URL=/api/admin/community/dashboard, Has user? true, Has socket? true
[ActivityLogger] Success! Method=GET, URL=/api/admin/community/dashboard, Has user? true, Has socket? true
[ActivityLogger] Success! Method=GET, URL=/api/admin/rewards/dashboard, Has user? true, Has socket? true
[ActivityLogger] Success! Method=GET, URL=/api/admin/rewards/dashboard, Has user? true, Has socket? true
[ActivityLogger] Success! Method=GET, URL=/api/admin/badges, Has user? true, Has socket? true
[ActivityLogger] Success! Method=GET, URL=/api/admin/badges, Has user? true, Has socket? true
[ActivityLogger] Success! Method=POST, URL=/api/admin/auth/login, Has user? false, Has socket? true
[ActivityLogger] Success! Method=GET, URL=/api/admin/auth/dashboard, Has user? true, Has socket? true
[ActivityLogger] Success! Method=GET, URL=/api/admin/auth/dashboard, Has user? true, Has socket? true
[ActivityLogger] Success! Method=GET, URL=/api/admin/questions/topics, Has user? true, Has socket? true
[ActivityLogger] Success! Method=GET, URL=/api/admin/questions/topics, Has user? true, Has socket? true
[ActivityLogger] Success! Method=GET, URL=/api/admin/questions/companies, Has user? true, Has socket? true
[ActivityLogger] Success! Method=GET, URL=/api/admin/questions/companies, Has user? true, Has socket? true
[ActivityLogger] Success! Method=GET, URL=/api/admin/contests, Has user? true, Has socket? true
[ActivityLogger] Success! Method=GET, URL=/api/admin/contests, Has user? true, Has socket? true
[ActivityLogger] Success! Method=GET, URL=/api/admin/coding?limit=1000, Has user? true, Has socket? true
[ActivityLogger] Success! Method=GET, URL=/api/admin/coding?limit=1000, Has user? true, Has socket? true
[ActivityLogger] Success! Method=GET, URL=/api/admin/coding?limit=1000, Has user? true, Has socket? true
[ActivityLogger] Success! Method=GET, URL=/api/admin/coding?limit=1000, Has user? true, Has socket? true
[ActivityLogger] Success! Method=GET, URL=/api/admin/contests, Has user? true, Has socket? true
[ActivityLogger] Success! Method=GET, URL=/api/admin/contests, Has user? true, Has socket? true
[ActivityLogger] Success! Method=GET, URL=/api/admin/contests/6a576109c49649011c1c697f, Has user? true, Has socket? true
[ActivityLogger] Success! Method=GET, URL=/api/admin/contests/6a576109c49649011c1c697f, Has user? true, Has socket? true
[ActivityLogger] Success! Method=GET, URL=/api/admin/contests/6a576109c49649011c1c697f/participants, Has user? true, Has socket? true
[ActivityLogger] Success! Method=GET, URL=/api/admin/contests/6a576109c49649011c1c697f/participants, Has user? true, Has socket? true
[ActivityLogger] Success! Method=GET, URL=/api/admin/contests/6a576109c49649011c1c697f, Has user? true, Has socket? true
[ActivityLogger] Success! Method=GET, URL=/api/admin/contests/6a576109c49649011c1c697f, Has user? true, Has socket? true
[ActivityLogger] Success! Method=GET, URL=/api/admin/contests/6a576109c49649011c1c697f/leaderboard, Has user? true, Has socket? true
[ActivityLogger] Success! Method=GET, URL=/api/admin/contests/6a576109c49649011c1c697f/leaderboard, Has user? true, Has socket? true
[ActivityLogger] Success! Method=GET, URL=/api/admin/contests/6a576109c49649011c1c697f, Has user? true, Has socket? true
[ActivityLogger] Success! Method=GET, URL=/api/admin/contests/6a576109c49649011c1c697f, Has user? true, Has socket? true
[ActivityLogger] Success! Method=GET, URL=/api/admin/contests/6a576109c49649011c1c697f, Has user? true, Has socket? true
[ActivityLogger] Success! Method=GET, URL=/api/admin/contests/6a576109c49649011c1c697f, Has user? true, Has socket? true
[ActivityLogger] Success! Method=GET, URL=/api/admin/coding?limit=1000, Has user? true, Has socket? true
[ActivityLogger] Success! Method=GET, URL=/api/admin/coding?limit=1000, Has user? true, Has socket? true
[ActivityLogger] Success! Method=GET, URL=/api/admin/contests/6a576109c49649011c1c697f, Has user? true, Has socket? true
[ActivityLogger] Success! Method=GET, URL=/api/admin/contests/6a576109c49649011c1c697f, Has user? true, Has socket? true
[ActivityLogger] Success! Method=GET, URL=/api/admin/contests/6a576109c49649011c1c697f/leaderboard, Has user? true, Has socket? true
[ActivityLogger] Success! Method=GET, URL=/api/admin/contests/6a576109c49649011c1c697f/leaderboard, Has user? true, Has socket? true
[ActivityLogger] Success! Method=GET, URL=/api/admin/contests/6a576109c49649011c1c697f, Has user? true, Has socket? true
[ActivityLogger] Success! Method=GET, URL=/api/admin/contests/6a576109c49649011c1c697f, Has user? true, Has socket? true
[ActivityLogger] Success! Method=GET, URL=/api/admin/contests/6a576109c49649011c1c697f/participants, Has user? true, Has socket? true
[ActivityLogger] Success! Method=GET, URL=/api/admin/contests/6a576109c49649011c1c697f/participants, Has user? true, Has socket? true
[ActivityLogger] Success! Method=GET, URL=/api/admin/contests/6a576109c49649011c1c697f, Has user? true, Has socket? true
[ActivityLogger] Success! Method=GET, URL=/api/admin/contests/6a576109c49649011c1c697f, Has user? true, Has socket? true
[ActivityLogger] Success! Method=GET, URL=/api/admin/contests, Has user? true, Has socket? true
[ActivityLogger] Success! Method=GET, URL=/api/admin/contests, Has user? true, Has socket? true
[ActivityLogger] Success! Method=GET, URL=/api/admin/coding?limit=1000, Has user? true, Has socket? true
[ActivityLogger] Success! Method=GET, URL=/api/admin/coding?limit=1000, Has user? true, Has socket? true
[ActivityLogger] Success! Method=GET, URL=/api/admin/contests, Has user? true, Has socket? true
[ActivityLogger] Success! Method=GET, URL=/api/admin/contests, Has user? true, Has socket? true
[ActivityLogger] Success! Method=GET, URL=/api/admin/contests/6a576109c49649011c1c697f, Has user? true, Has socket? true
[ActivityLogger] Success! Method=GET, URL=/api/admin/contests/6a576109c49649011c1c697f, Has user? true, Has socket? true
[ActivityLogger] Success! Method=GET, URL=/api/admin/contests, Has user? true, Has socket? true
[ActivityLogger] Success! Method=GET, URL=/api/admin/contests, Has user? true, Has socket? true
[ActivityLogger] Success! Method=GET, URL=/api/admin/contests/6a576109c49649011c1c697f, Has user? true, Has socket? true
[ActivityLogger] Success! Method=GET, URL=/api/admin/contests/6a576109c49649011c1c697f, Has user? true, Has socket? true
[ActivityLogger] Success! Method=GET, URL=/api/admin/coding?limit=1000, Has user? true, Has socket? true
[ActivityLogger] Success! Method=GET, URL=/api/admin/coding?limit=1000, Has user? true, Has socket? true
[ActivityLogger] Success! Method=GET, URL=/api/admin/contests, Has user? true, Has socket? true
[ActivityLogger] Success! Method=GET, URL=/api/admin/contests, Has user? true, Has socket? true
[ActivityLogger] Success! Method=GET, URL=/api/admin/contests/6a576109c49649011c1c697f, Has user? true, Has socket? true
[ActivityLogger] Success! Method=GET, URL=/api/admin/contests/6a576109c49649011c1c697f, Has user? true, Has socket? true
[ActivityLogger] Success! Method=GET, URL=/api/admin/contests, Has user? true, Has socket? true
[ActivityLogger] Success! Method=GET, URL=/api/admin/contests, Has user? true, Has socket? true
[ActivityLogger] Success! Method=GET, URL=/api/admin/contests/6a576109c49649011c1c697f, Has user? true, Has socket? true
[ActivityLogger] Success! Method=GET, URL=/api/admin/contests/6a576109c49649011c1c697f, Has user? true, Has socket? true
[ActivityLogger] Success! Method=GET, URL=/api/admin/contests/6a576109c49649011c1c697f, Has user? true, Has socket? true
[ActivityLogger] Success! Method=GET, URL=/api/admin/contests, Has user? true, Has socket? true
[ActivityLogger] Success! Method=GET, URL=/api/admin/contests, Has user? true, Has socket? true
[ActivityLogger] Success! Method=GET, URL=/api/admin/contests/6a576109c49649011c1c697f, Has user? true, Has socket? true
[ActivityLogger] Success! Method=GET, URL=/api/admin/contests/6a576109c49649011c1c697f, Has user? true, Has socket? true
[ActivityLogger] Success! Method=GET, URL=/api/admin/contests, Has user? true, Has socket? true
[ActivityLogger] Success! Method=GET, URL=/api/admin/contests, Has user? true, Has socket? true
[ActivityLogger] Success! Method=GET, URL=/api/admin/contests/6a576109c49649011c1c697f, Has user? true, Has socket? true
[ActivityLogger] Success! Method=GET, URL=/api/admin/contests/6a576109c49649011c1c697f, Has user? true, Has socket? true
[ActivityLogger] Success! Method=GET, URL=/api/admin/coding?limit=1000, Has user? true, Has socket? true
[ActivityLogger] Success! Method=GET, URL=/api/admin/coding?limit=1000, Has user? true, Has socket? true
[ActivityLogger] Success! Method=GET, URL=/api/admin/contests, Has user? true, Has socket? true
[ActivityLogger] Success! Method=GET, URL=/api/admin/contests, Has user? true, Has socket? true
[ActivityLogger] Success! Method=GET, URL=/api/admin/contests, Has user? true, Has socket? true
[ActivityLogger] Success! Method=GET, URL=/api/admin/contests/6a576109c49649011c1c697f, Has user? true, Has socket? true
[ActivityLogger] Success! Method=GET, URL=/api/admin/contests/6a576109c49649011c1c697f, Has user? true, Has socket? true
[ActivityLogger] Success! Method=GET, URL=/api/admin/contests, Has user? true, Has socket? true
[ActivityLogger] Success! Method=GET, URL=/api/admin/contests, Has user? true, Has socket? true
[ActivityLogger] Success! Method=GET, URL=/api/admin/contests/6a576109c49649011c1c697f, Has user? true, Has socket? true
[ActivityLogger] Success! Method=GET, URL=/api/admin/contests/6a576109c49649011c1c697f, Has user? true, Has socket? true
[ActivityLogger] Success! Method=GET, URL=/api/admin/coding?limit=1000, Has user? true, Has socket? true
[ActivityLogger] Success! Method=GET, URL=/api/admin/coding?limit=1000, Has user? true, Has socket? true
[ActivityLogger] Success! Method=GET, URL=/api/admin/contests, Has user? true, Has socket? true
[ActivityLogger] Success! Method=GET, URL=/api/admin/contests, Has user? true, Has socket? true
[ActivityLogger] Success! Method=GET, URL=/api/admin/community/dashboard, Has user? true, Has socket? true
[ActivityLogger] Success! Method=GET, URL=/api/admin/community/dashboard, Has user? true, Has socket? true
[ActivityLogger] Success! Method=GET, URL=/api/admin/achievement?page=1&limit=10&search=&category=&status=, Has user? true, Has socket? true
[ActivityLogger] Success! Method=GET, URL=/api/admin/rewards/dashboard, Has user? true, Has socket? true
[ActivityLogger] Success! Method=GET, URL=/api/admin/rewards/dashboard, Has user? true, Has socket? true
[ActivityLogger] Success! Method=GET, URL=/api/admin/badges, Has user? true, Has socket? true
[ActivityLogger] Success! Method=GET, URL=/api/admin/badges, Has user? true, Has socket? true
[ActivityLogger] Success! Method=GET, URL=/api/admin/analytics/resume, Has user? true, Has socket? true
[ActivityLogger] Success! Method=GET, URL=/api/admin/analytics/coding, Has user? true, Has socket? true
[ActivityLogger] Success! Method=GET, URL=/api/admin/analytics/users, Has user? true, Has socket? true
[ActivityLogger] Success! Method=GET, URL=/api/admin/analytics/resume, Has user? true, Has socket? true
[ActivityLogger] Success! Method=GET, URL=/api/admin/analytics/coding, Has user? true, Has socket? true
[ActivityLogger] Success! Method=GET, URL=/api/admin/analytics/users, Has user? true, Has socket? true
[ActivityLogger] Success! Method=GET, URL=/api/admin/analytics/interviews, Has user? true, Has socket? true
[ActivityLogger] Success! Method=GET, URL=/api/admin/analytics/dashboard, Has user? true, Has socket? true
[ActivityLogger] Success! Method=GET, URL=/api/admin/analytics/interviews, Has user? true, Has socket? true
[ActivityLogger] Success! Method=GET, URL=/api/admin/analytics/dashboard, Has user? true, Has socket? true
[ActivityLogger] Success! Method=GET, URL=/api/admin/badges, Has user? true, Has socket? true
[ActivityLogger] Success! Method=GET, URL=/api/admin/badges, Has user? true, Has socket? true
[ActivityLogger] Success! Method=GET, URL=/api/admin/achievement?page=1&limit=10&search=&category=&status=, Has user? true, Has socket? true
[ActivityLogger] Success! Method=GET, URL=/api/admin/community/dashboard, Has user? true, Has socket? true
[ActivityLogger] Success! Method=GET, URL=/api/admin/community/dashboard, Has user? true, Has socket? true
[ActivityLogger] Success! Method=GET, URL=/api/admin/contests, Has user? true, Has socket? true
[ActivityLogger] Success! Method=GET, URL=/api/admin/contests, Has user? true, Has socket? true
[ActivityLogger] Success! Method=GET, URL=/api/admin/questions/companies, Has user? true, Has socket? true
[ActivityLogger] Success! Method=GET, URL=/api/admin/questions/companies, Has user? true, Has socket? true
[ActivityLogger] Success! Method=GET, URL=/api/admin/contests, Has user? true, Has socket? true
[ActivityLogger] Success! Method=GET, URL=/api/admin/contests, Has user? true, Has socket? true
[ActivityLogger] Success! Method=GET, URL=/api/admin/coding?limit=1000, Has user? true, Has socket? true
[ActivityLogger] Success! Method=GET, URL=/api/admin/coding?limit=1000, Has user? true, Has socket? true
[ActivityLogger] Success! Method=GET, URL=/api/admin/contests, Has user? true, Has socket? true
[ActivityLogger] Success! Method=GET, URL=/api/admin/contests, Has user? true, Has socket? true
[ActivityLogger] Success! Method=GET, URL=/api/admin/questions/companies, Has user? true, Has socket? true
[ActivityLogger] Success! Method=GET, URL=/api/admin/questions/companies, Has user? true, Has socket? true
[ActivityLogger] Success! Method=POST, URL=/api/admin/auth/login, Has user? false, Has socket? true
[ActivityLogger] Success! Method=GET, URL=/api/admin/auth/dashboard, Has user? true, Has socket? true
[ActivityLogger] Success! Method=GET, URL=/api/admin/auth/dashboard, Has user? true, Has socket? true
[ActivityLogger] Success! Method=GET, URL=/api/admin/achievement?page=1&limit=10&search=&category=&status=, Has user? true, Has socket? true
[ActivityLogger] Success! Method=GET, URL=/api/admin/community/dashboard, Has user? true, Has socket? true
[ActivityLogger] Success! Method=GET, URL=/api/admin/community/dashboard, Has user? true, Has socket? true
[ActivityLogger] Success! Method=GET, URL=/api/admin/contests, Has user? true, Has socket? true
[ActivityLogger] Success! Method=GET, URL=/api/admin/contests, Has user? true, Has socket? true
[ActivityLogger] Success! Method=GET, URL=/api/admin/questions/companies, Has user? true, Has socket? true
[ActivityLogger] Success! Method=GET, URL=/api/admin/questions/companies, Has user? true, Has socket? true
[ActivityLogger] Success! Method=GET, URL=/api/admin/contests, Has user? true, Has socket? true
[ActivityLogger] Success! Method=GET, URL=/api/admin/contests, Has user? true, Has socket? true
[ActivityLogger] Success! Method=GET, URL=/api/admin/questions/companies, Has user? true, Has socket? true
[ActivityLogger] Success! Method=GET, URL=/api/admin/questions/companies, Has user? true, Has socket? true
[ActivityLogger] Success! Method=GET, URL=/api/admin/questions/topics, Has user? true, Has socket? true
[ActivityLogger] Success! Method=GET, URL=/api/admin/questions/topics, Has user? true, Has socket? true
[ActivityLogger] Success! Method=GET, URL=/api/admin/questions/companies, Has user? true, Has socket? true
[ActivityLogger] Success! Method=GET, URL=/api/admin/questions/companies, Has user? true, Has socket? true
[ActivityLogger] Success! Method=GET, URL=/api/admin/questions/topics, Has user? true, Has socket? true
[ActivityLogger] Success! Method=GET, URL=/api/admin/questions/topics, Has user? true, Has socket? true
[ActivityLogger] Success! Method=GET, URL=/api/admin/questions/companies, Has user? true, Has socket? true
[ActivityLogger] Success! Method=GET, URL=/api/admin/questions/companies, Has user? true, Has socket? true
[ActivityLogger] Success! Method=GET, URL=/api/admin/questions/topics, Has user? true, Has socket? true
[ActivityLogger] Success! Method=GET, URL=/api/admin/questions/companies, Has user? true, Has socket? true
[ActivityLogger] Success! Method=GET, URL=/api/admin/questions/companies, Has user? true, Has socket? true
[ActivityLogger] Success! Method=GET, URL=/api/admin/questions/topics, Has user? true, Has socket? true
[ActivityLogger] Success! Method=GET, URL=/api/admin/questions?search=&topic=&company=&difficulty=&page=1, Has user? true, Has socket? true
[ActivityLogger] Success! Method=GET, URL=/api/admin/questions?search=&topic=&company=&difficulty=&page=1, Has user? true, Has socket? true
[ActivityLogger] Success! Method=GET, URL=/api/admin/questions/companies, Has user? true, Has socket? true
[ActivityLogger] Success! Method=GET, URL=/api/admin/questions/companies, Has user? true, Has socket? true
[ActivityLogger] Success! Method=GET, URL=/api/admin/questions/topics, Has user? true, Has socket? true
[ActivityLogger] Success! Method=GET, URL=/api/admin/questions/companies, Has user? true, Has socket? true
[ActivityLogger] Success! Method=GET, URL=/api/admin/questions/topics, Has user? true, Has socket? true
[ActivityLogger] Success! Method=GET, URL=/api/admin/questions/companies, Has user? true, Has socket? true
[ActivityLogger] Success! Method=GET, URL=/api/admin/questions?search=&topic=&company=&difficulty=&page=1, Has user? true, Has socket? true
[ActivityLogger] Success! Method=GET, URL=/api/admin/questions?search=&topic=&company=&difficulty=&page=1, Has user? true, Has socket? true
[ActivityLogger] Success! Method=GET, URL=/api/admin/questions/companies, Has user? true, Has socket? true
[ActivityLogger] Success! Method=GET, URL=/api/admin/questions/topics, Has user? true, Has socket? true
[ActivityLogger] Success! Method=GET, URL=/api/admin/questions/companies, Has user? true, Has socket? true
[ActivityLogger] Success! Method=GET, URL=/api/admin/questions/topics, Has user? true, Has socket? true
[ActivityLogger] Success! Method=GET, URL=/api/admin/questions/topics, Has user? true, Has socket? true
[ActivityLogger] Success! Method=GET, URL=/api/admin/questions/companies, Has user? true, Has socket? true
[ActivityLogger] Success! Method=GET, URL=/api/admin/questions/companies, Has user? true, Has socket? true
[ActivityLogger] Success! Method=GET, URL=/api/admin/questions/topics, Has user? true, Has socket? true
[ActivityLogger] Success! Method=GET, URL=/api/admin/questions?search=&topic=&company=&difficulty=&page=1, Has user? true, Has socket? true
[ActivityLogger] Success! Method=GET, URL=/api/admin/questions?search=&topic=&company=&difficulty=&page=1, Has user? true, Has socket? true
[ActivityLogger] Success! Method=GET, URL=/api/admin/questions/companies, Has user? true, Has socket? true
[ActivityLogger] Success! Method=GET, URL=/api/admin/questions/topics, Has user? true, Has socket? true
[ActivityLogger] Success! Method=GET, URL=/api/admin/questions/companies, Has user? true, Has socket? true
[ActivityLogger] Success! Method=GET, URL=/api/admin/questions/topics, Has user? true, Has socket? true
[ActivityLogger] Success! Method=GET, URL=/api/admin/questions/topics, Has user? true, Has socket? true
[ActivityLogger] Success! Method=GET, URL=/api/admin/questions/companies, Has user? true, Has socket? true
[ActivityLogger] Success! Method=GET, URL=/api/admin/questions?search=&topic=&company=&difficulty=&page=1, Has user? true, Has socket? true
[ActivityLogger] Success! Method=GET, URL=/api/admin/questions/topics, Has user? true, Has socket? true
[ActivityLogger] Success! Method=GET, URL=/api/admin/questions/companies, Has user? true, Has socket? true
[ActivityLogger] Success! Method=GET, URL=/api/admin/questions?search=&topic=&company=&difficulty=&page=1, Has user? true, Has socket? true
[ActivityLogger] Success! Method=GET, URL=/api/admin/questions/topics, Has user? true, Has socket? true
[ActivityLogger] Success! Method=GET, URL=/api/admin/questions/companies, Has user? true, Has socket? true
[ActivityLogger] Success! Method=GET, URL=/api/admin/questions/topics, Has user? true, Has socket? true
[ActivityLogger] Success! Method=GET, URL=/api/admin/questions/companies, Has user? true, Has socket? true
[ActivityLogger] Success! Method=GET, URL=/api/admin/questions/topics, Has user? true, Has socket? true
[ActivityLogger] Success! Method=GET, URL=/api/admin/questions/topics, Has user? true, Has socket? true
[ActivityLogger] Success! Method=GET, URL=/api/admin/questions/topics, Has user? true, Has socket? true
[ActivityLogger] Success! Method=GET, URL=/api/admin/questions/companies, Has user? true, Has socket? true
[ActivityLogger] Success! Method=GET, URL=/api/admin/questions/topics, Has user? true, Has socket? true
[ActivityLogger] Success! Method=GET, URL=/api/admin/questions?search=&topic=&company=&difficulty=&page=1, Has user? true, Has socket? true
[ActivityLogger] Success! Method=GET, URL=/api/admin/questions/companies, Has user? true, Has socket? true
[ActivityLogger] Success! Method=GET, URL=/api/admin/questions?search=&topic=&company=&difficulty=&page=1, Has user? true, Has socket? true
[ActivityLogger] Success! Method=GET, URL=/api/admin/questions/companies, Has user? true, Has socket? true
[ActivityLogger] Success! Method=GET, URL=/api/admin/questions/topics, Has user? true, Has socket? true
[ActivityLogger] Success! Method=GET, URL=/api/admin/questions/companies, Has user? true, Has socket? true
[ActivityLogger] Success! Method=GET, URL=/api/admin/questions/topics, Has user? true, Has socket? true
[ActivityLogger] Success! Method=GET, URL=/api/admin/auth/me, Has user? true, Has socket? true
[ActivityLogger] Success! Method=GET, URL=/api/admin/auth/me, Has user? true, Has socket? true
[ActivityLogger] Success! Method=GET, URL=/api/admin/questions/topics, Has user? true, Has socket? true
[ActivityLogger] Success! Method=GET, URL=/api/admin/questions/companies, Has user? true, Has socket? true
[ActivityLogger] Success! Method=GET, URL=/api/admin/questions/topics, Has user? true, Has socket? true
[ActivityLogger] Success! Method=GET, URL=/api/admin/questions/companies, Has user? true, Has socket? true
[ActivityLogger] Success! Method=GET, URL=/api/admin/questions/topics, Has user? true, Has socket? true
[ActivityLogger] Success! Method=GET, URL=/api/admin/questions/companies, Has user? true, Has socket? true
[ActivityLogger] Success! Method=GET, URL=/api/admin/questions/companies, Has user? true, Has socket? true
[ActivityLogger] Success! Method=GET, URL=/api/admin/questions/topics, Has user? true, Has socket? true
[ActivityLogger] Success! Method=GET, URL=/api/admin/questions?search=&topic=&company=&difficulty=&page=1, Has user? true, Has socket? true
[ActivityLogger] Success! Method=GET, URL=/api/admin/questions?search=&topic=&company=&difficulty=&page=1, Has user? true, Has socket? true
[ActivityLogger] Success! Method=GET, URL=/api/admin/questions/6a44fea053b521f3ad715fe6, Has user? true, Has socket? true
[ActivityLogger] Success! Method=GET, URL=/api/admin/questions/6a44fea053b521f3ad715fe6, Has user? true, Has socket? true
[ActivityLogger] Success! Method=GET, URL=/api/admin/questions/topics, Has user? true, Has socket? true
[ActivityLogger] Success! Method=GET, URL=/api/admin/questions/companies, Has user? true, Has socket? true
[ActivityLogger] Success! Method=GET, URL=/api/admin/questions/topics, Has user? true, Has socket? true
[ActivityLogger] Success! Method=GET, URL=/api/admin/questions/companies, Has user? true, Has socket? true
[ActivityLogger] Success! Method=GET, URL=/api/admin/questions?search=&topic=&company=&difficulty=&page=1, Has user? true, Has socket? true
[ActivityLogger] Success! Method=GET, URL=/api/admin/questions?search=&topic=&company=&difficulty=&page=1, Has user? true, Has socket? true
[ActivityLogger] Success! Method=GET, URL=/api/admin/questions/6a4ce6e191b46dec8725da5f, Has user? true, Has socket? true
[ActivityLogger] Success! Method=GET, URL=/api/admin/questions/topics, Has user? true, Has socket? true
[ActivityLogger] Success! Method=GET, URL=/api/admin/questions/companies, Has user? true, Has socket? true
[ActivityLogger] Success! Method=GET, URL=/api/admin/questions/6a4ce6e191b46dec8725da5f, Has user? true, Has socket? true
[ActivityLogger] Success! Method=GET, URL=/api/admin/questions/topics, Has user? true, Has socket? true
[ActivityLogger] Success! Method=GET, URL=/api/admin/questions/companies, Has user? true, Has socket? true
[ActivityLogger] Success! Method=GET, URL=/api/admin/questions/topics, Has user? true, Has socket? true
[ActivityLogger] Success! Method=GET, URL=/api/admin/questions/companies, Has user? true, Has socket? true
[ActivityLogger] Success! Method=GET, URL=/api/admin/questions/topics, Has user? true, Has socket? true
[ActivityLogger] Success! Method=GET, URL=/api/admin/questions/companies, Has user? true, Has socket? true
[ActivityLogger] Success! Method=GET, URL=/api/admin/questions?search=&topic=&company=&difficulty=&page=1, Has user? true, Has socket? true
[ActivityLogger] Success! Method=GET, URL=/api/admin/questions?search=&topic=&company=&difficulty=&page=1, Has user? true, Has socket? true
[ActivityLogger] Success! Method=GET, URL=/api/admin/questions/topics, Has user? true, Has socket? true
[ActivityLogger] Success! Method=GET, URL=/api/admin/questions/companies, Has user? true, Has socket? true
[ActivityLogger] Success! Method=GET, URL=/api/admin/questions/topics, Has user? true, Has socket? true
[ActivityLogger] Success! Method=GET, URL=/api/admin/questions/companies, Has user? true, Has socket? true
[ActivityLogger] Success! Method=POST, URL=/api/admin/auth/login, Has user? false, Has socket? true
[ActivityLogger] Success! Method=GET, URL=/api/admin/auth/dashboard, Has user? true, Has socket? true
[ActivityLogger] Success! Method=GET, URL=/api/admin/auth/dashboard, Has user? true, Has socket? true
[ActivityLogger] Success! Method=GET, URL=/api/admin/questions/topics, Has user? true, Has socket? true
[ActivityLogger] Success! Method=GET, URL=/api/admin/questions/topics, Has user? true, Has socket? true
[ActivityLogger] Success! Method=GET, URL=/api/admin/questions/companies, Has user? true, Has socket? true
[ActivityLogger] Success! Method=GET, URL=/api/admin/questions/companies, Has user? true, Has socket? true
[ActivityLogger] Success! Method=GET, URL=/api/admin/questions?search=&topic=&company=&difficulty=&page=1, Has user? true, Has socket? true
[ActivityLogger] Success! Method=GET, URL=/api/admin/questions?search=&topic=&company=&difficulty=&page=1, Has user? true, Has socket? true
[ActivityLogger] Success! Method=GET, URL=/api/admin/questions/topics, Has user? true, Has socket? true
[ActivityLogger] Success! Method=GET, URL=/api/admin/questions/companies, Has user? true, Has socket? true
[ActivityLogger] Success! Method=GET, URL=/api/admin/questions/topics, Has user? true, Has socket? true
[ActivityLogger] Success! Method=GET, URL=/api/admin/questions/companies, Has user? true, Has socket? true
[ActivityLogger] Success! Method=GET, URL=/api/admin/questions/topics, Has user? true, Has socket? true
[ActivityLogger] Success! Method=GET, URL=/api/admin/questions/companies, Has user? true, Has socket? true
[ActivityLogger] Success! Method=GET, URL=/api/admin/questions/topics, Has user? true, Has socket? true
[ActivityLogger] Success! Method=GET, URL=/api/admin/questions/companies, Has user? true, Has socket? true
[ActivityLogger] Success! Method=GET, URL=/api/admin/questions?search=&topic=&company=&difficulty=&page=1, Has user? true, Has socket? true
[ActivityLogger] Success! Method=GET, URL=/api/admin/questions?search=&topic=&company=&difficulty=&page=1, Has user? true, Has socket? true
[ActivityLogger] Success! Method=GET, URL=/api/admin/coding?page=1&search=&difficulty=&status=, Has user? true, Has socket? true
[ActivityLogger] Success! Method=GET, URL=/api/admin/coding?page=1&search=&difficulty=&status=, Has user? true, Has socket? true
[ActivityLogger] Success! Method=GET, URL=/api/admin/tests, Has user? true, Has socket? true
[ActivityLogger] Success! Method=GET, URL=/api/admin/tests, Has user? true, Has socket? true
[ActivityLogger] Success! Method=GET, URL=/api/admin/coding?page=1&search=&difficulty=&status=, Has user? true, Has socket? true
[ActivityLogger] Success! Method=GET, URL=/api/admin/coding?page=1&search=&difficulty=&status=, Has user? true, Has socket? true
[ActivityLogger] Success! Method=GET, URL=/api/admin/coding/6a71c7632dd0dc73c4da1c11, Has user? true, Has socket? true
[ActivityLogger] Success! Method=GET, URL=/api/admin/coding/6a71c7632dd0dc73c4da1c11, Has user? true, Has socket? true
[ActivityLogger] Success! Method=GET, URL=/api/admin/coding?page=1&search=&difficulty=&status=, Has user? true, Has socket? true
[ActivityLogger] Success! Method=GET, URL=/api/admin/coding?page=1&search=&difficulty=&status=, Has user? true, Has socket? true
[ActivityLogger] Success! Method=GET, URL=/api/admin/achievement?page=1&limit=10&search=&category=&status=, Has user? true, Has socket? true
[ActivityLogger] Success! Method=GET, URL=/api/admin/interviews/stats, Has user? true, Has socket? true
[ActivityLogger] Success! Method=GET, URL=/api/admin/interviews?page=1&search=&status=&experience=&limit=10, Has user? true, Has socket? true
[ActivityLogger] Success! Method=GET, URL=/api/admin/interviews/stats, Has user? true, Has socket? true
[ActivityLogger] Success! Method=GET, URL=/api/admin/interviews?page=1&search=&status=&experience=&limit=10, Has user? true, Has socket? true
[ActivityLogger] Success! Method=GET, URL=/api/admin/coding?page=1&search=&difficulty=&status=, Has user? true, Has socket? true
[ActivityLogger] Success! Method=GET, URL=/api/admin/coding?page=1&search=&difficulty=&status=, Has user? true, Has socket? true
[ActivityLogger] Success! Method=GET, URL=/api/admin/coding?page=1&search=&difficulty=&status=, Has user? true, Has socket? true
[ActivityLogger] Success! Method=GET, URL=/api/admin/coding?page=1&search=&difficulty=&status=, Has user? true, Has socket? true
[ActivityLogger] Success! Method=GET, URL=/api/admin/coding/6a71c7632dd0dc73c4da1c11, Has user? true, Has socket? true
[ActivityLogger] Success! Method=GET, URL=/api/admin/coding/6a71c7632dd0dc73c4da1c11, Has user? true, Has socket? true
[ActivityLogger] Success! Method=GET, URL=/api/admin/coding?page=1&search=&difficulty=&status=, Has user? true, Has socket? true
[ActivityLogger] Success! Method=GET, URL=/api/admin/coding?page=1&search=&difficulty=&status=, Has user? true, Has socket? true
[ActivityLogger] Success! Method=GET, URL=/api/admin/coding/6a71c7632dd0dc73c4da1c11, Has user? true, Has socket? true
[ActivityLogger] Success! Method=GET, URL=/api/admin/coding/6a71c7632dd0dc73c4da1c11, Has user? true, Has socket? true
[ActivityLogger] Success! Method=GET, URL=/api/admin/coding?page=1&search=&difficulty=&status=, Has user? true, Has socket? true
[ActivityLogger] Success! Method=GET, URL=/api/admin/coding?page=1&search=&difficulty=&status=, Has user? true, Has socket? true
[ActivityLogger] Success! Method=GET, URL=/api/admin/coding?page=1&search=&difficulty=&status=, Has user? true, Has socket? true
[ActivityLogger] Success! Method=GET, URL=/api/admin/coding?page=1&search=&difficulty=&status=, Has user? true, Has socket? true
[ActivityLogger] Success! Method=GET, URL=/api/admin/coding?page=1&search=&difficulty=&status=, Has user? true, Has socket? true
[ActivityLogger] Success! Method=GET, URL=/api/admin/coding?page=1&search=&difficulty=&status=, Has user? true, Has socket? true
[ActivityLogger] Success! Method=GET, URL=/api/admin/coding/6a5753abc73f47db3aaa0be8, Has user? true, Has socket? true
[ActivityLogger] Success! Method=GET, URL=/api/admin/coding/6a5753abc73f47db3aaa0be8, Has user? true, Has socket? true
[ActivityLogger] Success! Method=GET, URL=/api/admin/coding/6a5753abc73f47db3aaa0be8, Has user? true, Has socket? true
[ActivityLogger] Success! Method=GET, URL=/api/admin/coding/6a5753abc73f47db3aaa0be8, Has user? true, Has socket? true
[ActivityLogger] Success! Method=GET, URL=/api/admin/coding?page=1&search=&difficulty=&status=, Has user? true, Has socket? true
[ActivityLogger] Success! Method=GET, URL=/api/admin/coding?page=1&search=&difficulty=&status=, Has user? true, Has socket? true
[ActivityLogger] Success! Method=GET, URL=/api/admin/rewards/dashboard, Has user? true, Has socket? true
[ActivityLogger] Success! Method=GET, URL=/api/admin/rewards/dashboard, Has user? true, Has socket? true
[ActivityLogger] Success! Method=GET, URL=/api/admin/achievement?page=1&limit=10&search=&category=&status=, Has user? true, Has socket? true
[ActivityLogger] Success! Method=GET, URL=/api/admin/coding?page=1&search=&difficulty=&status=, Has user? true, Has socket? true
[ActivityLogger] Success! Method=GET, URL=/api/admin/coding?page=1&search=&difficulty=&status=, Has user? true, Has socket? true
[ActivityLogger] Success! Method=GET, URL=/api/admin/auth/me, Has user? true, Has socket? true
[ActivityLogger] Success! Method=GET, URL=/api/admin/auth/me, Has user? true, Has socket? true
[ActivityLogger] Success! Method=GET, URL=/api/admin/coding?page=1&search=&difficulty=&status=, Has user? true, Has socket? true
[ActivityLogger] Success! Method=GET, URL=/api/admin/coding?page=1&search=&difficulty=&status=, Has user? true, Has socket? true
[ActivityLogger] Success! Method=GET, URL=/api/admin/coding?page=1&search=&difficulty=&status=, Has user? true, Has socket? true
[ActivityLogger] Success! Method=GET, URL=/api/admin/coding?page=1&search=&difficulty=&status=, Has user? true, Has socket? true
[ActivityLogger] Success! Method=GET, URL=/api/admin/coding?page=1&search=&difficulty=&status=, Has user? true, Has socket? true
[ActivityLogger] Success! Method=GET, URL=/api/admin/coding?page=1&search=&difficulty=&status=, Has user? true, Has socket? true
[ActivityLogger] Success! Method=GET, URL=/api/admin/coding?page=1&search=&difficulty=&status=, Has user? true, Has socket? true
[ActivityLogger] Success! Method=GET, URL=/api/admin/coding?page=1&search=&difficulty=&status=, Has user? true, Has socket? true
[ActivityLogger] Success! Method=GET, URL=/api/admin/coding/6a572d0fac6b8742a26354b0, Has user? true, Has socket? true
[ActivityLogger] Success! Method=GET, URL=/api/admin/coding/6a572d0fac6b8742a26354b0, Has user? true, Has socket? true
[ActivityLogger] Success! Method=GET, URL=/api/admin/coding?page=1&search=&difficulty=&status=, Has user? true, Has socket? true
[ActivityLogger] Success! Method=GET, URL=/api/admin/coding?page=1&search=&difficulty=&status=, Has user? true, Has socket? true
[ActivityLogger] Success! Method=GET, URL=/api/admin/coding?page=1&search=&difficulty=&status=, Has user? true, Has socket? true
[ActivityLogger] Success! Method=GET, URL=/api/admin/coding?page=1&search=&difficulty=&status=, Has user? true, Has socket? true
[ActivityLogger] Success! Method=GET, URL=/api/admin/coding?page=1&search=&difficulty=&status=true, Has user? true, Has socket? true
[ActivityLogger] Success! Method=GET, URL=/api/admin/coding?page=1&search=&difficulty=&status=, Has user? true, Has socket? true
[ActivityLogger] Success! Method=GET, URL=/api/admin/tests, Has user? true, Has socket? true
[ActivityLogger] Success! Method=GET, URL=/api/admin/tests, Has user? true, Has socket? true
[ActivityLogger] Success! Method=GET, URL=/api/admin/questions/topics, Has user? true, Has socket? true
[ActivityLogger] Success! Method=GET, URL=/api/admin/questions/companies, Has user? true, Has socket? true
[ActivityLogger] Success! Method=GET, URL=/api/admin/questions/topics, Has user? true, Has socket? true
[ActivityLogger] Success! Method=GET, URL=/api/admin/questions?search=&topic=&company=&difficulty=&page=1, Has user? true, Has socket? true
[ActivityLogger] Success! Method=GET, URL=/api/admin/questions/companies, Has user? true, Has socket? true
[ActivityLogger] Success! Method=GET, URL=/api/admin/questions?search=&topic=&company=&difficulty=&page=1, Has user? true, Has socket? true
[ActivityLogger] Success! Method=GET, URL=/api/admin/questions/companies, Has user? true, Has socket? true
[ActivityLogger] Success! Method=GET, URL=/api/admin/questions/companies, Has user? true, Has socket? true
[ActivityLogger] Success! Method=GET, URL=/api/admin/achievement?page=1&limit=10&search=&category=&status=, Has user? true, Has socket? true
[ActivityLogger] Success! Method=GET, URL=/api/admin/questions/topics, Has user? true, Has socket? true
[ActivityLogger] Success! Method=GET, URL=/api/admin/questions/companies, Has user? true, Has socket? true
[ActivityLogger] Success! Method=GET, URL=/api/admin/questions/companies, Has user? true, Has socket? true
[ActivityLogger] Success! Method=GET, URL=/api/admin/questions/topics, Has user? true, Has socket? true
[ActivityLogger] Success! Method=GET, URL=/api/admin/questions?search=&topic=&company=&difficulty=&page=1, Has user? true, Has socket? true
[ActivityLogger] Success! Method=GET, URL=/api/admin/questions?search=&topic=&company=&difficulty=&page=1, Has user? true, Has socket? true
[ActivityLogger] Success! Method=GET, URL=/api/admin/tests, Has user? true, Has socket? true
[ActivityLogger] Success! Method=GET, URL=/api/admin/tests, Has user? true, Has socket? true
[ActivityLogger] Success! Method=GET, URL=/api/admin/coding?page=1&search=&difficulty=&status=, Has user? true, Has socket? true
[ActivityLogger] Success! Method=GET, URL=/api/admin/coding?page=1&search=&difficulty=&status=, Has user? true, Has socket? true
[ActivityLogger] Success! Method=GET, URL=/api/admin/coding?page=1&search=&difficulty=&status=, Has user? true, Has socket? true
[ActivityLogger] Success! Method=GET, URL=/api/admin/coding?page=1&search=&difficulty=&status=, Has user? true, Has socket? true
[ActivityLogger] Success! Method=GET, URL=/api/admin/interviews/stats, Has user? true, Has socket? true
[ActivityLogger] Success! Method=GET, URL=/api/admin/interviews/stats, Has user? true, Has socket? true
[ActivityLogger] Success! Method=GET, URL=/api/admin/interviews?page=1&search=&status=&experience=&limit=10, Has user? true, Has socket? true
[ActivityLogger] Success! Method=GET, URL=/api/admin/interviews?page=1&search=&status=&experience=&limit=10, Has user? true, Has socket? true
[ActivityLogger] Success! Method=GET, URL=/api/admin/interviews/6a730564c476b4808b96eb91, Has user? true, Has socket? true
[ActivityLogger] Success! Method=GET, URL=/api/admin/interviews/stats, Has user? true, Has socket? true
[ActivityLogger] Success! Method=GET, URL=/api/admin/interviews?page=1&search=&status=&experience=&limit=10, Has user? true, Has socket? true
[ActivityLogger] Success! Method=GET, URL=/api/admin/interviews/6a743c18a0fd534dc9bc53bd, Has user? true, Has socket? true
[ActivityLogger] Success! Method=GET, URL=/api/admin/interviews/6a743c18a0fd534dc9bc53bd, Has user? true, Has socket? true
[ActivityLogger] Success! Method=GET, URL=/api/admin/interviews/6a743c18a0fd534dc9bc53bd, Has user? true, Has socket? true
[ActivityLogger] Success! Method=GET, URL=/api/admin/coding?page=1&search=&difficulty=&status=, Has user? true, Has socket? true
[ActivityLogger] Success! Method=GET, URL=/api/admin/coding?page=1&search=&difficulty=&status=, Has user? true, Has socket? true
[ActivityLogger] Success! Method=GET, URL=/api/admin/interviews/stats, Has user? true, Has socket? true
[ActivityLogger] Success! Method=GET, URL=/api/admin/interviews/stats, Has user? true, Has socket? true
[ActivityLogger] Success! Method=GET, URL=/api/admin/interviews?page=1&search=&status=&experience=&limit=10, Has user? true, Has socket? true
[ActivityLogger] Success! Method=GET, URL=/api/admin/interviews?page=1&search=&status=&experience=&limit=10, Has user? true, Has socket? true
[ActivityLogger] Success! Method=GET, URL=/api/admin/coding?page=1&search=&difficulty=&status=, Has user? true, Has socket? true
[ActivityLogger] Success! Method=GET, URL=/api/admin/coding?page=1&search=&difficulty=&status=, Has user? true, Has socket? true
[ActivityLogger] Success! Method=POST, URL=/api/admin/auth/login, Has user? false, Has socket? true
[ActivityLogger] Success! Method=GET, URL=/api/admin/auth/dashboard, Has user? true, Has socket? true
[ActivityLogger] Success! Method=GET, URL=/api/admin/auth/dashboard, Has user? true, Has socket? true
[ActivityLogger] Success! Method=GET, URL=/api/admin/coding?page=1&search=&difficulty=&status=, Has user? true, Has socket? true
[ActivityLogger] Success! Method=GET, URL=/api/admin/coding?page=1&search=&difficulty=&status=, Has user? true, Has socket? true
[ActivityLogger] Success! Method=GET, URL=/api/admin/interviews/stats, Has user? true, Has socket? true
[ActivityLogger] Success! Method=GET, URL=/api/admin/interviews/stats, Has user? true, Has socket? true
[ActivityLogger] Success! Method=GET, URL=/api/admin/interviews?page=1&search=&status=&experience=&limit=10, Has user? true, Has socket? true
[ActivityLogger] Success! Method=GET, URL=/api/admin/interviews?page=1&search=&status=&experience=&limit=10, Has user? true, Has socket? true
[ActivityLogger] Success! Method=POST, URL=/api/admin/auth/login, Has user? false, Has socket? true
[ActivityLogger] Success! Method=GET, URL=/api/admin/auth/dashboard, Has user? true, Has socket? true
[ActivityLogger] Success! Method=GET, URL=/api/admin/auth/dashboard, Has user? true, Has socket? true
[ActivityLogger] Success! Method=GET, URL=/api/admin/interviews/stats, Has user? true, Has socket? true
[ActivityLogger] Success! Method=GET, URL=/api/admin/interviews?page=1&search=&status=&experience=&limit=10, Has user? true, Has socket? true
[ActivityLogger] Success! Method=GET, URL=/api/admin/interviews/stats, Has user? true, Has socket? true
[ActivityLogger] Success! Method=GET, URL=/api/admin/interviews?page=1&search=&status=&experience=&limit=10, Has user? true, Has socket? true
[ActivityLogger] Success! Method=GET, URL=/api/admin/interviews/6a730798736cafe9f4b2ba0f, Has user? true, Has socket? true
[ActivityLogger] Success! Method=GET, URL=/api/admin/coding?page=1&search=&difficulty=&status=, Has user? true, Has socket? true
[ActivityLogger] Success! Method=GET, URL=/api/admin/coding?page=1&search=&difficulty=&status=, Has user? true, Has socket? true
[ActivityLogger] Success! Method=GET, URL=/api/admin/tests, Has user? true, Has socket? true
[ActivityLogger] Success! Method=GET, URL=/api/admin/tests, Has user? true, Has socket? true
[ActivityLogger] Success! Method=GET, URL=/api/admin/questions/topics, Has user? true, Has socket? true
[ActivityLogger] Success! Method=GET, URL=/api/admin/questions/topics, Has user? true, Has socket? true
[ActivityLogger] Success! Method=GET, URL=/api/admin/tests, Has user? true, Has socket? true
[ActivityLogger] Success! Method=GET, URL=/api/admin/tests, Has user? true, Has socket? true
[ActivityLogger] Success! Method=GET, URL=/api/admin/coding?page=1&search=&difficulty=&status=, Has user? true, Has socket? true
[ActivityLogger] Success! Method=GET, URL=/api/admin/coding?page=1&search=&difficulty=&status=, Has user? true, Has socket? true
[ActivityLogger] Success! Method=GET, URL=/api/admin/interviews/stats, Has user? true, Has socket? true
[ActivityLogger] Success! Method=GET, URL=/api/admin/interviews?page=1&search=&status=&experience=&limit=10, Has user? true, Has socket? true
[ActivityLogger] Success! Method=GET, URL=/api/admin/interviews/stats, Has user? true, Has socket? true
[ActivityLogger] Success! Method=GET, URL=/api/admin/interviews?page=1&search=&status=&experience=&limit=10, Has user? true, Has socket? true
[ActivityLogger] Success! Method=GET, URL=/api/admin/coding?page=1&search=&difficulty=&status=, Has user? true, Has socket? true
[ActivityLogger] Success! Method=GET, URL=/api/admin/coding?page=1&search=&difficulty=&status=, Has user? true, Has socket? true
[ActivityLogger] Success! Method=GET, URL=/api/admin/users?page=1&limit=10&search=&role=&verified=&blocked=&sort=newest, Has user? true, Has socket? true
[ActivityLogger] Success! Method=GET, URL=/api/admin/users/stats, Has user? true, Has socket? true
[ActivityLogger] Success! Method=GET, URL=/api/admin/users?page=1&limit=10&search=&role=&verified=&blocked=&sort=newest, Has user? true, Has socket? true
[ActivityLogger] Success! Method=GET, URL=/api/admin/users/stats, Has user? true, Has socket? true
[ActivityLogger] Success! Method=GET, URL=/api/admin/coding?page=1&search=&difficulty=&status=, Has user? true, Has socket? true
[ActivityLogger] Success! Method=GET, URL=/api/admin/coding?page=1&search=&difficulty=&status=, Has user? true, Has socket? true
[ActivityLogger] Success! Method=GET, URL=/api/admin/interviews/stats, Has user? true, Has socket? true
[ActivityLogger] Success! Method=GET, URL=/api/admin/interviews?page=1&search=&status=&experience=&limit=10, Has user? true, Has socket? true
[ActivityLogger] Success! Method=GET, URL=/api/admin/interviews/stats, Has user? true, Has socket? true
[ActivityLogger] Success! Method=GET, URL=/api/admin/interviews?page=1&search=&status=&experience=&limit=10, Has user? true, Has socket? true
[ActivityLogger] Success! Method=GET, URL=/api/admin/users?page=1&limit=10&search=&role=&verified=&blocked=&sort=newest, Has user? true, Has socket? true
[ActivityLogger] Success! Method=GET, URL=/api/admin/users/stats, Has user? true, Has socket? true
[ActivityLogger] Success! Method=GET, URL=/api/admin/users?page=1&limit=10&search=&role=&verified=&blocked=&sort=newest, Has user? true, Has socket? true
[ActivityLogger] Success! Method=GET, URL=/api/admin/users/stats, Has user? true, Has socket? true
[ActivityLogger] Success! Method=GET, URL=/api/admin/auth/dashboard, Has user? true, Has socket? true
[ActivityLogger] Success! Method=GET, URL=/api/admin/auth/dashboard, Has user? true, Has socket? true
[ActivityLogger] Success! Method=GET, URL=/api/admin/users?page=1&limit=10&search=&role=&verified=&blocked=&sort=newest, Has user? true, Has socket? true
[ActivityLogger] Success! Method=GET, URL=/api/admin/users/stats, Has user? true, Has socket? true
[ActivityLogger] Success! Method=GET, URL=/api/admin/users?page=1&limit=10&search=&role=&verified=&blocked=&sort=newest, Has user? true, Has socket? true
[ActivityLogger] Success! Method=GET, URL=/api/admin/users/stats, Has user? true, Has socket? true
[ActivityLogger] Success! Method=GET, URL=/api/admin/auth/dashboard, Has user? true, Has socket? true
[ActivityLogger] Success! Method=GET, URL=/api/admin/auth/dashboard, Has user? true, Has socket? true
[ActivityLogger] Success! Method=GET, URL=/api/admin/coding?page=1&search=&difficulty=&status=, Has user? true, Has socket? true
[ActivityLogger] Success! Method=GET, URL=/api/admin/coding?page=1&search=&difficulty=&status=, Has user? true, Has socket? true
[ActivityLogger] Success! Method=GET, URL=/api/admin/interviews/stats, Has user? true, Has socket? true
[ActivityLogger] Success! Method=GET, URL=/api/admin/interviews?page=1&search=&status=&experience=&limit=10, Has user? true, Has socket? true
[ActivityLogger] Success! Method=GET, URL=/api/admin/interviews/stats, Has user? true, Has socket? true
[ActivityLogger] Success! Method=GET, URL=/api/admin/interviews?page=1&search=&status=&experience=&limit=10, Has user? true, Has socket? true
[ActivityLogger] Success! Method=GET, URL=/api/admin/interviews/6a743c18a0fd534dc9bc53bd, Has user? true, Has socket? true
[ActivityLogger] Success! Method=GET, URL=/api/admin/coding?page=1&search=&difficulty=&status=, Has user? true, Has socket? true
[ActivityLogger] Success! Method=GET, URL=/api/admin/coding?page=1&search=&difficulty=&status=, Has user? true, Has socket? true
[ActivityLogger] Success! Method=GET, URL=/api/admin/tests, Has user? true, Has socket? true
[ActivityLogger] Success! Method=GET, URL=/api/admin/tests, Has user? true, Has socket? true
[ActivityLogger] Success! Method=GET, URL=/api/admin/questions/topics, Has user? true, Has socket? true
[ActivityLogger] Success! Method=GET, URL=/api/admin/questions/topics, Has user? true, Has socket? true
[ActivityLogger] Success! Method=GET, URL=/api/admin/auth/me, Has user? true, Has socket? true
[ActivityLogger] Success! Method=GET, URL=/api/admin/auth/me, Has user? true, Has socket? true
[ActivityLogger] Success! Method=GET, URL=/api/admin/questions/topics, Has user? true, Has socket? true
[ActivityLogger] Success! Method=GET, URL=/api/admin/questions/topics, Has user? true, Has socket? true
[ActivityLogger] Success! Method=POST, URL=/api/admin/auth/login, Has user? false, Has socket? true
[ActivityLogger] Success! Method=GET, URL=/api/admin/auth/dashboard, Has user? true, Has socket? true
[ActivityLogger] Success! Method=GET, URL=/api/admin/auth/dashboard, Has user? true, Has socket? true
[ActivityLogger] Success! Method=GET, URL=/api/admin/interviews/stats, Has user? true, Has socket? true
[ActivityLogger] Success! Method=GET, URL=/api/admin/interviews?page=1&search=&status=&experience=&limit=10, Has user? true, Has socket? true
[ActivityLogger] Success! Method=GET, URL=/api/admin/interviews/stats, Has user? true, Has socket? true
[ActivityLogger] Success! Method=GET, URL=/api/admin/interviews?page=1&search=&status=&experience=&limit=10, Has user? true, Has socket? true
[ActivityLogger] Success! Method=GET, URL=/api/admin/coding?page=1&search=&difficulty=&status=, Has user? true, Has socket? true
[ActivityLogger] Success! Method=GET, URL=/api/admin/coding?page=1&search=&difficulty=&status=, Has user? true, Has socket? true
[ActivityLogger] Success! Method=GET, URL=/api/admin/tests, Has user? true, Has socket? true
[ActivityLogger] Success! Method=GET, URL=/api/admin/tests, Has user? true, Has socket? true
[ActivityLogger] Success! Method=GET, URL=/api/admin/questions/topics, Has user? true, Has socket? true
[ActivityLogger] Success! Method=GET, URL=/api/admin/questions/companies, Has user? true, Has socket? true
[ActivityLogger] Success! Method=GET, URL=/api/admin/questions/topics, Has user? true, Has socket? true
[ActivityLogger] Success! Method=GET, URL=/api/admin/questions/companies, Has user? true, Has socket? true
[ActivityLogger] Success! Method=GET, URL=/api/admin/questions?search=&topic=&company=&difficulty=&page=1, Has user? true, Has socket? true
[ActivityLogger] Success! Method=GET, URL=/api/admin/questions?search=&topic=&company=&difficulty=&page=1, Has user? true, Has socket? true
[ActivityLogger] Success! Method=GET, URL=/api/admin/tests, Has user? true, Has socket? true
[ActivityLogger] Success! Method=GET, URL=/api/admin/tests, Has user? true, Has socket? true
[ActivityLogger] Success! Method=GET, URL=/api/admin/questions/topics, Has user? true, Has socket? true
[ActivityLogger] Success! Method=GET, URL=/api/admin/questions/companies, Has user? true, Has socket? true
[ActivityLogger] Success! Method=GET, URL=/api/admin/questions/topics, Has user? true, Has socket? true
[ActivityLogger] Success! Method=GET, URL=/api/admin/questions/companies, Has user? true, Has socket? true
[ActivityLogger] Success! Method=GET, URL=/api/admin/questions?search=&topic=&company=&difficulty=&page=1, Has user? true, Has socket? true
[ActivityLogger] Success! Method=GET, URL=/api/admin/questions?search=&topic=&company=&difficulty=&page=1, Has user? true, Has socket? true
[ActivityLogger] Success! Method=GET, URL=/api/admin/questions/topics, Has user? true, Has socket? true
[ActivityLogger] Success! Method=GET, URL=/api/admin/questions/topics, Has user? true, Has socket? true
[ActivityLogger] Success! Method=GET, URL=/api/admin/questions/companies, Has user? true, Has socket? true
[ActivityLogger] Success! Method=GET, URL=/api/admin/questions/topics, Has user? true, Has socket? true
[ActivityLogger] Success! Method=GET, URL=/api/admin/questions/companies, Has user? true, Has socket? true
[ActivityLogger] Success! Method=GET, URL=/api/admin/questions/topics, Has user? true, Has socket? true
[ActivityLogger] Success! Method=GET, URL=/api/admin/questions?search=&topic=&company=&difficulty=&page=1, Has user? true, Has socket? true
[ActivityLogger] Success! Method=GET, URL=/api/admin/questions?search=&topic=&company=&difficulty=&page=1, Has user? true, Has socket? true
[ActivityLogger] Success! Method=GET, URL=/api/admin/questions/companies, Has user? true, Has socket? true
[ActivityLogger] Success! Method=GET, URL=/api/admin/questions/companies, Has user? true, Has socket? true
[ActivityLogger] Success! Method=GET, URL=/api/admin/questions/topics, Has user? true, Has socket? true
[ActivityLogger] Success! Method=GET, URL=/api/admin/questions/topics, Has user? true, Has socket? true
[ActivityLogger] Success! Method=GET, URL=/api/admin/questions/companies, Has user? true, Has socket? true
[ActivityLogger] Success! Method=GET, URL=/api/admin/questions/topics, Has user? true, Has socket? true
[ActivityLogger] Success! Method=GET, URL=/api/admin/questions/topics, Has user? true, Has socket? true
[ActivityLogger] Success! Method=GET, URL=/api/admin/questions/companies, Has user? true, Has socket? true
[ActivityLogger] Success! Method=GET, URL=/api/admin/questions?search=&topic=&company=&difficulty=&page=1, Has user? true, Has socket? true
[ActivityLogger] Success! Method=GET, URL=/api/admin/questions?search=&topic=&company=&difficulty=&page=1, Has user? true, Has socket? true
[ActivityLogger] Success! Method=GET, URL=/api/admin/tests, Has user? true, Has socket? true
[ActivityLogger] Success! Method=GET, URL=/api/admin/tests, Has user? true, Has socket? true
[ActivityLogger] Success! Method=GET, URL=/api/admin/coding?page=1&search=&difficulty=&status=, Has user? true, Has socket? true
[ActivityLogger] Success! Method=GET, URL=/api/admin/coding?page=1&search=&difficulty=&status=, Has user? true, Has socket? true
[ActivityLogger] Success! Method=GET, URL=/api/admin/interviews/stats, Has user? true, Has socket? true
[ActivityLogger] Success! Method=GET, URL=/api/admin/interviews?page=1&search=&status=&experience=&limit=10, Has user? true, Has socket? true
[ActivityLogger] Success! Method=GET, URL=/api/admin/interviews/stats, Has user? true, Has socket? true
[ActivityLogger] Success! Method=GET, URL=/api/admin/interviews?page=1&search=&status=&experience=&limit=10, Has user? true, Has socket? true
[ActivityLogger] Success! Method=GET, URL=/api/admin/coding?page=1&search=&difficulty=&status=, Has user? true, Has socket? true
[ActivityLogger] Success! Method=GET, URL=/api/admin/coding?page=1&search=&difficulty=&status=, Has user? true, Has socket? true
[ActivityLogger] Success! Method=GET, URL=/api/admin/users?page=1&limit=10&search=&role=&verified=&blocked=&sort=newest, Has user? true, Has socket? true
[ActivityLogger] Success! Method=GET, URL=/api/admin/users/stats, Has user? true, Has socket? true
[ActivityLogger] Success! Method=GET, URL=/api/admin/users?page=1&limit=10&search=&role=&verified=&blocked=&sort=newest, Has user? true, Has socket? true
[ActivityLogger] Success! Method=GET, URL=/api/admin/users/stats, Has user? true, Has socket? true
[ActivityLogger] Success! Method=GET, URL=/api/admin/interviews/stats, Has user? true, Has socket? true
[ActivityLogger] Success! Method=GET, URL=/api/admin/interviews/stats, Has user? true, Has socket? true
[ActivityLogger] Success! Method=GET, URL=/api/admin/interviews?page=1&search=&status=&experience=&limit=10, Has user? true, Has socket? true
[ActivityLogger] Success! Method=GET, URL=/api/admin/interviews?page=1&search=&status=&experience=&limit=10, Has user? true, Has socket? true
[ActivityLogger] Success! Method=GET, URL=/api/admin/interviews/6a73057cc476b4808b96ebce, Has user? true, Has socket? true
[ActivityLogger] Success! Method=GET, URL=/api/admin/users?page=1&limit=10&search=&role=&verified=&blocked=&sort=newest, Has user? true, Has socket? true
[ActivityLogger] Success! Method=GET, URL=/api/admin/users/stats, Has user? true, Has socket? true
[ActivityLogger] Success! Method=GET, URL=/api/admin/users?page=1&limit=10&search=&role=&verified=&blocked=&sort=newest, Has user? true, Has socket? true
[ActivityLogger] Success! Method=GET, URL=/api/admin/users/stats, Has user? true, Has socket? true
[ActivityLogger] Success! Method=GET, URL=/api/admin/users?page=1&limit=10&search=&role=&verified=&blocked=false&sort=newest, Has user? true, Has socket? true
[ActivityLogger] Success! Method=GET, URL=/api/admin/users?page=1&limit=10&search=&role=&verified=&blocked=&sort=newest, Has user? true, Has socket? true
[ActivityLogger] Success! Method=GET, URL=/api/admin/users/6a50bbc0dfeb3c3c10a11ff7, Has user? true, Has socket? true
[ActivityLogger] Success! Method=GET, URL=/api/admin/users/6a50bbc0dfeb3c3c10a11ff7, Has user? true, Has socket? true
[ActivityLogger] Success! Method=GET, URL=/api/admin/users?page=1&limit=10&search=&role=&verified=&blocked=&sort=newest, Has user? true, Has socket? true
[ActivityLogger] Success! Method=GET, URL=/api/admin/users/stats, Has user? true, Has socket? true
[ActivityLogger] Success! Method=GET, URL=/api/admin/users?page=1&limit=10&search=&role=&verified=&blocked=&sort=newest, Has user? true, Has socket? true
[ActivityLogger] Success! Method=GET, URL=/api/admin/users/stats, Has user? true, Has socket? true
[ActivityLogger] Success! Method=GET, URL=/api/admin/users/6a703e8f46e22fbb4d61ab41, Has user? true, Has socket? true
[ActivityLogger] Success! Method=GET, URL=/api/admin/users/6a703e8f46e22fbb4d61ab41, Has user? true, Has socket? true
[ActivityLogger] Success! Method=GET, URL=/api/admin/users?page=1&limit=10&search=&role=&verified=&blocked=&sort=newest, Has user? true, Has socket? true
[ActivityLogger] Success! Method=GET, URL=/api/admin/users/stats, Has user? true, Has socket? true
[ActivityLogger] Success! Method=GET, URL=/api/admin/users?page=1&limit=10&search=&role=&verified=&blocked=&sort=newest, Has user? true, Has socket? true
[ActivityLogger] Success! Method=GET, URL=/api/admin/users/stats, Has user? true, Has socket? true
[ActivityLogger] Success! Method=PATCH, URL=/api/admin/users/6a703e8f46e22fbb4d61ab41/status, Has user? true, Has socket? true
[ActivityLogger] Success! Method=GET, URL=/api/admin/users?page=1&limit=10&search=&role=&verified=&blocked=&sort=newest, Has user? true, Has socket? true
[ActivityLogger] Success! Method=GET, URL=/api/admin/users/stats, Has user? true, Has socket? true
[ActivityLogger] Success! Method=PATCH, URL=/api/admin/users/6a703e8f46e22fbb4d61ab41/status, Has user? true, Has socket? true
[ActivityLogger] Success! Method=GET, URL=/api/admin/users?page=1&limit=10&search=&role=&verified=&blocked=&sort=newest, Has user? true, Has socket? true
[ActivityLogger] Success! Method=GET, URL=/api/admin/users/stats, Has user? true, Has socket? true
[ActivityLogger] Success! Method=GET, URL=/api/admin/users?page=2&limit=10&search=&role=&verified=&blocked=&sort=newest, Has user? true, Has socket? true
[ActivityLogger] Success! Method=GET, URL=/api/admin/users?page=1&limit=10&search=&role=&verified=&blocked=&sort=newest, Has user? true, Has socket? true
[ActivityLogger] Success! Method=GET, URL=/api/admin/auth/dashboard, Has user? true, Has socket? true
[ActivityLogger] Success! Method=GET, URL=/api/admin/auth/dashboard, Has user? true, Has socket? true
[ActivityLogger] Success! Method=GET, URL=/api/admin/users?page=1&limit=10&search=&role=&verified=&blocked=&sort=newest, Has user? true, Has socket? true
[ActivityLogger] Success! Method=GET, URL=/api/admin/users/stats, Has user? true, Has socket? true
[ActivityLogger] Success! Method=GET, URL=/api/admin/users?page=1&limit=10&search=&role=&verified=&blocked=&sort=newest, Has user? true, Has socket? true
[ActivityLogger] Success! Method=GET, URL=/api/admin/users/stats, Has user? true, Has socket? true
[ActivityLogger] Success! Method=GET, URL=/api/admin/auth/dashboard, Has user? true, Has socket? true
[ActivityLogger] Success! Method=GET, URL=/api/admin/auth/dashboard, Has user? true, Has socket? true
[ActivityLogger] Success! Method=GET, URL=/api/admin/users?page=1&limit=10&search=&role=&verified=&blocked=&sort=newest, Has user? true, Has socket? true
[ActivityLogger] Success! Method=GET, URL=/api/admin/users/stats, Has user? true, Has socket? true
[ActivityLogger] Success! Method=GET, URL=/api/admin/users?page=1&limit=10&search=&role=&verified=&blocked=&sort=newest, Has user? true, Has socket? true
[ActivityLogger] Success! Method=GET, URL=/api/admin/users/stats, Has user? true, Has socket? true
[ActivityLogger] Success! Method=GET, URL=/api/admin/auth/dashboard, Has user? true, Has socket? true
[ActivityLogger] Success! Method=GET, URL=/api/admin/auth/dashboard, Has user? true, Has socket? true
[ActivityLogger] Success! Method=GET, URL=/api/admin/users?page=1&limit=10&search=&role=&verified=&blocked=&sort=newest, Has user? true, Has socket? true
[ActivityLogger] Success! Method=GET, URL=/api/admin/users/stats, Has user? true, Has socket? true
[ActivityLogger] Success! Method=GET, URL=/api/admin/users?page=1&limit=10&search=&role=&verified=&blocked=&sort=newest, Has user? true, Has socket? true
[ActivityLogger] Success! Method=GET, URL=/api/admin/interviews/stats, Has user? true, Has socket? true
[ActivityLogger] Success! Method=GET, URL=/api/admin/users/stats, Has user? true, Has socket? true
[ActivityLogger] Success! Method=GET, URL=/api/admin/interviews?page=1&search=&status=&experience=&limit=10, Has user? true, Has socket? true
[ActivityLogger] Success! Method=GET, URL=/api/admin/interviews/stats, Has user? true, Has socket? true
[ActivityLogger] Success! Method=GET, URL=/api/admin/interviews?page=1&search=&status=&experience=&limit=10, Has user? true, Has socket? true
[ActivityLogger] Success! Method=GET, URL=/api/admin/users?page=1&limit=10&search=&role=&verified=&blocked=&sort=newest, Has user? true, Has socket? true
[ActivityLogger] Success! Method=GET, URL=/api/admin/users/stats, Has user? true, Has socket? true
[ActivityLogger] Success! Method=GET, URL=/api/admin/users?page=1&limit=10&search=&role=&verified=&blocked=&sort=newest, Has user? true, Has socket? true
[ActivityLogger] Success! Method=GET, URL=/api/admin/users/stats, Has user? true, Has socket? true
[ActivityLogger] Success! Method=GET, URL=/api/admin/interviews/stats, Has user? true, Has socket? true
[ActivityLogger] Success! Method=GET, URL=/api/admin/interviews?page=1&search=&status=&experience=&limit=10, Has user? true, Has socket? true
[ActivityLogger] Success! Method=GET, URL=/api/admin/interviews/stats, Has user? true, Has socket? true
[ActivityLogger] Success! Method=GET, URL=/api/admin/interviews?page=1&search=&status=&experience=&limit=10, Has user? true, Has socket? true
[ActivityLogger] Success! Method=GET, URL=/api/admin/coding?page=1&search=&difficulty=&status=, Has user? true, Has socket? true
[ActivityLogger] Success! Method=GET, URL=/api/admin/coding?page=1&search=&difficulty=&status=, Has user? true, Has socket? true
[ActivityLogger] Success! Method=GET, URL=/api/admin/tests, Has user? true, Has socket? true
[ActivityLogger] Success! Method=GET, URL=/api/admin/tests, Has user? true, Has socket? true
[ActivityLogger] Success! Method=GET, URL=/api/admin/questions/companies, Has user? true, Has socket? true
[ActivityLogger] Success! Method=GET, URL=/api/admin/questions/topics, Has user? true, Has socket? true
[ActivityLogger] Success! Method=GET, URL=/api/admin/questions/companies, Has user? true, Has socket? true
[ActivityLogger] Success! Method=GET, URL=/api/admin/questions?search=&topic=&company=&difficulty=&page=1, Has user? true, Has socket? true
[ActivityLogger] Success! Method=GET, URL=/api/admin/questions/topics, Has user? true, Has socket? true
[ActivityLogger] Success! Method=GET, URL=/api/admin/questions?search=&topic=&company=&difficulty=&page=1, Has user? true, Has socket? true
[ActivityLogger] Success! Method=GET, URL=/api/admin/community/dashboard, Has user? true, Has socket? true
[ActivityLogger] Success! Method=GET, URL=/api/admin/community/dashboard, Has user? true, Has socket? true
[ActivityLogger] Success! Method=GET, URL=/api/admin/achievement?page=1&limit=10&search=&category=&status=, Has user? true, Has socket? true
[ActivityLogger] Success! Method=GET, URL=/api/admin/rewards/dashboard, Has user? true, Has socket? true
[ActivityLogger] Success! Method=GET, URL=/api/admin/rewards/dashboard, Has user? true, Has socket? true
[ActivityLogger] Success! Method=GET, URL=/api/admin/badges, Has user? true, Has socket? true
[ActivityLogger] Success! Method=GET, URL=/api/admin/badges, Has user? true, Has socket? true
[ActivityLogger] Success! Method=GET, URL=/api/admin/analytics/resume, Has user? true, Has socket? true
[ActivityLogger] Success! Method=GET, URL=/api/admin/analytics/resume, Has user? true, Has socket? true
[ActivityLogger] Success! Method=GET, URL=/api/admin/analytics/users, Has user? true, Has socket? true
[ActivityLogger] Success! Method=GET, URL=/api/admin/analytics/coding, Has user? true, Has socket? true
[ActivityLogger] Success! Method=GET, URL=/api/admin/analytics/interviews, Has user? true, Has socket? true
[ActivityLogger] Success! Method=GET, URL=/api/admin/analytics/users, Has user? true, Has socket? true
[ActivityLogger] Success! Method=GET, URL=/api/admin/analytics/coding, Has user? true, Has socket? true
[ActivityLogger] Success! Method=GET, URL=/api/admin/analytics/dashboard, Has user? true, Has socket? true
[ActivityLogger] Success! Method=GET, URL=/api/admin/analytics/interviews, Has user? true, Has socket? true
[ActivityLogger] Success! Method=GET, URL=/api/admin/analytics/dashboard, Has user? true, Has socket? true
[ActivityLogger] Success! Method=GET, URL=/api/admin/auth/dashboard, Has user? true, Has socket? true
[ActivityLogger] Success! Method=GET, URL=/api/admin/auth/dashboard, Has user? true, Has socket? true
[ActivityLogger] Success! Method=GET, URL=/api/admin/users?page=1&limit=10&search=&role=&verified=&blocked=&sort=newest, Has user? true, Has socket? true
[ActivityLogger] Success! Method=GET, URL=/api/admin/users/stats, Has user? true, Has socket? true
[ActivityLogger] Success! Method=GET, URL=/api/admin/users?page=1&limit=10&search=&role=&verified=&blocked=&sort=newest, Has user? true, Has socket? true
[ActivityLogger] Success! Method=GET, URL=/api/admin/users/stats, Has user? true, Has socket? true
[ActivityLogger] Success! Method=GET, URL=/api/admin/auth/dashboard, Has user? true, Has socket? true
[ActivityLogger] Success! Method=GET, URL=/api/admin/auth/dashboard, Has user? true, Has socket? true
[ActivityLogger] Success! Method=GET, URL=/api/admin/auth/online-users, Has user? true, Has socket? true
[ActivityLogger] Success! Method=GET, URL=/api/admin/users?page=1&limit=10&search=&role=&verified=&blocked=&sort=newest, Has user? true, Has socket? true
[ActivityLogger] Success! Method=GET, URL=/api/admin/users/stats, Has user? true, Has socket? true
[ActivityLogger] Success! Method=GET, URL=/api/admin/users?page=1&limit=10&search=&role=&verified=&blocked=&sort=newest, Has user? true, Has socket? true
[ActivityLogger] Success! Method=GET, URL=/api/admin/users/stats, Has user? true, Has socket? true
[ActivityLogger] Success! Method=GET, URL=/api/admin/users/6a703e8f46e22fbb4d61ab41, Has user? true, Has socket? true
[ActivityLogger] Success! Method=GET, URL=/api/admin/users/6a703e8f46e22fbb4d61ab41, Has user? true, Has socket? true
[ActivityLogger] Success! Method=GET, URL=/api/admin/users?page=1&limit=10&search=&role=&verified=&blocked=&sort=newest, Has user? true, Has socket? true
[ActivityLogger] Success! Method=GET, URL=/api/admin/users/stats, Has user? true, Has socket? true
[ActivityLogger] Success! Method=GET, URL=/api/admin/users?page=1&limit=10&search=&role=&verified=&blocked=&sort=newest, Has user? true, Has socket? true
[ActivityLogger] Success! Method=GET, URL=/api/admin/users/stats, Has user? true, Has socket? true
[ActivityLogger] Success! Method=GET, URL=/api/admin/auth/dashboard, Has user? true, Has socket? true
[ActivityLogger] Success! Method=GET, URL=/api/admin/auth/dashboard, Has user? true, Has socket? true
[ActivityLogger] Success! Method=GET, URL=/api/admin/users?page=1&limit=10&search=&role=&verified=&blocked=&sort=newest, Has user? true, Has socket? true
[ActivityLogger] Success! Method=GET, URL=/api/admin/users/stats, Has user? true, Has socket? true
[ActivityLogger] Success! Method=GET, URL=/api/admin/users?page=1&limit=10&search=&role=&verified=&blocked=&sort=newest, Has user? true, Has socket? true
[ActivityLogger] Success! Method=GET, URL=/api/admin/users/stats, Has user? true, Has socket? true
[ActivityLogger] Success! Method=GET, URL=/api/admin/auth/dashboard, Has user? true, Has socket? true
[ActivityLogger] Success! Method=GET, URL=/api/admin/auth/dashboard, Has user? true, Has socket? true
[ActivityLogger] Success! Method=GET, URL=/api/admin/users?page=1&limit=10&search=&role=&verified=&blocked=&sort=newest, Has user? true, Has socket? true
[ActivityLogger] Success! Method=GET, URL=/api/admin/users/stats, Has user? true, Has socket? true
[ActivityLogger] Success! Method=GET, URL=/api/admin/users?page=1&limit=10&search=&role=&verified=&blocked=&sort=newest, Has user? true, Has socket? true
[ActivityLogger] Success! Method=GET, URL=/api/admin/users/stats, Has user? true, Has socket? true
[ActivityLogger] Success! Method=GET, URL=/api/admin/interviews/stats, Has user? true, Has socket? true
[ActivityLogger] Success! Method=GET, URL=/api/admin/interviews/stats, Has user? true, Has socket? true
[ActivityLogger] Success! Method=GET, URL=/api/admin/interviews?page=1&search=&status=&experience=&limit=10, Has user? true, Has socket? true
[ActivityLogger] Success! Method=GET, URL=/api/admin/interviews?page=1&search=&status=&experience=&limit=10, Has user? true, Has socket? true
[ActivityLogger] Success! Method=GET, URL=/api/admin/coding?page=1&search=&difficulty=&status=, Has user? true, Has socket? true
[ActivityLogger] Success! Method=GET, URL=/api/admin/coding?page=1&search=&difficulty=&status=, Has user? true, Has socket? true
[ActivityLogger] Success! Method=GET, URL=/api/admin/interviews/stats, Has user? true, Has socket? true
[ActivityLogger] Success! Method=GET, URL=/api/admin/interviews?page=1&search=&status=&experience=&limit=10, Has user? true, Has socket? true
[ActivityLogger] Success! Method=GET, URL=/api/admin/interviews?page=1&search=&status=&experience=&limit=10, Has user? true, Has socket? true
[ActivityLogger] Success! Method=GET, URL=/api/admin/interviews/stats, Has user? true, Has socket? true
[ActivityLogger] Success! Method=GET, URL=/api/admin/users?page=1&limit=10&search=&role=&verified=&blocked=&sort=newest, Has user? true, Has socket? true
[ActivityLogger] Success! Method=GET, URL=/api/admin/users/stats, Has user? true, Has socket? true
[ActivityLogger] Success! Method=GET, URL=/api/admin/users?page=1&limit=10&search=&role=&verified=&blocked=&sort=newest, Has user? true, Has socket? true
[ActivityLogger] Success! Method=GET, URL=/api/admin/users/stats, Has user? true, Has socket? true
[ActivityLogger] Success! Method=GET, URL=/api/admin/interviews/stats, Has user? true, Has socket? true
[ActivityLogger] Success! Method=GET, URL=/api/admin/interviews/stats, Has user? true, Has socket? true
[ActivityLogger] Success! Method=GET, URL=/api/admin/interviews?page=1&search=&status=&experience=&limit=10, Has user? true, Has socket? true
[ActivityLogger] Success! Method=GET, URL=/api/admin/interviews?page=1&search=&status=&experience=&limit=10, Has user? true, Has socket? true
[ActivityLogger] Success! Method=GET, URL=/api/admin/interviews/6a730564c476b4808b96eb91, Has user? true, Has socket? true
[ActivityLogger] Success! Method=GET, URL=/api/admin/users?page=1&limit=10&search=&role=&verified=&blocked=&sort=newest, Has user? true, Has socket? true
[ActivityLogger] Success! Method=GET, URL=/api/admin/users/stats, Has user? true, Has socket? true
[ActivityLogger] Success! Method=GET, URL=/api/admin/users?page=1&limit=10&search=&role=&verified=&blocked=&sort=newest, Has user? true, Has socket? true
[ActivityLogger] Success! Method=GET, URL=/api/admin/users/stats, Has user? true, Has socket? true
[ActivityLogger] Success! Method=GET, URL=/api/admin/users/6a50bbc0dfeb3c3c10a11ff7, Has user? true, Has socket? true
[ActivityLogger] Success! Method=GET, URL=/api/admin/users/6a50bbc0dfeb3c3c10a11ff7, Has user? true, Has socket? true
[ActivityLogger] Success! Method=GET, URL=/api/admin/users?page=1&limit=10&search=&role=&verified=&blocked=&sort=newest, Has user? true, Has socket? true
[ActivityLogger] Success! Method=GET, URL=/api/admin/users/stats, Has user? true, Has socket? true
[ActivityLogger] Success! Method=GET, URL=/api/admin/users?page=1&limit=10&search=&role=&verified=&blocked=&sort=newest, Has user? true, Has socket? true
[ActivityLogger] Success! Method=GET, URL=/api/admin/users/stats, Has user? true, Has socket? true
[ActivityLogger] Success! Method=GET, URL=/api/admin/users/6a703e8f46e22fbb4d61ab41, Has user? true, Has socket? true
[ActivityLogger] Success! Method=GET, URL=/api/admin/users/6a703e8f46e22fbb4d61ab41, Has user? true, Has socket? true
[ActivityLogger] Success! Method=GET, URL=/api/admin/users?page=1&limit=10&search=&role=&verified=&blocked=&sort=newest, Has user? true, Has socket? true
[ActivityLogger] Success! Method=GET, URL=/api/admin/users/stats, Has user? true, Has socket? true
[ActivityLogger] Success! Method=GET, URL=/api/admin/users?page=1&limit=10&search=&role=&verified=&blocked=&sort=newest, Has user? true, Has socket? true
[ActivityLogger] Success! Method=GET, URL=/api/admin/users/stats, Has user? true, Has socket? true
[ActivityLogger] Success! Method=GET, URL=/api/admin/auth/dashboard, Has user? true, Has socket? true
[ActivityLogger] Success! Method=GET, URL=/api/admin/auth/dashboard, Has user? true, Has socket? true
[ActivityLogger] Success! Method=GET, URL=/api/admin/users?page=1&limit=10&search=&role=&verified=&blocked=&sort=newest, Has user? true, Has socket? true
[ActivityLogger] Success! Method=GET, URL=/api/admin/users/stats, Has user? true, Has socket? true
[ActivityLogger] Success! Method=GET, URL=/api/admin/users?page=1&limit=10&search=&role=&verified=&blocked=&sort=newest, Has user? true, Has socket? true
[ActivityLogger] Success! Method=GET, URL=/api/admin/users/stats, Has user? true, Has socket? true
[ActivityLogger] Success! Method=GET, URL=/api/admin/auth/dashboard, Has user? true, Has socket? true
[ActivityLogger] Success! Method=GET, URL=/api/admin/auth/dashboard, Has user? true, Has socket? true
[ActivityLogger] Success! Method=GET, URL=/api/admin/users?page=1&limit=10&search=&role=&verified=&blocked=&sort=newest, Has user? true, Has socket? true
[ActivityLogger] Success! Method=GET, URL=/api/admin/users/stats, Has user? true, Has socket? true
[ActivityLogger] Success! Method=GET, URL=/api/admin/users?page=1&limit=10&search=&role=&verified=&blocked=&sort=newest, Has user? true, Has socket? true
[ActivityLogger] Success! Method=GET, URL=/api/admin/users/stats, Has user? true, Has socket? true
[ActivityLogger] Success! Method=GET, URL=/api/admin/interviews/stats, Has user? true, Has socket? true
[ActivityLogger] Success! Method=GET, URL=/api/admin/interviews?page=1&search=&status=&experience=&limit=10, Has user? true, Has socket? true
[ActivityLogger] Success! Method=GET, URL=/api/admin/interviews/stats, Has user? true, Has socket? true
[ActivityLogger] Success! Method=GET, URL=/api/admin/interviews?page=1&search=&status=&experience=&limit=10, Has user? true, Has socket? true
[ActivityLogger] Success! Method=GET, URL=/api/admin/auth/dashboard, Has user? true, Has socket? true
[ActivityLogger] Success! Method=GET, URL=/api/admin/auth/dashboard, Has user? true, Has socket? true
[ActivityLogger] Success! Method=GET, URL=/api/admin/users?page=1&limit=10&search=&role=&verified=&blocked=&sort=newest, Has user? true, Has socket? true
[ActivityLogger] Success! Method=GET, URL=/api/admin/users/stats, Has user? true, Has socket? true
[ActivityLogger] Success! Method=GET, URL=/api/admin/users?page=1&limit=10&search=&role=&verified=&blocked=&sort=newest, Has user? true, Has socket? true
[ActivityLogger] Success! Method=GET, URL=/api/admin/users/stats, Has user? true, Has socket? true
[ActivityLogger] Success! Method=GET, URL=/api/admin/auth/dashboard, Has user? true, Has socket? true
[ActivityLogger] Success! Method=GET, URL=/api/admin/auth/dashboard, Has user? true, Has socket? true
[ActivityLogger] Success! Method=GET, URL=/api/admin/users?page=1&limit=10&search=&role=&verified=&blocked=&sort=newest, Has user? true, Has socket? true
[ActivityLogger] Success! Method=GET, URL=/api/admin/users/stats, Has user? true, Has socket? true
[ActivityLogger] Success! Method=GET, URL=/api/admin/users?page=1&limit=10&search=&role=&verified=&blocked=&sort=newest, Has user? true, Has socket? true
[ActivityLogger] Success! Method=GET, URL=/api/admin/users/stats, Has user? true, Has socket? true
[ActivityLogger] Success! Method=GET, URL=/api/admin/interviews/stats, Has user? true, Has socket? true
[ActivityLogger] Success! Method=GET, URL=/api/admin/interviews?page=1&search=&status=&experience=&limit=10, Has user? true, Has socket? true
[ActivityLogger] Success! Method=GET, URL=/api/admin/interviews?page=1&search=&status=&experience=&limit=10, Has user? true, Has socket? true
[ActivityLogger] Success! Method=GET, URL=/api/admin/interviews/stats, Has user? true, Has socket? true
[ActivityLogger] Success! Method=GET, URL=/api/admin/auth/dashboard, Has user? true, Has socket? true
[ActivityLogger] Success! Method=GET, URL=/api/admin/auth/dashboard, Has user? true, Has socket? true
[ActivityLogger] Success! Method=GET, URL=/api/admin/interviews/stats, Has user? true, Has socket? true
[ActivityLogger] Success! Method=GET, URL=/api/admin/interviews?page=1&search=&status=&experience=&limit=10, Has user? true, Has socket? true
[ActivityLogger] Success! Method=GET, URL=/api/admin/interviews?page=1&search=&status=&experience=&limit=10, Has user? true, Has socket? true
[ActivityLogger] Success! Method=GET, URL=/api/admin/interviews/stats, Has user? true, Has socket? true
[ActivityLogger] Success! Method=GET, URL=/api/admin/interviews/6a743c18a0fd534dc9bc53bd, Has user? true, Has socket? true
[ActivityLogger] Success! Method=GET, URL=/api/admin/coding?page=1&search=&difficulty=&status=, Has user? true, Has socket? true
[ActivityLogger] Success! Method=GET, URL=/api/admin/coding?page=1&search=&difficulty=&status=, Has user? true, Has socket? true
[ActivityLogger] Success! Method=GET, URL=/api/admin/coding/6a70432146e22fbb4d61aca6, Has user? true, Has socket? true
[ActivityLogger] Success! Method=GET, URL=/api/admin/coding/6a70432146e22fbb4d61aca6, Has user? true, Has socket? true
[ActivityLogger] Success! Method=GET, URL=/api/admin/coding?page=1&search=&difficulty=&status=, Has user? true, Has socket? true
[ActivityLogger] Success! Method=GET, URL=/api/admin/coding?page=1&search=&difficulty=&status=, Has user? true, Has socket? true
[ActivityLogger] Success! Method=GET, URL=/api/admin/auth/dashboard, Has user? true, Has socket? true
[ActivityLogger] Success! Method=GET, URL=/api/admin/auth/dashboard, Has user? true, Has socket? true
[ActivityLogger] Success! Method=GET, URL=/api/admin/auth/me, Has user? true, Has socket? true
[ActivityLogger] Success! Method=GET, URL=/api/admin/auth/me, Has user? true, Has socket? true
[ActivityLogger] Success! Method=GET, URL=/api/admin/auth/dashboard, Has user? true, Has socket? true
[ActivityLogger] Success! Method=GET, URL=/api/admin/auth/dashboard, Has user? true, Has socket? true
[ActivityLogger] Success! Method=GET, URL=/api/admin/auth/me, Has user? true, Has socket? true
[ActivityLogger] Success! Method=GET, URL=/api/admin/auth/me, Has user? true, Has socket? true
[ActivityLogger] Success! Method=GET, URL=/api/admin/auth/dashboard, Has user? true, Has socket? true
[ActivityLogger] Success! Method=GET, URL=/api/admin/auth/dashboard, Has user? true, Has socket? true
[ActivityLogger] Success! Method=POST, URL=/api/admin/auth/login, Has user? false, Has socket? true
[ActivityLogger] Success! Method=GET, URL=/api/admin/auth/dashboard, Has user? true, Has socket? true
[ActivityLogger] Success! Method=GET, URL=/api/admin/auth/dashboard, Has user? true, Has socket? true
[ActivityLogger] Success! Method=GET, URL=/api/admin/auth/online-users, Has user? true, Has socket? true
[ActivityLogger] Success! Method=GET, URL=/api/admin/interviews/stats, Has user? true, Has socket? true
[ActivityLogger] Success! Method=GET, URL=/api/admin/interviews?page=1&search=&status=&experience=&limit=10, Has user? true, Has socket? true
[ActivityLogger] Success! Method=GET, URL=/api/admin/interviews/stats, Has user? true, Has socket? true
[ActivityLogger] Success! Method=GET, URL=/api/admin/interviews?page=1&search=&status=&experience=&limit=10, Has user? true, Has socket? true
[ActivityLogger] Success! Method=GET, URL=/api/admin/users?page=1&limit=10&search=&role=&verified=&blocked=&sort=newest, Has user? true, Has socket? true
[ActivityLogger] Success! Method=GET, URL=/api/admin/users/stats, Has user? true, Has socket? true
[ActivityLogger] Success! Method=GET, URL=/api/admin/users?page=1&limit=10&search=&role=&verified=&blocked=&sort=newest, Has user? true, Has socket? true
[ActivityLogger] Success! Method=GET, URL=/api/admin/users/stats, Has user? true, Has socket? true
[ActivityLogger] Success! Method=GET, URL=/api/admin/auth/dashboard, Has user? true, Has socket? true
[ActivityLogger] Success! Method=GET, URL=/api/admin/auth/dashboard, Has user? true, Has socket? true
[ActivityLogger] Success! Method=GET, URL=/api/admin/users?page=1&limit=10&search=&role=&verified=&blocked=&sort=newest, Has user? true, Has socket? true
[ActivityLogger] Success! Method=GET, URL=/api/admin/users/stats, Has user? true, Has socket? true
[ActivityLogger] Success! Method=GET, URL=/api/admin/users?page=1&limit=10&search=&role=&verified=&blocked=&sort=newest, Has user? true, Has socket? true
[ActivityLogger] Success! Method=GET, URL=/api/admin/users/stats, Has user? true, Has socket? true
[ActivityLogger] Success! Method=GET, URL=/api/admin/interviews/stats, Has user? true, Has socket? true
[ActivityLogger] Success! Method=GET, URL=/api/admin/interviews?page=1&search=&status=&experience=&limit=10, Has user? true, Has socket? true
[ActivityLogger] Success! Method=GET, URL=/api/admin/interviews/stats, Has user? true, Has socket? true
[ActivityLogger] Success! Method=GET, URL=/api/admin/interviews?page=1&search=&status=&experience=&limit=10, Has user? true, Has socket? true
[ActivityLogger] Success! Method=GET, URL=/api/admin/coding?page=1&search=&difficulty=&status=, Has user? true, Has socket? true
[ActivityLogger] Success! Method=GET, URL=/api/admin/coding?page=1&search=&difficulty=&status=, Has user? true, Has socket? true
[ActivityLogger] Success! Method=GET, URL=/api/admin/tests, Has user? true, Has socket? true
[ActivityLogger] Success! Method=GET, URL=/api/admin/tests, Has user? true, Has socket? true
[ActivityLogger] Success! Method=GET, URL=/api/admin/questions/topics, Has user? true, Has socket? true
[ActivityLogger] Success! Method=GET, URL=/api/admin/questions/companies, Has user? true, Has socket? true
[ActivityLogger] Success! Method=GET, URL=/api/admin/questions/topics, Has user? true, Has socket? true
[ActivityLogger] Success! Method=GET, URL=/api/admin/questions/companies, Has user? true, Has socket? true
[ActivityLogger] Success! Method=GET, URL=/api/admin/questions?search=&topic=&company=&difficulty=&page=1, Has user? true, Has socket? true
[ActivityLogger] Success! Method=GET, URL=/api/admin/questions?search=&topic=&company=&difficulty=&page=1, Has user? true, Has socket? true
[ActivityLogger] Success! Method=GET, URL=/api/admin/questions/topics, Has user? true, Has socket? true
[ActivityLogger] Success! Method=GET, URL=/api/admin/questions/topics, Has user? true, Has socket? true
[ActivityLogger] Success! Method=GET, URL=/api/admin/questions/companies, Has user? true, Has socket? true
[ActivityLogger] Success! Method=GET, URL=/api/admin/questions/companies, Has user? true, Has socket? true
[ActivityLogger] Success! Method=GET, URL=/api/admin/contests, Has user? true, Has socket? true
[ActivityLogger] Success! Method=GET, URL=/api/admin/contests, Has user? true, Has socket? true
[ActivityLogger] Success! Method=GET, URL=/api/admin/community/dashboard, Has user? true, Has socket? true
[ActivityLogger] Success! Method=GET, URL=/api/admin/community/dashboard, Has user? true, Has socket? true
[ActivityLogger] Success! Method=GET, URL=/api/admin/achievement?page=1&limit=10&search=&category=&status=, Has user? true, Has socket? true
[ActivityLogger] Success! Method=GET, URL=/api/admin/rewards/dashboard, Has user? true, Has socket? true
[ActivityLogger] Success! Method=GET, URL=/api/admin/rewards/dashboard, Has user? true, Has socket? true
[ActivityLogger] Success! Method=GET, URL=/api/admin/badges, Has user? true, Has socket? true
[ActivityLogger] Success! Method=GET, URL=/api/admin/badges, Has user? true, Has socket? true
[ActivityLogger] Success! Method=GET, URL=/api/admin/analytics/resume, Has user? true, Has socket? true
[ActivityLogger] Success! Method=GET, URL=/api/admin/analytics/resume, Has user? true, Has socket? true
[ActivityLogger] Success! Method=GET, URL=/api/admin/analytics/coding, Has user? true, Has socket? true
[ActivityLogger] Success! Method=GET, URL=/api/admin/analytics/users, Has user? true, Has socket? true
[ActivityLogger] Success! Method=GET, URL=/api/admin/analytics/interviews, Has user? true, Has socket? true
[ActivityLogger] Success! Method=GET, URL=/api/admin/analytics/users, Has user? true, Has socket? true
[ActivityLogger] Success! Method=GET, URL=/api/admin/analytics/coding, Has user? true, Has socket? true
[ActivityLogger] Success! Method=GET, URL=/api/admin/analytics/dashboard, Has user? true, Has socket? true
[ActivityLogger] Success! Method=GET, URL=/api/admin/analytics/interviews, Has user? true, Has socket? true
[ActivityLogger] Success! Method=GET, URL=/api/admin/analytics/dashboard, Has user? true, Has socket? true
[ActivityLogger] Success! Method=GET, URL=/api/admin/tests, Has user? true, Has socket? true
[ActivityLogger] Success! Method=GET, URL=/api/admin/tests, Has user? true, Has socket? true
[ActivityLogger] Success! Method=GET, URL=/api/admin/questions?limit=1000, Has user? true, Has socket? true
[ActivityLogger] Success! Method=GET, URL=/api/admin/questions?limit=1000, Has user? true, Has socket? true
[ActivityLogger] Success! Method=GET, URL=/api/admin/tests, Has user? true, Has socket? true
[ActivityLogger] Success! Method=GET, URL=/api/admin/tests, Has user? true, Has socket? true
[ActivityLogger] Success! Method=GET, URL=/api/admin/tests/6a44fe4853b521f3ad7157f4, Has user? true, Has socket? true
[ActivityLogger] Success! Method=GET, URL=/api/admin/tests/6a44fe4853b521f3ad7157f4, Has user? true, Has socket? true
[ActivityLogger] Success! Method=GET, URL=/api/admin/tests, Has user? true, Has socket? true
[ActivityLogger] Success! Method=GET, URL=/api/admin/tests, Has user? true, Has socket? true
[ActivityLogger] Success! Method=GET, URL=/api/admin/questions/companies, Has user? true, Has socket? true
[ActivityLogger] Success! Method=GET, URL=/api/admin/questions/topics, Has user? true, Has socket? true
[ActivityLogger] Success! Method=GET, URL=/api/admin/questions/companies, Has user? true, Has socket? true
[ActivityLogger] Success! Method=GET, URL=/api/admin/questions?search=&topic=&company=&difficulty=&page=1, Has user? true, Has socket? true
[ActivityLogger] Success! Method=GET, URL=/api/admin/questions/topics, Has user? true, Has socket? true
[ActivityLogger] Success! Method=GET, URL=/api/admin/questions?search=&topic=&company=&difficulty=&page=1, Has user? true, Has socket? true
[ActivityLogger] Success! Method=GET, URL=/api/admin/questions/6a44fea053b521f3ad715fe1, Has user? true, Has socket? true
[ActivityLogger] Success! Method=GET, URL=/api/admin/questions/6a44fea053b521f3ad715fe1, Has user? true, Has socket? true
[ActivityLogger] Success! Method=GET, URL=/api/admin/questions/topics, Has user? true, Has socket? true
[ActivityLogger] Success! Method=GET, URL=/api/admin/questions/companies, Has user? true, Has socket? true
[ActivityLogger] Success! Method=GET, URL=/api/admin/questions/topics, Has user? true, Has socket? true
[ActivityLogger] Success! Method=GET, URL=/api/admin/questions/companies, Has user? true, Has socket? true
[ActivityLogger] Success! Method=GET, URL=/api/admin/questions?search=&topic=&company=&difficulty=&page=1, Has user? true, Has socket? true
[ActivityLogger] Success! Method=GET, URL=/api/admin/questions?search=&topic=&company=&difficulty=&page=1, Has user? true, Has socket? true
[ActivityLogger] Success! Method=POST, URL=/api/admin/auth/login, Has user? false, Has socket? true
[ActivityLogger] Success! Method=GET, URL=/api/admin/auth/dashboard, Has user? true, Has socket? true
[ActivityLogger] Success! Method=GET, URL=/api/admin/auth/dashboard, Has user? true, Has socket? true
[ActivityLogger] Success! Method=GET, URL=/api/admin/coding?page=1&search=&difficulty=&status=, Has user? true, Has socket? true
[ActivityLogger] Success! Method=GET, URL=/api/admin/coding?page=1&search=&difficulty=&status=, Has user? true, Has socket? true
[ActivityLogger] Success! Method=GET, URL=/api/admin/tests, Has user? true, Has socket? true
[ActivityLogger] Success! Method=GET, URL=/api/admin/tests, Has user? true, Has socket? true
[ActivityLogger] Success! Method=GET, URL=/api/admin/questions?limit=1000, Has user? true, Has socket? true
[ActivityLogger] Success! Method=GET, URL=/api/admin/questions?limit=1000, Has user? true, Has socket? true
[ActivityLogger] Success! Method=GET, URL=/api/admin/tests, Has user? true, Has socket? true
[ActivityLogger] Success! Method=GET, URL=/api/admin/tests, Has user? true, Has socket? true
[ActivityLogger] Success! Method=GET, URL=/api/admin/questions?limit=1000, Has user? true, Has socket? true
[ActivityLogger] Success! Method=GET, URL=/api/admin/questions?limit=1000, Has user? true, Has socket? true
[ActivityLogger] Success! Method=GET, URL=/api/admin/tests, Has user? true, Has socket? true
[ActivityLogger] Success! Method=GET, URL=/api/admin/tests, Has user? true, Has socket? true
[ActivityLogger] Success! Method=GET, URL=/api/admin/tests/6a44fe4f53b521f3ad71589c, Has user? true, Has socket? true
[ActivityLogger] Success! Method=GET, URL=/api/admin/tests/6a44fe4f53b521f3ad71589c, Has user? true, Has socket? true
[ActivityLogger] Success! Method=GET, URL=/api/admin/tests/6a44fe4f53b521f3ad71589c, Has user? true, Has socket? true
[ActivityLogger] Success! Method=GET, URL=/api/admin/tests, Has user? true, Has socket? true
[ActivityLogger] Success! Method=GET, URL=/api/admin/tests, Has user? true, Has socket? true
[ActivityLogger] Success! Method=GET, URL=/api/admin/tests/6a44fe4853b521f3ad7157f4, Has user? true, Has socket? true
[ActivityLogger] Success! Method=GET, URL=/api/admin/tests/6a44fe4853b521f3ad7157f4, Has user? true, Has socket? true
[ActivityLogger] Success! Method=GET, URL=/api/admin/questions?limit=1000, Has user? true, Has socket? true
[ActivityLogger] Success! Method=GET, URL=/api/admin/questions?limit=1000, Has user? true, Has socket? true
[ActivityLogger] Success! Method=GET, URL=/api/admin/tests, Has user? true, Has socket? true
[ActivityLogger] Success! Method=GET, URL=/api/admin/tests, Has user? true, Has socket? true
[ActivityLogger] Success! Method=GET, URL=/api/admin/questions?limit=1000, Has user? true, Has socket? true
[ActivityLogger] Success! Method=GET, URL=/api/admin/questions?limit=1000, Has user? true, Has socket? true
[ActivityLogger] Success! Method=GET, URL=/api/admin/tests, Has user? true, Has socket? true
[ActivityLogger] Success! Method=GET, URL=/api/admin/tests, Has user? true, Has socket? true
[ActivityLogger] Success! Method=GET, URL=/api/admin/tests/6a44fe4f53b521f3ad71589c, Has user? true, Has socket? true
[ActivityLogger] Success! Method=GET, URL=/api/admin/tests/6a44fe4f53b521f3ad71589c, Has user? true, Has socket? true
[ActivityLogger] Success! Method=GET, URL=/api/admin/questions?limit=1000, Has user? true, Has socket? true
[ActivityLogger] Success! Method=GET, URL=/api/admin/questions?limit=1000, Has user? true, Has socket? true
[ActivityLogger] Success! Method=GET, URL=/api/admin/tests, Has user? true, Has socket? true
[ActivityLogger] Success! Method=GET, URL=/api/admin/tests, Has user? true, Has socket? true
[ActivityLogger] Success! Method=GET, URL=/api/admin/auth/me, Has user? true, Has socket? true
[ActivityLogger] Success! Method=GET, URL=/api/admin/auth/me, Has user? true, Has socket? true
[ActivityLogger] Success! Method=GET, URL=/api/admin/tests, Has user? true, Has socket? true
[ActivityLogger] Success! Method=GET, URL=/api/admin/tests, Has user? true, Has socket? true
[ActivityLogger] Success! Method=GET, URL=/api/admin/interviews/stats, Has user? true, Has socket? true
[ActivityLogger] Success! Method=GET, URL=/api/admin/interviews?page=1&search=&status=&experience=&limit=10, Has user? true, Has socket? true
[ActivityLogger] Success! Method=GET, URL=/api/admin/interviews?page=1&search=&status=&experience=&limit=10, Has user? true, Has socket? true
[ActivityLogger] Success! Method=GET, URL=/api/admin/interviews/stats, Has user? true, Has socket? true
[ActivityLogger] Success! Method=GET, URL=/api/admin/tests, Has user? true, Has socket? true
[ActivityLogger] Success! Method=GET, URL=/api/admin/tests, Has user? true, Has socket? true
[ActivityLogger] Success! Method=GET, URL=/api/admin/tests/6a44fe4a53b521f3ad71581e, Has user? true, Has socket? true
[ActivityLogger] Success! Method=GET, URL=/api/admin/tests/6a44fe4a53b521f3ad71581e, Has user? true, Has socket? true
[ActivityLogger] Success! Method=GET, URL=/api/admin/tests, Has user? true, Has socket? true
[ActivityLogger] Success! Method=GET, URL=/api/admin/tests, Has user? true, Has socket? true
[ActivityLogger] Success! Method=GET, URL=/api/admin/auth/me, Has user? true, Has socket? true
[ActivityLogger] Success! Method=GET, URL=/api/admin/auth/me, Has user? true, Has socket? true
[ActivityLogger] Success! Method=GET, URL=/api/admin/tests, Has user? true, Has socket? true
[ActivityLogger] Success! Method=GET, URL=/api/admin/tests, Has user? true, Has socket? true
[ActivityLogger] Success! Method=POST, URL=/api/auth/login, Has user? false, Has socket? true
[ActivityLogger] Success! Method=GET, URL=/api/users/profile, Has user? true, Has socket? true
[ActivityLogger] Success! Method=GET, URL=/api/analytics/rewards, Has user? true, Has socket? true
[ActivityLogger] Success! Method=GET, URL=/api/users/profile, Has user? true, Has socket? true
[ActivityLogger] Success! Method=GET, URL=/api/analytics/rewards, Has user? true, Has socket? true
[ActivityLogger] Success! Method=GET, URL=/api/analytics/me, Has user? true, Has socket? true
[ActivityLogger] Success! Method=GET, URL=/api/analytics/me, Has user? true, Has socket? true
[ActivityLogger] Success! Method=POST, URL=/api/admin/auth/login, Has user? false, Has socket? true
[ActivityLogger] Success! Method=GET, URL=/api/admin/auth/dashboard, Has user? true, Has socket? true
[ActivityLogger] Success! Method=GET, URL=/api/admin/auth/dashboard, Has user? true, Has socket? true
[ActivityLogger] Success! Method=GET, URL=/api/admin/users?page=1&limit=10&search=&role=&verified=&blocked=&sort=newest, Has user? true, Has socket? true
[ActivityLogger] Success! Method=GET, URL=/api/admin/users/stats, Has user? true, Has socket? true
[ActivityLogger] Success! Method=GET, URL=/api/admin/users?page=1&limit=10&search=&role=&verified=&blocked=&sort=newest, Has user? true, Has socket? true
[ActivityLogger] Success! Method=GET, URL=/api/admin/users/stats, Has user? true, Has socket? true
[ActivityLogger] Success! Method=GET, URL=/api/admin/auth/dashboard, Has user? true, Has socket? true
[ActivityLogger] Success! Method=GET, URL=/api/admin/auth/dashboard, Has user? true, Has socket? true
[ActivityLogger] Success! Method=GET, URL=/api/admin/users?page=1&limit=10&search=&role=&verified=&blocked=&sort=newest, Has user? true, Has socket? true
[ActivityLogger] Success! Method=GET, URL=/api/admin/users/stats, Has user? true, Has socket? true
[ActivityLogger] Success! Method=GET, URL=/api/admin/users?page=1&limit=10&search=&role=&verified=&blocked=&sort=newest, Has user? true, Has socket? true
[ActivityLogger] Success! Method=GET, URL=/api/admin/users/stats, Has user? true, Has socket? true
[ActivityLogger] Success! Method=GET, URL=/api/admin/users/6a703e8f46e22fbb4d61ab41, Has user? true, Has socket? true
[ActivityLogger] Success! Method=GET, URL=/api/admin/users/6a703e8f46e22fbb4d61ab41, Has user? true, Has socket? true
[ActivityLogger] Success! Method=GET, URL=/api/admin/users?page=1&limit=10&search=&role=&verified=&blocked=&sort=newest, Has user? true, Has socket? true
[ActivityLogger] Success! Method=GET, URL=/api/admin/users/stats, Has user? true, Has socket? true
[ActivityLogger] Success! Method=GET, URL=/api/admin/users?page=1&limit=10&search=&role=&verified=&blocked=&sort=newest, Has user? true, Has socket? true
[ActivityLogger] Success! Method=GET, URL=/api/admin/users/stats, Has user? true, Has socket? true
[ActivityLogger] Success! Method=GET, URL=/api/admin/users/6a703e8f46e22fbb4d61ab41, Has user? true, Has socket? true
[ActivityLogger] Success! Method=GET, URL=/api/admin/users/6a703e8f46e22fbb4d61ab41, Has user? true, Has socket? true
[ActivityLogger] Success! Method=GET, URL=/api/admin/users?page=1&limit=10&search=&role=&verified=&blocked=&sort=newest, Has user? true, Has socket? true
[ActivityLogger] Success! Method=GET, URL=/api/admin/users/stats, Has user? true, Has socket? true
[ActivityLogger] Success! Method=GET, URL=/api/admin/users?page=1&limit=10&search=&role=&verified=&blocked=&sort=newest, Has user? true, Has socket? true
[ActivityLogger] Success! Method=GET, URL=/api/admin/users/stats, Has user? true, Has socket? true
[ActivityLogger] Success! Method=GET, URL=/api/admin/auth/dashboard, Has user? true, Has socket? true
[ActivityLogger] Success! Method=GET, URL=/api/admin/auth/dashboard, Has user? true, Has socket? true
[ActivityLogger] Success! Method=GET, URL=/api/admin/users?page=1&limit=10&search=&role=&verified=&blocked=&sort=newest, Has user? true, Has socket? true
[ActivityLogger] Success! Method=GET, URL=/api/admin/users/stats, Has user? true, Has socket? true
[ActivityLogger] Success! Method=GET, URL=/api/admin/users?page=1&limit=10&search=&role=&verified=&blocked=&sort=newest, Has user? true, Has socket? true
[ActivityLogger] Success! Method=GET, URL=/api/admin/users/stats, Has user? true, Has socket? true
[ActivityLogger] Success! Method=GET, URL=/api/admin/interviews/stats, Has user? true, Has socket? true
[ActivityLogger] Success! Method=GET, URL=/api/admin/interviews?page=1&search=&status=&experience=&limit=10, Has user? true, Has socket? true
[ActivityLogger] Success! Method=GET, URL=/api/admin/interviews/stats, Has user? true, Has socket? true
[ActivityLogger] Success! Method=GET, URL=/api/admin/interviews?page=1&search=&status=&experience=&limit=10, Has user? true, Has socket? true
[ActivityLogger] Success! Method=GET, URL=/api/admin/interviews/6a743c18a0fd534dc9bc53bd, Has user? true, Has socket? true
[ActivityLogger] Success! Method=GET, URL=/api/admin/coding?page=1&search=&difficulty=&status=, Has user? true, Has socket? true
[ActivityLogger] Success! Method=GET, URL=/api/admin/coding?page=1&search=&difficulty=&status=, Has user? true, Has socket? true
[ActivityLogger] Success! Method=GET, URL=/api/admin/coding?page=1&search=&difficulty=&status=, Has user? true, Has socket? true
[ActivityLogger] Success! Method=GET, URL=/api/admin/coding?page=1&search=&difficulty=&status=, Has user? true, Has socket? true
[ActivityLogger] Success! Method=GET, URL=/api/admin/coding/6a71c7632dd0dc73c4da1c11, Has user? true, Has socket? true
[ActivityLogger] Success! Method=GET, URL=/api/admin/coding/6a71c7632dd0dc73c4da1c11, Has user? true, Has socket? true
[ActivityLogger] Success! Method=GET, URL=/api/admin/coding?page=1&search=&difficulty=&status=, Has user? true, Has socket? true
[ActivityLogger] Success! Method=GET, URL=/api/admin/coding?page=1&search=&difficulty=&status=, Has user? true, Has socket? true
[ActivityLogger] Success! Method=GET, URL=/api/admin/coding/6a71c7632dd0dc73c4da1c11, Has user? true, Has socket? true
[ActivityLogger] Success! Method=GET, URL=/api/admin/coding/6a71c7632dd0dc73c4da1c11, Has user? true, Has socket? true
[ActivityLogger] Success! Method=GET, URL=/api/admin/coding?page=1&search=&difficulty=&status=, Has user? true, Has socket? true
[ActivityLogger] Success! Method=GET, URL=/api/admin/coding?page=1&search=&difficulty=&status=, Has user? true, Has socket? true
[ActivityLogger] Success! Method=GET, URL=/api/admin/coding/6a71c7632dd0dc73c4da1c11, Has user? true, Has socket? true
[ActivityLogger] Success! Method=GET, URL=/api/admin/coding/6a71c7632dd0dc73c4da1c11, Has user? true, Has socket? true
[ActivityLogger] Success! Method=GET, URL=/api/admin/coding?page=1&search=&difficulty=&status=, Has user? true, Has socket? true
[ActivityLogger] Success! Method=GET, URL=/api/admin/coding?page=1&search=&difficulty=&status=, Has user? true, Has socket? true
[ActivityLogger] Success! Method=GET, URL=/api/admin/coding/6a71c7632dd0dc73c4da1c11, Has user? true, Has socket? true
[ActivityLogger] Success! Method=GET, URL=/api/admin/coding/6a71c7632dd0dc73c4da1c11, Has user? true, Has socket? true
[ActivityLogger] Success! Method=GET, URL=/api/admin/coding?page=1&search=&difficulty=&status=, Has user? true, Has socket? true
[ActivityLogger] Success! Method=GET, URL=/api/admin/coding?page=1&search=&difficulty=&status=, Has user? true, Has socket? true
[ActivityLogger] Success! Method=GET, URL=/api/admin/coding/6a71c7632dd0dc73c4da1c11, Has user? true, Has socket? true
[ActivityLogger] Success! Method=GET, URL=/api/admin/coding/6a71c7632dd0dc73c4da1c11, Has user? true, Has socket? true
[ActivityLogger] Success! Method=GET, URL=/api/admin/coding?page=1&search=&difficulty=&status=, Has user? true, Has socket? true
[ActivityLogger] Success! Method=GET, URL=/api/admin/coding?page=1&search=&difficulty=&status=, Has user? true, Has socket? true
[ActivityLogger] Success! Method=GET, URL=/api/admin/coding?page=2&search=&difficulty=&status=, Has user? true, Has socket? true
[ActivityLogger] Success! Method=GET, URL=/api/admin/coding/6a50a0f4d22e80b6ced1a6f8, Has user? true, Has socket? true
[ActivityLogger] Success! Method=GET, URL=/api/admin/coding/6a50a0f4d22e80b6ced1a6f8, Has user? true, Has socket? true
[ActivityLogger] Success! Method=GET, URL=/api/admin/coding?page=1&search=&difficulty=&status=, Has user? true, Has socket? true
[ActivityLogger] Success! Method=GET, URL=/api/admin/coding?page=1&search=&difficulty=&status=, Has user? true, Has socket? true
[ActivityLogger] Success! Method=GET, URL=/api/admin/tests, Has user? true, Has socket? true
[ActivityLogger] Success! Method=GET, URL=/api/admin/tests, Has user? true, Has socket? true
[ActivityLogger] Success! Method=GET, URL=/api/admin/questions/topics, Has user? true, Has socket? true
[ActivityLogger] Success! Method=GET, URL=/api/admin/coding?page=1&search=&difficulty=&status=, Has user? true, Has socket? true
[ActivityLogger] Success! Method=GET, URL=/api/admin/questions/companies, Has user? true, Has socket? true
[ActivityLogger] Success! Method=GET, URL=/api/admin/questions/topics, Has user? true, Has socket? true
[ActivityLogger] Success! Method=GET, URL=/api/admin/questions/companies, Has user? true, Has socket? true
[ActivityLogger] Success! Method=GET, URL=/api/admin/questions?search=&topic=&company=&difficulty=&page=1, Has user? true, Has socket? true
[ActivityLogger] Success! Method=GET, URL=/api/admin/tests, Has user? true, Has socket? true
[ActivityLogger] Success! Method=GET, URL=/api/admin/coding?page=1&search=&difficulty=&status=, Has user? true, Has socket? true
[ActivityLogger] Success! Method=GET, URL=/api/admin/questions?search=&topic=&company=&difficulty=&page=1, Has user? true, Has socket? true
[ActivityLogger] Success! Method=GET, URL=/api/admin/tests, Has user? true, Has socket? true
[ActivityLogger] Success! Method=GET, URL=/api/admin/questions?limit=1000, Has user? true, Has socket? true
[ActivityLogger] Success! Method=GET, URL=/api/admin/questions?limit=1000, Has user? true, Has socket? true
[ActivityLogger] Success! Method=GET, URL=/api/admin/tests, Has user? true, Has socket? true
[ActivityLogger] Success! Method=GET, URL=/api/admin/tests, Has user? true, Has socket? true
[ActivityLogger] Success! Method=GET, URL=/api/admin/tests/6a44fe4853b521f3ad7157f4, Has user? true, Has socket? true
[ActivityLogger] Success! Method=GET, URL=/api/admin/tests/6a44fe4853b521f3ad7157f4, Has user? true, Has socket? true
[ActivityLogger] Success! Method=GET, URL=/api/admin/tests, Has user? true, Has socket? true
[ActivityLogger] Success! Method=GET, URL=/api/admin/tests, Has user? true, Has socket? true
[ActivityLogger] Success! Method=GET, URL=/api/admin/tests/6a44fe4853b521f3ad7157f4, Has user? true, Has socket? true
[ActivityLogger] Success! Method=GET, URL=/api/admin/tests/6a44fe4853b521f3ad7157f4, Has user? true, Has socket? true
[ActivityLogger] Success! Method=GET, URL=/api/admin/questions?limit=1000, Has user? true, Has socket? true
[ActivityLogger] Success! Method=GET, URL=/api/admin/questions?limit=1000, Has user? true, Has socket? true
[ActivityLogger] Success! Method=GET, URL=/api/admin/tests, Has user? true, Has socket? true
[ActivityLogger] Success! Method=GET, URL=/api/admin/tests, Has user? true, Has socket? true
[ActivityLogger] Success! Method=POST, URL=/api/admin/auth/login, Has user? false, Has socket? true
[ActivityLogger] Success! Method=GET, URL=/api/admin/auth/dashboard, Has user? true, Has socket? true
[ActivityLogger] Success! Method=GET, URL=/api/admin/auth/dashboard, Has user? true, Has socket? true
[ActivityLogger] Success! Method=GET, URL=/api/admin/tests, Has user? true, Has socket? true
[ActivityLogger] Success! Method=GET, URL=/api/admin/tests, Has user? true, Has socket? true
[ActivityLogger] Success! Method=GET, URL=/api/admin/tests/6a44fe4853b521f3ad7157f4, Has user? true, Has socket? true
[ActivityLogger] Success! Method=GET, URL=/api/admin/tests/6a44fe4853b521f3ad7157f4, Has user? true, Has socket? true
[ActivityLogger] Success! Method=GET, URL=/api/admin/questions?limit=1000, Has user? true, Has socket? true
[ActivityLogger] Success! Method=GET, URL=/api/admin/questions?limit=1000, Has user? true, Has socket? true
[ActivityLogger] Success! Method=GET, URL=/api/admin/tests, Has user? true, Has socket? true
[ActivityLogger] Success! Method=GET, URL=/api/admin/tests, Has user? true, Has socket? true
[ActivityLogger] Success! Method=GET, URL=/api/admin/questions/topics, Has user? true, Has socket? true
[ActivityLogger] Success! Method=GET, URL=/api/admin/questions/companies, Has user? true, Has socket? true
[ActivityLogger] Success! Method=GET, URL=/api/admin/questions/topics, Has user? true, Has socket? true
[ActivityLogger] Success! Method=GET, URL=/api/admin/questions?search=&topic=&company=&difficulty=&page=1, Has user? true, Has socket? true
[ActivityLogger] Success! Method=GET, URL=/api/admin/questions/companies, Has user? true, Has socket? true
[ActivityLogger] Success! Method=GET, URL=/api/admin/questions?search=&topic=&company=&difficulty=&page=1, Has user? true, Has socket? true
[ActivityLogger] Success! Method=GET, URL=/api/admin/questions/topics, Has user? true, Has socket? true
[ActivityLogger] Success! Method=GET, URL=/api/admin/questions/companies, Has user? true, Has socket? true
[ActivityLogger] Success! Method=GET, URL=/api/admin/questions/topics, Has user? true, Has socket? true
[ActivityLogger] Success! Method=GET, URL=/api/admin/questions/companies, Has user? true, Has socket? true
[ActivityLogger] Success! Method=GET, URL=/api/admin/questions/topics, Has user? true, Has socket? true
[ActivityLogger] Success! Method=GET, URL=/api/admin/questions/companies, Has user? true, Has socket? true
[ActivityLogger] Success! Method=GET, URL=/api/admin/questions/topics, Has user? true, Has socket? true
[ActivityLogger] Success! Method=GET, URL=/api/admin/questions?search=&topic=&company=&difficulty=&page=1, Has user? true, Has socket? true
[ActivityLogger] Success! Method=GET, URL=/api/admin/questions/companies, Has user? true, Has socket? true
[ActivityLogger] Success! Method=GET, URL=/api/admin/questions?search=&topic=&company=&difficulty=&page=1, Has user? true, Has socket? true
[ActivityLogger] Success! Method=GET, URL=/api/admin/questions/6a4ce6e191b46dec8725da5f, Has user? true, Has socket? true
[ActivityLogger] Success! Method=GET, URL=/api/admin/questions/6a4ce6e191b46dec8725da5f, Has user? true, Has socket? true
[ActivityLogger] Success! Method=GET, URL=/api/admin/questions/topics, Has user? true, Has socket? true
[ActivityLogger] Success! Method=GET, URL=/api/admin/questions/companies, Has user? true, Has socket? true
[ActivityLogger] Success! Method=GET, URL=/api/admin/questions/topics, Has user? true, Has socket? true
[ActivityLogger] Success! Method=GET, URL=/api/admin/questions?search=&topic=&company=&difficulty=&page=1, Has user? true, Has socket? true
[ActivityLogger] Success! Method=GET, URL=/api/admin/questions/companies, Has user? true, Has socket? true
[ActivityLogger] Success! Method=GET, URL=/api/admin/questions?search=&topic=&company=&difficulty=&page=1, Has user? true, Has socket? true
[ActivityLogger] Success! Method=GET, URL=/api/admin/questions/topics, Has user? true, Has socket? true
[ActivityLogger] Success! Method=GET, URL=/api/admin/questions/topics, Has user? true, Has socket? true
[ActivityLogger] Success! Method=GET, URL=/api/admin/questions/companies, Has user? true, Has socket? true
[ActivityLogger] Success! Method=GET, URL=/api/admin/questions/companies, Has user? true, Has socket? true
[ActivityLogger] Success! Method=GET, URL=/api/admin/contests, Has user? true, Has socket? true
[ActivityLogger] Success! Method=GET, URL=/api/admin/contests, Has user? true, Has socket? true
[ActivityLogger] Success! Method=GET, URL=/api/admin/contests/6a576109c49649011c1c697f, Has user? true, Has socket? true
[ActivityLogger] Success! Method=GET, URL=/api/admin/contests/6a576109c49649011c1c697f, Has user? true, Has socket? true
[ActivityLogger] Success! Method=GET, URL=/api/admin/contests/6a576109c49649011c1c697f/leaderboard, Has user? true, Has socket? true
[ActivityLogger] Success! Method=GET, URL=/api/admin/contests/6a576109c49649011c1c697f/leaderboard, Has user? true, Has socket? true
[ActivityLogger] Success! Method=GET, URL=/api/admin/contests/6a576109c49649011c1c697f, Has user? true, Has socket? true
[ActivityLogger] Success! Method=GET, URL=/api/admin/contests/6a576109c49649011c1c697f, Has user? true, Has socket? true
[ActivityLogger] Success! Method=GET, URL=/api/admin/contests/6a576109c49649011c1c697f/participants, Has user? true, Has socket? true
[ActivityLogger] Success! Method=GET, URL=/api/admin/contests/6a576109c49649011c1c697f/participants, Has user? true, Has socket? true
[ActivityLogger] Success! Method=GET, URL=/api/admin/contests/6a576109c49649011c1c697f, Has user? true, Has socket? true
[ActivityLogger] Success! Method=GET, URL=/api/admin/contests/6a576109c49649011c1c697f, Has user? true, Has socket? true
[ActivityLogger] Success! Method=GET, URL=/api/admin/contests/6a576109c49649011c1c697f/participants, Has user? true, Has socket? true
[ActivityLogger] Success! Method=GET, URL=/api/admin/contests/6a576109c49649011c1c697f/participants, Has user? true, Has socket? true
[ActivityLogger] Success! Method=GET, URL=/api/admin/contests/6a576109c49649011c1c697f, Has user? true, Has socket? true
[ActivityLogger] Success! Method=GET, URL=/api/admin/contests/6a576109c49649011c1c697f, Has user? true, Has socket? true
[ActivityLogger] Success! Method=GET, URL=/api/admin/contests/6a576109c49649011c1c697f/participants, Has user? true, Has socket? true
[ActivityLogger] Success! Method=GET, URL=/api/admin/contests/6a576109c49649011c1c697f/participants, Has user? true, Has socket? true
[ActivityLogger] Success! Method=GET, URL=/api/admin/contests/6a576109c49649011c1c697f, Has user? true, Has socket? true
[ActivityLogger] Success! Method=GET, URL=/api/admin/contests/6a576109c49649011c1c697f, Has user? true, Has socket? true
[ActivityLogger] Success! Method=GET, URL=/api/admin/contests/6a576109c49649011c1c697f/participants, Has user? true, Has socket? true
[ActivityLogger] Success! Method=GET, URL=/api/admin/contests/6a576109c49649011c1c697f/participants, Has user? true, Has socket? true
[ActivityLogger] Success! Method=GET, URL=/api/admin/contests/6a576109c49649011c1c697f, Has user? true, Has socket? true
[ActivityLogger] Success! Method=GET, URL=/api/admin/contests/6a576109c49649011c1c697f, Has user? true, Has socket? true
[ActivityLogger] Success! Method=GET, URL=/api/admin/contests/6a576109c49649011c1c697f/participants, Has user? true, Has socket? true
[ActivityLogger] Success! Method=GET, URL=/api/admin/contests/6a576109c49649011c1c697f/participants, Has user? true, Has socket? true
[ActivityLogger] Success! Method=GET, URL=/api/admin/contests/6a576109c49649011c1c697f, Has user? true, Has socket? true
[ActivityLogger] Success! Method=GET, URL=/api/admin/contests/6a576109c49649011c1c697f, Has user? true, Has socket? true
[ActivityLogger] Success! Method=GET, URL=/api/admin/contests/6a576109c49649011c1c697f, Has user? true, Has socket? true
[ActivityLogger] Success! Method=GET, URL=/api/admin/contests/6a576109c49649011c1c697f, Has user? true, Has socket? true
[ActivityLogger] Success! Method=GET, URL=/api/admin/coding?limit=1000, Has user? true, Has socket? true
[ActivityLogger] Success! Method=GET, URL=/api/admin/coding?limit=1000, Has user? true, Has socket? true
[ActivityLogger] Success! Method=GET, URL=/api/admin/contests, Has user? true, Has socket? true
[ActivityLogger] Success! Method=GET, URL=/api/admin/contests, Has user? true, Has socket? true
[ActivityLogger] Success! Method=GET, URL=/api/admin/contests/6a576109c49649011c1c697f, Has user? true, Has socket? true
[ActivityLogger] Success! Method=GET, URL=/api/admin/contests/6a576109c49649011c1c697f, Has user? true, Has socket? true
[ActivityLogger] Success! Method=GET, URL=/api/admin/coding?limit=1000, Has user? true, Has socket? true
[ActivityLogger] Success! Method=GET, URL=/api/admin/coding?limit=1000, Has user? true, Has socket? true
[ActivityLogger] Success! Method=GET, URL=/api/admin/contests, Has user? true, Has socket? true
[ActivityLogger] Success! Method=GET, URL=/api/admin/contests, Has user? true, Has socket? true
[ActivityLogger] Success! Method=GET, URL=/api/admin/contests/6a576109c49649011c1c697f, Has user? true, Has socket? true
[ActivityLogger] Success! Method=GET, URL=/api/admin/contests/6a576109c49649011c1c697f, Has user? true, Has socket? true
[ActivityLogger] Success! Method=GET, URL=/api/admin/contests, Has user? true, Has socket? true
[ActivityLogger] Success! Method=GET, URL=/api/admin/contests, Has user? true, Has socket? true
[ActivityLogger] Success! Method=GET, URL=/api/admin/coding?limit=1000, Has user? true, Has socket? true
[ActivityLogger] Success! Method=GET, URL=/api/admin/coding?limit=1000, Has user? true, Has socket? true
[ActivityLogger] Success! Method=GET, URL=/api/admin/contests, Has user? true, Has socket? true
[ActivityLogger] Success! Method=GET, URL=/api/admin/contests, Has user? true, Has socket? true
[ActivityLogger] Success! Method=GET, URL=/api/admin/community/dashboard, Has user? true, Has socket? true
[ActivityLogger] Success! Method=GET, URL=/api/admin/community/dashboard, Has user? true, Has socket? true
[ActivityLogger] Success! Method=GET, URL=/api/admin/community/discussions?page=1&limit=10&search=&sort=-createdAt, Has user? true, Has socket? true
[ActivityLogger] Success! Method=GET, URL=/api/admin/community/discussions?page=1&limit=10&search=&sort=-createdAt, Has user? true, Has socket? true
[ActivityLogger] Success! Method=GET, URL=/api/admin/community/discussion/6a55e530cf65e6b2b31b06a8, Has user? true, Has socket? true
[ActivityLogger] Success! Method=GET, URL=/api/admin/community/discussion/6a55e530cf65e6b2b31b06a8, Has user? true, Has socket? true
[ActivityLogger] Success! Method=GET, URL=/api/admin/community/discussions?page=1&limit=10&search=&sort=-createdAt, Has user? true, Has socket? true
[ActivityLogger] Success! Method=GET, URL=/api/admin/community/discussions?page=1&limit=10&search=&sort=-createdAt, Has user? true, Has socket? true
[ActivityLogger] Success! Method=GET, URL=/api/admin/community/dashboard, Has user? true, Has socket? true
[ActivityLogger] Success! Method=GET, URL=/api/admin/community/dashboard, Has user? true, Has socket? true
[ActivityLogger] Success! Method=GET, URL=/api/admin/community/comments?page=1&limit=10&search=, Has user? true, Has socket? true
[ActivityLogger] Success! Method=GET, URL=/api/admin/community/comments?page=1&limit=10&search=, Has user? true, Has socket? true
[ActivityLogger] Success! Method=GET, URL=/api/admin/community/discussion/6a3a3d35aeb55b2846fc4cda, Has user? true, Has socket? true
[ActivityLogger] Success! Method=GET, URL=/api/admin/community/discussion/6a3a3d35aeb55b2846fc4cda, Has user? true, Has socket? true
[ActivityLogger] Success! Method=GET, URL=/api/admin/community/comments?page=1&limit=10&search=, Has user? true, Has socket? true
[ActivityLogger] Success! Method=GET, URL=/api/admin/community/comments?page=1&limit=10&search=, Has user? true, Has socket? true
[ActivityLogger] Success! Method=GET, URL=/api/admin/community/dashboard, Has user? true, Has socket? true
[ActivityLogger] Success! Method=GET, URL=/api/admin/community/dashboard, Has user? true, Has socket? true
[ActivityLogger] Success! Method=GET, URL=/api/admin/achievement?page=1&limit=10&search=&category=&status=, Has user? true, Has socket? true
[ActivityLogger] Success! Method=GET, URL=/api/admin/achievement/badges, Has user? true, Has socket? true
[ActivityLogger] Success! Method=GET, URL=/api/admin/achievement/badges, Has user? true, Has socket? true
[ActivityLogger] Success! Method=GET, URL=/api/admin/achievement?page=1&limit=10&search=&category=&status=, Has user? true, Has socket? true
[ActivityLogger] Success! Method=GET, URL=/api/admin/rewards/dashboard, Has user? true, Has socket? true
[ActivityLogger] Success! Method=GET, URL=/api/admin/rewards/dashboard, Has user? true, Has socket? true
[ActivityLogger] Success! Method=GET, URL=/api/admin/rewards, Has user? true, Has socket? true
[ActivityLogger] Success! Method=GET, URL=/api/admin/rewards, Has user? true, Has socket? true
[ActivityLogger] Success! Method=GET, URL=/api/admin/badges, Has user? true, Has socket? true
[ActivityLogger] Success! Method=GET, URL=/api/admin/badges, Has user? true, Has socket? true
[ActivityLogger] Success! Method=GET, URL=/api/admin/analytics/resume, Has user? true, Has socket? true
[ActivityLogger] Success! Method=GET, URL=/api/admin/analytics/users, Has user? true, Has socket? true
[ActivityLogger] Success! Method=GET, URL=/api/admin/analytics/resume, Has user? true, Has socket? true
[ActivityLogger] Success! Method=GET, URL=/api/admin/analytics/coding, Has user? true, Has socket? true
[ActivityLogger] Success! Method=GET, URL=/api/admin/analytics/interviews, Has user? true, Has socket? true
[ActivityLogger] Success! Method=GET, URL=/api/admin/analytics/users, Has user? true, Has socket? true
[ActivityLogger] Success! Method=GET, URL=/api/admin/analytics/coding, Has user? true, Has socket? true
[ActivityLogger] Success! Method=GET, URL=/api/admin/analytics/dashboard, Has user? true, Has socket? true
[ActivityLogger] Success! Method=GET, URL=/api/admin/analytics/interviews, Has user? true, Has socket? true
[ActivityLogger] Success! Method=GET, URL=/api/admin/badges, Has user? true, Has socket? true
[ActivityLogger] Success! Method=GET, URL=/api/admin/badges, Has user? true, Has socket? true
[ActivityLogger] Success! Method=GET, URL=/api/admin/analytics/dashboard, Has user? true, Has socket? true
[ActivityLogger] Success! Method=GET, URL=/api/admin/questions/topics, Has user? true, Has socket? true
[ActivityLogger] Success! Method=GET, URL=/api/admin/questions/topics, Has user? true, Has socket? true
[ActivityLogger] Success! Method=GET, URL=/api/admin/users?page=1&limit=10&search=&role=&verified=&blocked=&sort=newest, Has user? true, Has socket? true
[ActivityLogger] Success! Method=GET, URL=/api/admin/users/stats, Has user? true, Has socket? true
[ActivityLogger] Success! Method=GET, URL=/api/admin/users?page=1&limit=10&search=&role=&verified=&blocked=&sort=newest, Has user? true, Has socket? true
[ActivityLogger] Success! Method=GET, URL=/api/admin/users/stats, Has user? true, Has socket? true
[ActivityLogger] Success! Method=GET, URL=/api/admin/tests, Has user? true, Has socket? true
[ActivityLogger] Success! Method=GET, URL=/api/admin/tests, Has user? true, Has socket? true
[ActivityLogger] Success! Method=GET, URL=/api/admin/questions/topics, Has user? true, Has socket? true
[ActivityLogger] Success! Method=GET, URL=/api/admin/questions/companies, Has user? true, Has socket? true
[ActivityLogger] Success! Method=GET, URL=/api/admin/questions?search=&topic=&company=&difficulty=&page=1, Has user? true, Has socket? true
[ActivityLogger] Success! Method=GET, URL=/api/admin/questions/topics, Has user? true, Has socket? true
[ActivityLogger] Success! Method=GET, URL=/api/admin/questions/companies, Has user? true, Has socket? true
[ActivityLogger] Success! Method=GET, URL=/api/admin/questions?search=&topic=&company=&difficulty=&page=1, Has user? true, Has socket? true
[ActivityLogger] Success! Method=GET, URL=/api/admin/tests, Has user? true, Has socket? true
[ActivityLogger] Success! Method=GET, URL=/api/admin/tests, Has user? true, Has socket? true
[ActivityLogger] Success! Method=GET, URL=/api/admin/questions/companies, Has user? true, Has socket? true
[ActivityLogger] Success! Method=GET, URL=/api/admin/questions/topics, Has user? true, Has socket? true
[ActivityLogger] Success! Method=GET, URL=/api/admin/questions?search=&topic=&company=&difficulty=&page=1, Has user? true, Has socket? true
[ActivityLogger] Success! Method=GET, URL=/api/admin/questions/companies, Has user? true, Has socket? true
[ActivityLogger] Success! Method=GET, URL=/api/admin/questions/topics, Has user? true, Has socket? true
[ActivityLogger] Success! Method=GET, URL=/api/admin/questions?search=&topic=&company=&difficulty=&page=1, Has user? true, Has socket? true
[ActivityLogger] Success! Method=GET, URL=/api/admin/tests, Has user? true, Has socket? true
[ActivityLogger] Success! Method=GET, URL=/api/admin/tests, Has user? true, Has socket? true
[ActivityLogger] Success! Method=GET, URL=/api/admin/coding?page=1&search=&difficulty=&status=, Has user? true, Has socket? true
[ActivityLogger] Success! Method=GET, URL=/api/admin/coding?page=1&search=&difficulty=&status=, Has user? true, Has socket? true
[ActivityLogger] Success! Method=GET, URL=/api/admin/coding/6a7038b02aa9d8f3998f0900, Has user? true, Has socket? true
[ActivityLogger] Success! Method=GET, URL=/api/admin/coding/6a7038b02aa9d8f3998f0900, Has user? true, Has socket? true
[ActivityLogger] Success! Method=GET, URL=/api/admin/coding?page=1&search=&difficulty=&status=, Has user? true, Has socket? true
[ActivityLogger] Success! Method=GET, URL=/api/admin/coding?page=1&search=&difficulty=&status=, Has user? true, Has socket? true
[ActivityLogger] Success! Method=GET, URL=/api/admin/interviews/stats, Has user? true, Has socket? true
[ActivityLogger] Success! Method=GET, URL=/api/admin/interviews?page=1&search=&status=&experience=&limit=10, Has user? true, Has socket? true
[ActivityLogger] Success! Method=GET, URL=/api/admin/interviews?page=1&search=&status=&experience=&limit=10, Has user? true, Has socket? true
[ActivityLogger] Success! Method=GET, URL=/api/admin/interviews/stats, Has user? true, Has socket? true
[ActivityLogger] Success! Method=GET, URL=/api/admin/coding?page=1&search=&difficulty=&status=, Has user? true, Has socket? true
[ActivityLogger] Success! Method=GET, URL=/api/admin/coding?page=1&search=&difficulty=&status=, Has user? true, Has socket? true
[ActivityLogger] Success! Method=GET, URL=/api/admin/tests, Has user? true, Has socket? true
[ActivityLogger] Success! Method=GET, URL=/api/admin/tests, Has user? true, Has socket? true
[ActivityLogger] Success! Method=GET, URL=/api/admin/coding?page=1&search=&difficulty=&status=, Has user? true, Has socket? true
[ActivityLogger] Success! Method=GET, URL=/api/admin/coding?page=1&search=&difficulty=&status=, Has user? true, Has socket? true
[ActivityLogger] Success! Method=GET, URL=/api/admin/coding?page=1&search=&difficulty=&status=, Has user? true, Has socket? true
[ActivityLogger] Success! Method=GET, URL=/api/admin/coding?page=1&search=&difficulty=&status=, Has user? true, Has socket? true
[ActivityLogger] Success! Method=GET, URL=/api/admin/coding/6a71c7632dd0dc73c4da1c11, Has user? true, Has socket? true
[ActivityLogger] Success! Method=GET, URL=/api/admin/coding/6a71c7632dd0dc73c4da1c11, Has user? true, Has socket? true
[ActivityLogger] Success! Method=GET, URL=/api/admin/coding?page=1&search=&difficulty=&status=, Has user? true, Has socket? true
[ActivityLogger] Success! Method=GET, URL=/api/admin/coding?page=1&search=&difficulty=&status=, Has user? true, Has socket? true
[ActivityLogger] Success! Method=GET, URL=/api/admin/tests, Has user? true, Has socket? true
[ActivityLogger] Success! Method=GET, URL=/api/admin/tests, Has user? true, Has socket? true
[ActivityLogger] Success! Method=GET, URL=/api/admin/tests/6a44fe4853b521f3ad7157f4, Has user? true, Has socket? true
[ActivityLogger] Success! Method=GET, URL=/api/admin/tests/6a44fe4853b521f3ad7157f4, Has user? true, Has socket? true
[ActivityLogger] Success! Method=GET, URL=/api/admin/questions?limit=1000, Has user? true, Has socket? true
[ActivityLogger] Success! Method=GET, URL=/api/admin/questions?limit=1000, Has user? true, Has socket? true
[ActivityLogger] Success! Method=GET, URL=/api/admin/tests, Has user? true, Has socket? true
[ActivityLogger] Success! Method=GET, URL=/api/admin/tests, Has user? true, Has socket? true
[ActivityLogger] Success! Method=POST, URL=/api/admin/auth/login, Has user? false, Has socket? true
[ActivityLogger] Success! Method=GET, URL=/api/admin/auth/dashboard, Has user? true, Has socket? true
[ActivityLogger] Success! Method=GET, URL=/api/admin/auth/dashboard, Has user? true, Has socket? true
[ActivityLogger] Success! Method=GET, URL=/api/admin/tests, Has user? true, Has socket? true
[ActivityLogger] Success! Method=GET, URL=/api/admin/tests, Has user? true, Has socket? true
[ActivityLogger] Success! Method=GET, URL=/api/admin/tests/6a44fe4853b521f3ad7157f4, Has user? true, Has socket? true
[ActivityLogger] Success! Method=GET, URL=/api/admin/tests/6a44fe4853b521f3ad7157f4, Has user? true, Has socket? true
[ActivityLogger] Success! Method=GET, URL=/api/admin/tests, Has user? true, Has socket? true
[ActivityLogger] Success! Method=GET, URL=/api/admin/tests, Has user? true, Has socket? true
[ActivityLogger] Success! Method=GET, URL=/api/admin/questions/topics, Has user? true, Has socket? true
[ActivityLogger] Success! Method=GET, URL=/api/admin/questions/companies, Has user? true, Has socket? true
[ActivityLogger] Success! Method=GET, URL=/api/admin/questions/topics, Has user? true, Has socket? true
[ActivityLogger] Success! Method=GET, URL=/api/admin/questions?search=&topic=&company=&difficulty=&page=1, Has user? true, Has socket? true
[ActivityLogger] Success! Method=GET, URL=/api/admin/questions/companies, Has user? true, Has socket? true
[ActivityLogger] Success! Method=GET, URL=/api/admin/questions?search=&topic=&company=&difficulty=&page=1, Has user? true, Has socket? true
[ActivityLogger] Success! Method=GET, URL=/api/admin/questions/companies, Has user? true, Has socket? true
[ActivityLogger] Success! Method=GET, URL=/api/admin/questions/topics, Has user? true, Has socket? true
[ActivityLogger] Success! Method=GET, URL=/api/admin/questions/topics, Has user? true, Has socket? true
[ActivityLogger] Success! Method=GET, URL=/api/admin/questions/companies, Has user? true, Has socket? true
[ActivityLogger] Success! Method=GET, URL=/api/admin/questions/topics, Has user? true, Has socket? true
[ActivityLogger] Success! Method=GET, URL=/api/admin/questions/companies, Has user? true, Has socket? true
[ActivityLogger] Success! Method=GET, URL=/api/admin/questions/topics, Has user? true, Has socket? true
[ActivityLogger] Success! Method=GET, URL=/api/admin/questions/companies, Has user? true, Has socket? true
[ActivityLogger] Success! Method=GET, URL=/api/admin/questions?search=&topic=&company=&difficulty=&page=1, Has user? true, Has socket? true
[ActivityLogger] Success! Method=GET, URL=/api/admin/questions?search=&topic=&company=&difficulty=&page=1, Has user? true, Has socket? true
[ActivityLogger] Success! Method=GET, URL=/api/admin/questions/topics, Has user? true, Has socket? true
[ActivityLogger] Success! Method=GET, URL=/api/admin/questions/topics, Has user? true, Has socket? true
[ActivityLogger] Success! Method=GET, URL=/api/admin/questions/topics, Has user? true, Has socket? true
[ActivityLogger] Success! Method=GET, URL=/api/admin/questions/companies, Has user? true, Has socket? true
[ActivityLogger] Success! Method=GET, URL=/api/admin/questions/topics, Has user? true, Has socket? true
[ActivityLogger] Success! Method=GET, URL=/api/admin/questions/companies, Has user? true, Has socket? true
[ActivityLogger] Success! Method=GET, URL=/api/admin/questions?search=&topic=&company=&difficulty=&page=1, Has user? true, Has socket? true
[ActivityLogger] Success! Method=GET, URL=/api/admin/questions?search=&topic=&company=&difficulty=&page=1, Has user? true, Has socket? true
[ActivityLogger] Success! Method=GET, URL=/api/admin/questions/companies, Has user? true, Has socket? true
[ActivityLogger] Success! Method=GET, URL=/api/admin/questions/topics, Has user? true, Has socket? true
[ActivityLogger] Success! Method=GET, URL=/api/admin/questions/topics, Has user? true, Has socket? true
[ActivityLogger] Success! Method=GET, URL=/api/admin/questions/companies, Has user? true, Has socket? true
[ActivityLogger] Success! Method=GET, URL=/api/admin/questions/topics, Has user? true, Has socket? true
[ActivityLogger] Success! Method=GET, URL=/api/admin/questions/companies, Has user? true, Has socket? true
[ActivityLogger] Success! Method=GET, URL=/api/admin/questions/topics, Has user? true, Has socket? true
[ActivityLogger] Success! Method=GET, URL=/api/admin/questions/companies, Has user? true, Has socket? true
[ActivityLogger] Success! Method=GET, URL=/api/admin/questions?search=&topic=&company=&difficulty=&page=1, Has user? true, Has socket? true
[ActivityLogger] Success! Method=GET, URL=/api/admin/questions?search=&topic=&company=&difficulty=&page=1, Has user? true, Has socket? true
[ActivityLogger] Success! Method=GET, URL=/api/admin/questions?search=n&topic=&company=&difficulty=&page=1, Has user? true, Has socket? true
[ActivityLogger] Success! Method=GET, URL=/api/admin/questions?search=nd&topic=&company=&difficulty=&page=1, Has user? true, Has socket? true
[ActivityLogger] Success! Method=GET, URL=/api/admin/questions?search=nde&topic=&company=&difficulty=&page=1, Has user? true, Has socket? true
[ActivityLogger] Success! Method=GET, URL=/api/admin/questions?search=nd&topic=&company=&difficulty=&page=1, Has user? true, Has socket? true
[ActivityLogger] Success! Method=GET, URL=/api/admin/questions?search=n&topic=&company=&difficulty=&page=1, Has user? true, Has socket? true
[ActivityLogger] Success! Method=GET, URL=/api/admin/questions?search=&topic=&company=&difficulty=&page=1, Has user? true, Has socket? true
[ActivityLogger] Success! Method=GET, URL=/api/admin/questions?search=d&topic=&company=&difficulty=&page=1, Has user? true, Has socket? true
[ActivityLogger] Success! Method=GET, URL=/api/admin/questions?search=de&topic=&company=&difficulty=&page=1, Has user? true, Has socket? true
[ActivityLogger] Success! Method=GET, URL=/api/admin/questions?search=dev&topic=&company=&difficulty=&page=1, Has user? true, Has socket? true
[ActivityLogger] Success! Method=GET, URL=/api/admin/questions?search=devo&topic=&company=&difficulty=&page=1, Has user? true, Has socket? true
[ActivityLogger] Success! Method=GET, URL=/api/admin/questions?search=devop&topic=&company=&difficulty=&page=1, Has user? true, Has socket? true
[ActivityLogger] Success! Method=GET, URL=/api/admin/questions?search=devops&topic=&company=&difficulty=&page=1, Has user? true, Has socket? true
[ActivityLogger] Success! Method=GET, URL=/api/admin/questions?search=devop&topic=&company=&difficulty=&page=1, Has user? true, Has socket? true
[ActivityLogger] Success! Method=GET, URL=/api/admin/questions?search=devo&topic=&company=&difficulty=&page=1, Has user? true, Has socket? true
[ActivityLogger] Success! Method=GET, URL=/api/admin/questions?search=de&topic=&company=&difficulty=&page=1, Has user? true, Has socket? true
[ActivityLogger] Success! Method=GET, URL=/api/admin/questions?search=d&topic=&company=&difficulty=&page=1, Has user? true, Has socket? true
[ActivityLogger] Success! Method=GET, URL=/api/admin/questions?search=&topic=&company=&difficulty=&page=1, Has user? true, Has socket? true
[ActivityLogger] Success! Method=GET, URL=/api/admin/questions?search=dev&topic=&company=&difficulty=&page=1, Has user? true, Has socket? true
[ActivityLogger] Success! Method=GET, URL=/api/admin/questions?search=d&topic=&company=&difficulty=&page=1, Has user? true, Has socket? true
[ActivityLogger] Success! Method=GET, URL=/api/admin/questions?search=de&topic=&company=&difficulty=&page=1, Has user? true, Has socket? true
[ActivityLogger] Success! Method=GET, URL=/api/admin/questions?search=dev&topic=&company=&difficulty=&page=1, Has user? true, Has socket? true
[ActivityLogger] Success! Method=GET, URL=/api/admin/questions?search=deve&topic=&company=&difficulty=&page=1, Has user? true, Has socket? true
[ActivityLogger] Success! Method=GET, URL=/api/admin/questions?search=devel&topic=&company=&difficulty=&page=1, Has user? true, Has socket? true
[ActivityLogger] Success! Method=GET, URL=/api/admin/questions?search=deve&topic=&company=&difficulty=&page=1, Has user? true, Has socket? true
[ActivityLogger] Success! Method=GET, URL=/api/admin/questions?search=dev&topic=&company=&difficulty=&page=1, Has user? true, Has socket? true
[ActivityLogger] Success! Method=GET, URL=/api/admin/questions?search=de&topic=&company=&difficulty=&page=1, Has user? true, Has socket? true
[ActivityLogger] Success! Method=GET, URL=/api/admin/questions?search=&topic=&company=&difficulty=&page=1, Has user? true, Has socket? true
[ActivityLogger] Success! Method=GET, URL=/api/admin/questions?search=d&topic=&company=&difficulty=&page=1, Has user? true, Has socket? true
[ActivityLogger] Success! Method=GET, URL=/api/admin/questions/companies, Has user? true, Has socket? true
[ActivityLogger] Success! Method=GET, URL=/api/admin/questions/companies, Has user? true, Has socket? true
[ActivityLogger] Success! Method=GET, URL=/api/admin/questions/companies, Has user? true, Has socket? true
[ActivityLogger] Success! Method=GET, URL=/api/admin/questions/topics, Has user? true, Has socket? true
[ActivityLogger] Success! Method=GET, URL=/api/admin/questions/companies, Has user? true, Has socket? true
[ActivityLogger] Success! Method=GET, URL=/api/admin/questions/topics, Has user? true, Has socket? true
[ActivityLogger] Success! Method=GET, URL=/api/admin/questions?search=&topic=&company=&difficulty=&page=1, Has user? true, Has socket? true
[ActivityLogger] Success! Method=GET, URL=/api/admin/questions?search=&topic=&company=&difficulty=&page=1, Has user? true, Has socket? true
[ActivityLogger] Success! Method=GET, URL=/api/admin/questions/topics, Has user? true, Has socket? true
[ActivityLogger] Success! Method=GET, URL=/api/admin/questions/companies, Has user? true, Has socket? true
[ActivityLogger] Success! Method=GET, URL=/api/admin/questions/topics, Has user? true, Has socket? true
[ActivityLogger] Success! Method=GET, URL=/api/admin/questions/companies, Has user? true, Has socket? true
[ActivityLogger] Success! Method=GET, URL=/api/admin/auth/me, Has user? true, Has socket? true
[ActivityLogger] Success! Method=GET, URL=/api/admin/auth/me, Has user? true, Has socket? true
[ActivityLogger] Success! Method=GET, URL=/api/admin/questions/topics, Has user? true, Has socket? true
[ActivityLogger] Success! Method=GET, URL=/api/admin/questions/companies, Has user? true, Has socket? true
[ActivityLogger] Success! Method=GET, URL=/api/admin/questions/topics, Has user? true, Has socket? true
[ActivityLogger] Success! Method=GET, URL=/api/admin/questions/companies, Has user? true, Has socket? true
[ActivityLogger] Success! Method=GET, URL=/api/admin/questions/topics, Has user? true, Has socket? true
[ActivityLogger] Success! Method=GET, URL=/api/admin/questions/companies, Has user? true, Has socket? true
[ActivityLogger] Success! Method=GET, URL=/api/admin/questions/topics, Has user? true, Has socket? true
[ActivityLogger] Success! Method=GET, URL=/api/admin/questions?search=&topic=&company=&difficulty=&page=1, Has user? true, Has socket? true
[ActivityLogger] Success! Method=GET, URL=/api/admin/questions/companies, Has user? true, Has socket? true
[ActivityLogger] Success! Method=GET, URL=/api/admin/questions?search=&topic=&company=&difficulty=&page=1, Has user? true, Has socket? true
[ActivityLogger] Success! Method=GET, URL=/api/admin/questions/topics, Has user? true, Has socket? true
[ActivityLogger] Success! Method=GET, URL=/api/admin/questions/companies, Has user? true, Has socket? true
[ActivityLogger] Success! Method=GET, URL=/api/admin/questions/topics, Has user? true, Has socket? true
[ActivityLogger] Success! Method=GET, URL=/api/admin/questions/companies, Has user? true, Has socket? true
[ActivityLogger] Success! Method=GET, URL=/api/admin/questions/companies, Has user? true, Has socket? true
[ActivityLogger] Success! Method=GET, URL=/api/admin/questions/companies, Has user? true, Has socket? true
[ActivityLogger] Success! Method=GET, URL=/api/admin/questions?search=&topic=&company=&difficulty=&page=1, Has user? true, Has socket? true
[ActivityLogger] Success! Method=GET, URL=/api/admin/questions?search=&topic=&company=&difficulty=&page=1, Has user? true, Has socket? true
[ActivityLogger] Success! Method=GET, URL=/api/admin/questions/topics, Has user? true, Has socket? true
[ActivityLogger] Success! Method=GET, URL=/api/admin/questions/topics, Has user? true, Has socket? true
[ActivityLogger] Success! Method=GET, URL=/api/admin/questions/6a4ce6e191b46dec8725da5f, Has user? true, Has socket? true
[ActivityLogger] Success! Method=GET, URL=/api/admin/questions/6a4ce6e191b46dec8725da5f, Has user? true, Has socket? true
[ActivityLogger] Success! Method=GET, URL=/api/admin/questions/6a4ce6e191b46dec8725da5f, Has user? true, Has socket? true
[ActivityLogger] Success! Method=GET, URL=/api/admin/questions/topics, Has user? true, Has socket? true
[ActivityLogger] Success! Method=GET, URL=/api/admin/questions/6a4ce6e191b46dec8725da5f, Has user? true, Has socket? true
[ActivityLogger] Success! Method=GET, URL=/api/admin/questions/companies, Has user? true, Has socket? true
[ActivityLogger] Success! Method=GET, URL=/api/admin/questions/topics, Has user? true, Has socket? true
[ActivityLogger] Success! Method=GET, URL=/api/admin/questions/companies, Has user? true, Has socket? true
[ActivityLogger] Success! Method=GET, URL=/api/admin/questions/topics, Has user? true, Has socket? true
[ActivityLogger] Success! Method=GET, URL=/api/admin/questions/companies, Has user? true, Has socket? true
[ActivityLogger] Success! Method=GET, URL=/api/admin/questions/topics, Has user? true, Has socket? true
[ActivityLogger] Success! Method=GET, URL=/api/admin/questions/companies, Has user? true, Has socket? true
[ActivityLogger] Success! Method=GET, URL=/api/admin/questions?search=&topic=&company=&difficulty=&page=1, Has user? true, Has socket? true
[ActivityLogger] Success! Method=GET, URL=/api/admin/questions?search=&topic=&company=&difficulty=&page=1, Has user? true, Has socket? true
[ActivityLogger] Success! Method=GET, URL=/api/admin/questions/6a4ce6e191b46dec8725da5f, Has user? true, Has socket? true
[ActivityLogger] Success! Method=GET, URL=/api/admin/questions/topics, Has user? true, Has socket? true
[ActivityLogger] Success! Method=GET, URL=/api/admin/questions/companies, Has user? true, Has socket? true
[ActivityLogger] Success! Method=GET, URL=/api/admin/questions/6a4ce6e191b46dec8725da5f, Has user? true, Has socket? true
[ActivityLogger] Success! Method=GET, URL=/api/admin/questions/topics, Has user? true, Has socket? true
[ActivityLogger] Success! Method=GET, URL=/api/admin/questions/companies, Has user? true, Has socket? true
[ActivityLogger] Success! Method=GET, URL=/api/admin/questions/topics, Has user? true, Has socket? true
[ActivityLogger] Success! Method=GET, URL=/api/admin/questions/companies, Has user? true, Has socket? true
[ActivityLogger] Success! Method=GET, URL=/api/admin/questions/topics, Has user? true, Has socket? true
[ActivityLogger] Success! Method=GET, URL=/api/admin/questions/companies, Has user? true, Has socket? true
[ActivityLogger] Success! Method=GET, URL=/api/admin/questions?search=&topic=&company=&difficulty=&page=1, Has user? true, Has socket? true
[ActivityLogger] Success! Method=GET, URL=/api/admin/questions?search=&topic=&company=&difficulty=&page=1, Has user? true, Has socket? true
[ActivityLogger] Success! Method=GET, URL=/api/admin/questions/topics, Has user? true, Has socket? true
[ActivityLogger] Success! Method=GET, URL=/api/admin/questions/companies, Has user? true, Has socket? true
[ActivityLogger] Success! Method=GET, URL=/api/admin/questions/companies, Has user? true, Has socket? true
[ActivityLogger] Success! Method=GET, URL=/api/admin/questions/topics, Has user? true, Has socket? true
[ActivityLogger] Success! Method=GET, URL=/api/admin/questions/companies, Has user? true, Has socket? true
[ActivityLogger] Success! Method=GET, URL=/api/admin/questions/topics, Has user? true, Has socket? true
[ActivityLogger] Success! Method=GET, URL=/api/admin/questions/companies, Has user? true, Has socket? true
[ActivityLogger] Success! Method=GET, URL=/api/admin/questions/topics, Has user? true, Has socket? true
[ActivityLogger] Success! Method=GET, URL=/api/admin/questions?search=&topic=&company=&difficulty=&page=1, Has user? true, Has socket? true
[ActivityLogger] Success! Method=GET, URL=/api/admin/questions?search=&topic=&company=&difficulty=&page=1, Has user? true, Has socket? true
[ActivityLogger] Success! Method=GET, URL=/api/admin/questions/topics, Has user? true, Has socket? true
[ActivityLogger] Success! Method=GET, URL=/api/admin/questions/companies, Has user? true, Has socket? true
[ActivityLogger] Success! Method=GET, URL=/api/admin/questions?search=&topic=&company=&difficulty=&page=1, Has user? true, Has socket? true
[ActivityLogger] Success! Method=GET, URL=/api/admin/tests, Has user? true, Has socket? true
[ActivityLogger] Success! Method=GET, URL=/api/admin/tests, Has user? true, Has socket? true
[ActivityLogger] Success! Method=GET, URL=/api/admin/coding?page=1&search=&difficulty=&status=, Has user? true, Has socket? true
[ActivityLogger] Success! Method=GET, URL=/api/admin/coding?page=1&search=&difficulty=&status=, Has user? true, Has socket? true
[ActivityLogger] Success! Method=GET, URL=/api/admin/interviews/stats, Has user? true, Has socket? true
[ActivityLogger] Success! Method=GET, URL=/api/admin/interviews/stats, Has user? true, Has socket? true
[ActivityLogger] Success! Method=GET, URL=/api/admin/interviews?page=1&search=&status=&experience=&limit=10, Has user? true, Has socket? true
[ActivityLogger] Success! Method=GET, URL=/api/admin/users?page=1&limit=10&search=&role=&verified=&blocked=&sort=newest, Has user? true, Has socket? true
[ActivityLogger] Success! Method=GET, URL=/api/admin/users?page=1&limit=10&search=&role=&verified=&blocked=&sort=newest, Has user? true, Has socket? true
[ActivityLogger] Success! Method=GET, URL=/api/admin/users/stats, Has user? true, Has socket? true
[ActivityLogger] Success! Method=GET, URL=/api/admin/interviews?page=1&search=&status=&experience=&limit=10, Has user? true, Has socket? true
[ActivityLogger] Success! Method=GET, URL=/api/admin/users/stats, Has user? true, Has socket? true
[ActivityLogger] Success! Method=GET, URL=/api/admin/tests, Has user? true, Has socket? true
[ActivityLogger] Success! Method=GET, URL=/api/admin/tests, Has user? true, Has socket? true
[ActivityLogger] Success! Method=GET, URL=/api/admin/questions/topics, Has user? true, Has socket? true
[ActivityLogger] Success! Method=GET, URL=/api/admin/questions/companies, Has user? true, Has socket? true
[ActivityLogger] Success! Method=GET, URL=/api/admin/questions/topics, Has user? true, Has socket? true
[ActivityLogger] Success! Method=GET, URL=/api/admin/questions/companies, Has user? true, Has socket? true
[ActivityLogger] Success! Method=GET, URL=/api/admin/questions?search=&topic=&company=&difficulty=&page=1, Has user? true, Has socket? true
[ActivityLogger] Success! Method=GET, URL=/api/admin/questions?search=&topic=&company=&difficulty=&page=1, Has user? true, Has socket? true
[ActivityLogger] Success! Method=GET, URL=/api/admin/questions/topics, Has user? true, Has socket? true
[ActivityLogger] Success! Method=GET, URL=/api/admin/questions/topics, Has user? true, Has socket? true
[ActivityLogger] Success! Method=GET, URL=/api/admin/badges, Has user? true, Has socket? true
[ActivityLogger] Success! Method=GET, URL=/api/admin/badges, Has user? true, Has socket? true
[ActivityLogger] Success! Method=GET, URL=/api/admin/analytics/resume, Has user? true, Has socket? true
[ActivityLogger] Success! Method=GET, URL=/api/admin/analytics/users, Has user? true, Has socket? true
[ActivityLogger] Success! Method=GET, URL=/api/admin/analytics/coding, Has user? true, Has socket? true
[ActivityLogger] Success! Method=GET, URL=/api/admin/analytics/resume, Has user? true, Has socket? true
[ActivityLogger] Success! Method=GET, URL=/api/admin/analytics/interviews, Has user? true, Has socket? true
[ActivityLogger] Success! Method=GET, URL=/api/admin/analytics/users, Has user? true, Has socket? true
[ActivityLogger] Success! Method=GET, URL=/api/admin/analytics/coding, Has user? true, Has socket? true
[ActivityLogger] Success! Method=GET, URL=/api/admin/analytics/dashboard, Has user? true, Has socket? true
[ActivityLogger] Success! Method=GET, URL=/api/admin/analytics/interviews, Has user? true, Has socket? true
[ActivityLogger] Success! Method=GET, URL=/api/admin/analytics/dashboard, Has user? true, Has socket? true
[ActivityLogger] Success! Method=GET, URL=/api/admin/auth/me, Has user? true, Has socket? true
[ActivityLogger] Success! Method=GET, URL=/api/admin/auth/me, Has user? true, Has socket? true
[ActivityLogger] Success! Method=GET, URL=/api/admin/analytics/resume, Has user? true, Has socket? true
[ActivityLogger] Success! Method=GET, URL=/api/admin/analytics/users, Has user? true, Has socket? true
[ActivityLogger] Success! Method=GET, URL=/api/admin/analytics/resume, Has user? true, Has socket? true
[ActivityLogger] Success! Method=GET, URL=/api/admin/analytics/coding, Has user? true, Has socket? true
[ActivityLogger] Success! Method=GET, URL=/api/admin/analytics/interviews, Has user? true, Has socket? true
[ActivityLogger] Success! Method=GET, URL=/api/admin/analytics/users, Has user? true, Has socket? true
[ActivityLogger] Success! Method=GET, URL=/api/admin/analytics/dashboard, Has user? true, Has socket? true
[ActivityLogger] Success! Method=GET, URL=/api/admin/analytics/coding, Has user? true, Has socket? true
[ActivityLogger] Success! Method=GET, URL=/api/admin/analytics/interviews, Has user? true, Has socket? true
[ActivityLogger] Success! Method=GET, URL=/api/admin/analytics/dashboard, Has user? true, Has socket? true
[ActivityLogger] Success! Method=GET, URL=/api/admin/analytics/resume, Has user? true, Has socket? true
[ActivityLogger] Success! Method=GET, URL=/api/admin/analytics/coding, Has user? true, Has socket? true
[ActivityLogger] Success! Method=GET, URL=/api/admin/analytics/users, Has user? true, Has socket? true
[ActivityLogger] Success! Method=GET, URL=/api/admin/analytics/interviews, Has user? true, Has socket? true
[ActivityLogger] Success! Method=GET, URL=/api/admin/analytics/dashboard, Has user? true, Has socket? true
[ActivityLogger] Success! Method=GET, URL=/api/admin/badges, Has user? true, Has socket? true
[ActivityLogger] Success! Method=GET, URL=/api/admin/badges, Has user? true, Has socket? true
[ActivityLogger] Success! Method=GET, URL=/api/admin/analytics/resume, Has user? true, Has socket? true
[ActivityLogger] Success! Method=GET, URL=/api/admin/analytics/users, Has user? true, Has socket? true
[ActivityLogger] Success! Method=GET, URL=/api/admin/analytics/coding, Has user? true, Has socket? true
[ActivityLogger] Success! Method=GET, URL=/api/admin/analytics/resume, Has user? true, Has socket? true
[ActivityLogger] Success! Method=GET, URL=/api/admin/analytics/interviews, Has user? true, Has socket? true
[ActivityLogger] Success! Method=GET, URL=/api/admin/analytics/users, Has user? true, Has socket? true
[ActivityLogger] Success! Method=GET, URL=/api/admin/analytics/coding, Has user? true, Has socket? true
[ActivityLogger] Success! Method=GET, URL=/api/admin/analytics/dashboard, Has user? true, Has socket? true
[ActivityLogger] Success! Method=GET, URL=/api/admin/analytics/interviews, Has user? true, Has socket? true
[ActivityLogger] Success! Method=GET, URL=/api/admin/analytics/dashboard, Has user? true, Has socket? true
[ActivityLogger] Success! Method=GET, URL=/api/admin/badges, Has user? true, Has socket? true
[ActivityLogger] Success! Method=GET, URL=/api/admin/badges, Has user? true, Has socket? true
[ActivityLogger] Success! Method=GET, URL=/api/admin/analytics/resume, Has user? true, Has socket? true
[ActivityLogger] Success! Method=GET, URL=/api/admin/analytics/users, Has user? true, Has socket? true
[ActivityLogger] Success! Method=GET, URL=/api/admin/analytics/coding, Has user? true, Has socket? true
[ActivityLogger] Success! Method=GET, URL=/api/admin/analytics/resume, Has user? true, Has socket? true
[ActivityLogger] Success! Method=GET, URL=/api/admin/analytics/interviews, Has user? true, Has socket? true
[ActivityLogger] Success! Method=GET, URL=/api/admin/analytics/users, Has user? true, Has socket? true
[ActivityLogger] Success! Method=GET, URL=/api/admin/analytics/dashboard, Has user? true, Has socket? true
[ActivityLogger] Success! Method=GET, URL=/api/admin/analytics/coding, Has user? true, Has socket? true
[ActivityLogger] Success! Method=GET, URL=/api/admin/analytics/interviews, Has user? true, Has socket? true
[ActivityLogger] Success! Method=GET, URL=/api/admin/analytics/dashboard, Has user? true, Has socket? true
[ActivityLogger] Success! Method=GET, URL=/api/admin/badges, Has user? true, Has socket? true
[ActivityLogger] Success! Method=GET, URL=/api/admin/badges, Has user? true, Has socket? true
[ActivityLogger] Success! Method=GET, URL=/api/admin/rewards/dashboard, Has user? true, Has socket? true
[ActivityLogger] Success! Method=GET, URL=/api/admin/rewards/dashboard, Has user? true, Has socket? true
[ActivityLogger] Success! Method=GET, URL=/api/admin/achievement?page=1&limit=10&search=&category=&status=, Has user? true, Has socket? true
[ActivityLogger] Success! Method=GET, URL=/api/admin/badges, Has user? true, Has socket? true
[ActivityLogger] Success! Method=GET, URL=/api/admin/badges, Has user? true, Has socket? true
[ActivityLogger] Success! Method=GET, URL=/api/admin/analytics/resume, Has user? true, Has socket? true
[ActivityLogger] Success! Method=GET, URL=/api/admin/analytics/users, Has user? true, Has socket? true
[ActivityLogger] Success! Method=GET, URL=/api/admin/analytics/coding, Has user? true, Has socket? true
[ActivityLogger] Success! Method=GET, URL=/api/admin/analytics/resume, Has user? true, Has socket? true
[ActivityLogger] Success! Method=GET, URL=/api/admin/analytics/interviews, Has user? true, Has socket? true
[ActivityLogger] Success! Method=GET, URL=/api/admin/analytics/users, Has user? true, Has socket? true
[ActivityLogger] Success! Method=GET, URL=/api/admin/analytics/dashboard, Has user? true, Has socket? true
[ActivityLogger] Success! Method=GET, URL=/api/admin/analytics/coding, Has user? true, Has socket? true
[ActivityLogger] Success! Method=GET, URL=/api/admin/analytics/interviews, Has user? true, Has socket? true
[ActivityLogger] Success! Method=GET, URL=/api/admin/analytics/dashboard, Has user? true, Has socket? true
[ActivityLogger] Success! Method=GET, URL=/api/admin/analytics/resume, Has user? true, Has socket? true
[ActivityLogger] Success! Method=GET, URL=/api/admin/analytics/coding, Has user? true, Has socket? true
[ActivityLogger] Success! Method=GET, URL=/api/admin/analytics/interviews, Has user? true, Has socket? true
[ActivityLogger] Success! Method=GET, URL=/api/admin/auth/me, Has user? true, Has socket? true
[ActivityLogger] Success! Method=GET, URL=/api/admin/auth/me, Has user? true, Has socket? true
[ActivityLogger] Success! Method=GET, URL=/api/admin/analytics/resume, Has user? true, Has socket? true
[ActivityLogger] Success! Method=GET, URL=/api/admin/analytics/users, Has user? true, Has socket? true
[ActivityLogger] Success! Method=GET, URL=/api/admin/analytics/coding, Has user? true, Has socket? true
[ActivityLogger] Success! Method=GET, URL=/api/admin/analytics/resume, Has user? true, Has socket? true
[ActivityLogger] Success! Method=GET, URL=/api/admin/analytics/interviews, Has user? true, Has socket? true
[ActivityLogger] Success! Method=GET, URL=/api/admin/analytics/users, Has user? true, Has socket? true
[ActivityLogger] Success! Method=GET, URL=/api/admin/analytics/dashboard, Has user? true, Has socket? true
[ActivityLogger] Success! Method=GET, URL=/api/admin/analytics/coding, Has user? true, Has socket? true
[ActivityLogger] Success! Method=GET, URL=/api/admin/analytics/interviews, Has user? true, Has socket? true
[ActivityLogger] Success! Method=GET, URL=/api/admin/analytics/dashboard, Has user? true, Has socket? true
[ActivityLogger] Success! Method=GET, URL=/api/admin/questions/topics, Has user? true, Has socket? true
[ActivityLogger] Success! Method=GET, URL=/api/admin/questions/companies, Has user? true, Has socket? true
[ActivityLogger] Success! Method=GET, URL=/api/admin/questions/topics, Has user? true, Has socket? true
[ActivityLogger] Success! Method=GET, URL=/api/admin/questions/companies, Has user? true, Has socket? true
[ActivityLogger] Success! Method=GET, URL=/api/admin/questions?search=&topic=&company=&difficulty=&page=1, Has user? true, Has socket? true
[ActivityLogger] Success! Method=GET, URL=/api/admin/questions?search=&topic=&company=&difficulty=&page=1, Has user? true, Has socket? true
[ActivityLogger] Success! Method=GET, URL=/api/admin/tests, Has user? true, Has socket? true
[ActivityLogger] Success! Method=GET, URL=/api/admin/tests, Has user? true, Has socket? true
[ActivityLogger] Success! Method=GET, URL=/api/admin/contests, Has user? true, Has socket? true
[ActivityLogger] Success! Method=GET, URL=/api/admin/contests, Has user? true, Has socket? true
[ActivityLogger] Success! Method=GET, URL=/api/admin/badges, Has user? true, Has socket? true
[ActivityLogger] Success! Method=GET, URL=/api/admin/badges, Has user? true, Has socket? true
[ActivityLogger] Success! Method=GET, URL=/api/admin/rewards/dashboard, Has user? true, Has socket? true
[ActivityLogger] Success! Method=GET, URL=/api/admin/rewards/dashboard, Has user? true, Has socket? true
[ActivityLogger] Success! Method=GET, URL=/api/admin/achievement?page=1&limit=10&search=&category=&status=, Has user? true, Has socket? true
[ActivityLogger] Success! Method=GET, URL=/api/admin/community/dashboard, Has user? true, Has socket? true
[ActivityLogger] Success! Method=GET, URL=/api/admin/community/dashboard, Has user? true, Has socket? true
[ActivityLogger] Success! Method=POST, URL=/api/admin/auth/login, Has user? false, Has socket? true
[ActivityLogger] Success! Method=GET, URL=/api/admin/auth/dashboard, Has user? true, Has socket? true
[ActivityLogger] Success! Method=GET, URL=/api/admin/auth/dashboard, Has user? true, Has socket? true
[ActivityLogger] Success! Method=GET, URL=/api/admin/auth/me, Has user? true, Has socket? true
[ActivityLogger] Success! Method=GET, URL=/api/admin/auth/me, Has user? true, Has socket? true
[ActivityLogger] Success! Method=GET, URL=/api/users/profile, Has user? true, Has socket? true
[ActivityLogger] Success! Method=GET, URL=/api/analytics/rewards, Has user? true, Has socket? true
[ActivityLogger] Success! Method=GET, URL=/api/users/profile, Has user? true, Has socket? true
[ActivityLogger] Success! Method=GET, URL=/api/analytics/rewards, Has user? true, Has socket? true
[ActivityLogger] Success! Method=GET, URL=/api/analytics/me, Has user? true, Has socket? true
[ActivityLogger] Success! Method=GET, URL=/api/analytics/me, Has user? true, Has socket? true
[ActivityLogger] Success! Method=GET, URL=/api/admin/users?page=1&limit=10&search=&role=&verified=&blocked=&sort=newest, Has user? true, Has socket? true
[ActivityLogger] Success! Method=GET, URL=/api/admin/users/stats, Has user? true, Has socket? true
[ActivityLogger] Success! Method=GET, URL=/api/admin/users?page=1&limit=10&search=&role=&verified=&blocked=&sort=newest, Has user? true, Has socket? true
[ActivityLogger] Success! Method=GET, URL=/api/admin/users/stats, Has user? true, Has socket? true
[ActivityLogger] Success! Method=GET, URL=/api/admin/users/6a63192ddc75e0966f541ed1, Has user? true, Has socket? true
[ActivityLogger] Success! Method=GET, URL=/api/admin/users/6a63192ddc75e0966f541ed1, Has user? true, Has socket? true
[ActivityLogger] Success! Method=GET, URL=/api/admin/users?page=1&limit=10&search=&role=&verified=&blocked=&sort=newest, Has user? true, Has socket? true
[ActivityLogger] Success! Method=GET, URL=/api/admin/users/stats, Has user? true, Has socket? true
[ActivityLogger] Success! Method=GET, URL=/api/admin/users?page=1&limit=10&search=&role=&verified=&blocked=&sort=newest, Has user? true, Has socket? true
[ActivityLogger] Success! Method=GET, URL=/api/admin/users/stats, Has user? true, Has socket? true
[ActivityLogger] Success! Method=GET, URL=/api/admin/interviews/stats, Has user? true, Has socket? true
[ActivityLogger] Success! Method=GET, URL=/api/admin/interviews?page=1&search=&status=&experience=&limit=10, Has user? true, Has socket? true
[ActivityLogger] Success! Method=GET, URL=/api/admin/interviews/stats, Has user? true, Has socket? true
[ActivityLogger] Success! Method=GET, URL=/api/admin/interviews?page=1&search=&status=&experience=&limit=10, Has user? true, Has socket? true
[ActivityLogger] Success! Method=GET, URL=/api/admin/auth/dashboard, Has user? true, Has socket? true
[ActivityLogger] Success! Method=GET, URL=/api/admin/auth/dashboard, Has user? true, Has socket? true
[ActivityLogger] Success! Method=GET, URL=/api/admin/rewards/dashboard, Has user? true, Has socket? true
[ActivityLogger] Success! Method=GET, URL=/api/admin/rewards/dashboard, Has user? true, Has socket? true
[ActivityLogger] Success! Method=GET, URL=/api/admin/rewards/dashboard, Has user? true, Has socket? true
[ActivityLogger] Success! Method=GET, URL=/api/admin/achievement?page=1&limit=10&search=&category=&status=, Has user? true, Has socket? true
[ActivityLogger] Success! Method=GET, URL=/api/admin/rewards/dashboard, Has user? true, Has socket? true
[ActivityLogger] Success! Method=GET, URL=/api/admin/rewards/dashboard, Has user? true, Has socket? true
[ActivityLogger] Success! Method=GET, URL=/api/admin/community/dashboard, Has user? true, Has socket? true
[ActivityLogger] Success! Method=GET, URL=/api/admin/community/dashboard, Has user? true, Has socket? true
[ActivityLogger] Success! Method=GET, URL=/api/admin/rewards/dashboard, Has user? true, Has socket? true
[ActivityLogger] Success! Method=GET, URL=/api/admin/rewards/dashboard, Has user? true, Has socket? true
[ActivityLogger] Success! Method=GET, URL=/api/admin/badges, Has user? true, Has socket? true
[ActivityLogger] Success! Method=GET, URL=/api/admin/badges, Has user? true, Has socket? true
[ActivityLogger] Success! Method=GET, URL=/api/admin/rewards/dashboard, Has user? true, Has socket? true
[ActivityLogger] Success! Method=GET, URL=/api/admin/rewards/dashboard, Has user? true, Has socket? true
[ActivityLogger] Success! Method=GET, URL=/api/admin/badges, Has user? true, Has socket? true
[ActivityLogger] Success! Method=GET, URL=/api/admin/achievement, Has user? true, Has socket? true
[ActivityLogger] Success! Method=GET, URL=/api/admin/users?page=1&limit=1000&search=&role=&verified=&blocked=&sort=newest, Has user? true, Has socket? true
[ActivityLogger] Success! Method=GET, URL=/api/admin/badges, Has user? true, Has socket? true
[ActivityLogger] Success! Method=GET, URL=/api/admin/achievement, Has user? true, Has socket? true
[ActivityLogger] Success! Method=GET, URL=/api/admin/users?page=1&limit=1000&search=&role=&verified=&blocked=&sort=newest, Has user? true, Has socket? true
[ActivityLogger] Success! Method=GET, URL=/api/admin/rewards/dashboard, Has user? true, Has socket? true
[ActivityLogger] Success! Method=GET, URL=/api/admin/rewards/dashboard, Has user? true, Has socket? true
[ActivityLogger] Success! Method=GET, URL=/api/admin/auth/dashboard, Has user? true, Has socket? true
[ActivityLogger] Success! Method=GET, URL=/api/admin/auth/dashboard, Has user? true, Has socket? true
[ActivityLogger] Success! Method=GET, URL=/api/admin/users?page=1&limit=10&search=&role=&verified=&blocked=&sort=newest, Has user? true, Has socket? true
[ActivityLogger] Success! Method=GET, URL=/api/admin/users/stats, Has user? true, Has socket? true
[ActivityLogger] Success! Method=GET, URL=/api/admin/users?page=1&limit=10&search=&role=&verified=&blocked=&sort=newest, Has user? true, Has socket? true
[ActivityLogger] Success! Method=GET, URL=/api/admin/users/stats, Has user? true, Has socket? true
[ActivityLogger] Success! Method=GET, URL=/api/admin/users/6a703e8f46e22fbb4d61ab41, Has user? true, Has socket? true
[ActivityLogger] Success! Method=GET, URL=/api/admin/users/6a703e8f46e22fbb4d61ab41, Has user? true, Has socket? true
[ActivityLogger] Success! Method=GET, URL=/api/admin/users?page=1&limit=10&search=&role=&verified=&blocked=&sort=newest, Has user? true, Has socket? true
[ActivityLogger] Success! Method=GET, URL=/api/admin/users/stats, Has user? true, Has socket? true
[ActivityLogger] Success! Method=GET, URL=/api/admin/users?page=1&limit=10&search=&role=&verified=&blocked=&sort=newest, Has user? true, Has socket? true
[ActivityLogger] Success! Method=GET, URL=/api/admin/users/stats, Has user? true, Has socket? true
[ActivityLogger] Success! Method=GET, URL=/api/admin/users/6a703e8f46e22fbb4d61ab41, Has user? true, Has socket? true
[ActivityLogger] Success! Method=GET, URL=/api/admin/users/6a703e8f46e22fbb4d61ab41, Has user? true, Has socket? true
[ActivityLogger] Success! Method=GET, URL=/api/admin/users?page=1&limit=10&search=&role=&verified=&blocked=&sort=newest, Has user? true, Has socket? true
[ActivityLogger] Success! Method=GET, URL=/api/admin/users/stats, Has user? true, Has socket? true
[ActivityLogger] Success! Method=GET, URL=/api/admin/users?page=1&limit=10&search=&role=&verified=&blocked=&sort=newest, Has user? true, Has socket? true
[ActivityLogger] Success! Method=GET, URL=/api/admin/users/stats, Has user? true, Has socket? true
[ActivityLogger] Success! Method=GET, URL=/api/admin/interviews/stats, Has user? true, Has socket? true
[ActivityLogger] Success! Method=GET, URL=/api/admin/interviews?page=1&search=&status=&experience=&limit=10, Has user? true, Has socket? true
[ActivityLogger] Success! Method=GET, URL=/api/admin/interviews/stats, Has user? true, Has socket? true
[ActivityLogger] Success! Method=GET, URL=/api/admin/interviews?page=1&search=&status=&experience=&limit=10, Has user? true, Has socket? true
[ActivityLogger] Success! Method=GET, URL=/api/admin/interviews/6a743c18a0fd534dc9bc53bd, Has user? true, Has socket? true
[ActivityLogger] Success! Method=GET, URL=/api/admin/interviews/6a743c18a0fd534dc9bc53bd, Has user? true, Has socket? true
[ActivityLogger] Success! Method=GET, URL=/api/admin/coding?page=1&search=&difficulty=&status=, Has user? true, Has socket? true
[ActivityLogger] Success! Method=GET, URL=/api/admin/coding?page=1&search=&difficulty=&status=, Has user? true, Has socket? true
[ActivityLogger] Success! Method=GET, URL=/api/admin/coding?page=1&search=&difficulty=&status=, Has user? true, Has socket? true
[ActivityLogger] Success! Method=GET, URL=/api/admin/coding?page=1&search=&difficulty=&status=, Has user? true, Has socket? true
[ActivityLogger] Success! Method=GET, URL=/api/admin/coding/6a71c7632dd0dc73c4da1c11, Has user? true, Has socket? true
[ActivityLogger] Success! Method=GET, URL=/api/admin/coding/6a71c7632dd0dc73c4da1c11, Has user? true, Has socket? true
[ActivityLogger] Success! Method=GET, URL=/api/admin/coding?page=1&search=&difficulty=&status=, Has user? true, Has socket? true
[ActivityLogger] Success! Method=GET, URL=/api/admin/coding?page=1&search=&difficulty=&status=, Has user? true, Has socket? true
[ActivityLogger] Success! Method=GET, URL=/api/admin/coding/6a71c7632dd0dc73c4da1c11, Has user? true, Has socket? true
[ActivityLogger] Success! Method=GET, URL=/api/admin/coding/6a71c7632dd0dc73c4da1c11, Has user? true, Has socket? true
[ActivityLogger] Success! Method=GET, URL=/api/admin/coding?page=1&search=&difficulty=&status=, Has user? true, Has socket? true
[ActivityLogger] Success! Method=GET, URL=/api/admin/coding?page=1&search=&difficulty=&status=, Has user? true, Has socket? true
[ActivityLogger] Success! Method=GET, URL=/api/admin/coding?page=1&search=&difficulty=&status=, Has user? true, Has socket? true
[ActivityLogger] Success! Method=GET, URL=/api/admin/coding?page=1&search=&difficulty=&status=, Has user? true, Has socket? true
[ActivityLogger] Success! Method=GET, URL=/api/admin/coding/6a71c7632dd0dc73c4da1c11, Has user? true, Has socket? true
[ActivityLogger] Success! Method=GET, URL=/api/admin/coding/6a71c7632dd0dc73c4da1c11, Has user? true, Has socket? true
[ActivityLogger] Success! Method=GET, URL=/api/admin/coding?page=1&search=&difficulty=&status=, Has user? true, Has socket? true
[ActivityLogger] Success! Method=GET, URL=/api/admin/coding?page=1&search=&difficulty=&status=, Has user? true, Has socket? true
[ActivityLogger] Success! Method=GET, URL=/api/admin/tests, Has user? true, Has socket? true
[ActivityLogger] Success! Method=GET, URL=/api/admin/tests, Has user? true, Has socket? true
[ActivityLogger] Success! Method=GET, URL=/api/admin/questions?limit=1000, Has user? true, Has socket? true
[ActivityLogger] Success! Method=GET, URL=/api/admin/questions?limit=1000, Has user? true, Has socket? true
[ActivityLogger] Success! Method=GET, URL=/api/admin/tests, Has user? true, Has socket? true
[ActivityLogger] Success! Method=GET, URL=/api/admin/tests, Has user? true, Has socket? true
[ActivityLogger] Success! Method=GET, URL=/api/admin/tests/6a44fe4853b521f3ad7157f4, Has user? true, Has socket? true
[ActivityLogger] Success! Method=GET, URL=/api/admin/tests/6a44fe4853b521f3ad7157f4, Has user? true, Has socket? true
[ActivityLogger] Success! Method=GET, URL=/api/admin/tests, Has user? true, Has socket? true
[ActivityLogger] Success! Method=GET, URL=/api/admin/tests, Has user? true, Has socket? true
[ActivityLogger] Success! Method=GET, URL=/api/admin/tests/6a44fe4853b521f3ad7157f4, Has user? true, Has socket? true
[ActivityLogger] Success! Method=GET, URL=/api/admin/tests/6a44fe4853b521f3ad7157f4, Has user? true, Has socket? true
[ActivityLogger] Success! Method=GET, URL=/api/admin/questions?limit=1000, Has user? true, Has socket? true
[ActivityLogger] Success! Method=GET, URL=/api/admin/questions?limit=1000, Has user? true, Has socket? true
[ActivityLogger] Success! Method=GET, URL=/api/admin/tests, Has user? true, Has socket? true
[ActivityLogger] Success! Method=GET, URL=/api/admin/tests, Has user? true, Has socket? true
[ActivityLogger] Success! Method=GET, URL=/api/admin/questions/topics, Has user? true, Has socket? true
[ActivityLogger] Success! Method=GET, URL=/api/admin/questions/companies, Has user? true, Has socket? true
[ActivityLogger] Success! Method=GET, URL=/api/admin/questions/topics, Has user? true, Has socket? true
[ActivityLogger] Success! Method=GET, URL=/api/admin/questions/companies, Has user? true, Has socket? true
[ActivityLogger] Success! Method=GET, URL=/api/admin/questions?search=&topic=&company=&difficulty=&page=1, Has user? true, Has socket? true
[ActivityLogger] Success! Method=GET, URL=/api/admin/questions?search=&topic=&company=&difficulty=&page=1, Has user? true, Has socket? true
[ActivityLogger] Success! Method=GET, URL=/api/admin/auth/me, Has user? true, Has socket? true
[ActivityLogger] Success! Method=GET, URL=/api/admin/auth/me, Has user? true, Has socket? true
[ActivityLogger] Success! Method=GET, URL=/api/admin/tests/6a44fe4853b521f3ad7157f4, Has user? true, Has socket? true
[ActivityLogger] Success! Method=GET, URL=/api/admin/tests/6a44fe4853b521f3ad7157f4, Has user? true, Has socket? true
[ActivityLogger] Success! Method=GET, URL=/api/admin/questions?limit=1000, Has user? true, Has socket? true
[ActivityLogger] Success! Method=GET, URL=/api/admin/questions?limit=1000, Has user? true, Has socket? true
[ActivityLogger] Success! Method=GET, URL=/api/admin/tests, Has user? true, Has socket? true
[ActivityLogger] Success! Method=GET, URL=/api/admin/tests, Has user? true, Has socket? true
[ActivityLogger] Success! Method=GET, URL=/api/admin/questions/topics, Has user? true, Has socket? true
[ActivityLogger] Success! Method=GET, URL=/api/admin/questions/companies, Has user? true, Has socket? true
[ActivityLogger] Success! Method=GET, URL=/api/admin/questions/topics, Has user? true, Has socket? true
[ActivityLogger] Success! Method=GET, URL=/api/admin/questions?search=&topic=&company=&difficulty=&page=1, Has user? true, Has socket? true
[ActivityLogger] Success! Method=GET, URL=/api/admin/questions/companies, Has user? true, Has socket? true
[ActivityLogger] Success! Method=GET, URL=/api/admin/questions?search=&topic=&company=&difficulty=&page=1, Has user? true, Has socket? true
[ActivityLogger] Success! Method=GET, URL=/api/admin/tests, Has user? true, Has socket? true
[ActivityLogger] Success! Method=GET, URL=/api/admin/tests, Has user? true, Has socket? true
[ActivityLogger] Success! Method=GET, URL=/api/admin/questions?limit=1000, Has user? true, Has socket? true
[ActivityLogger] Success! Method=GET, URL=/api/admin/questions?limit=1000, Has user? true, Has socket? true
[ActivityLogger] Success! Method=GET, URL=/api/admin/tests, Has user? true, Has socket? true
[ActivityLogger] Success! Method=GET, URL=/api/admin/tests, Has user? true, Has socket? true
[ActivityLogger] Success! Method=GET, URL=/api/admin/tests/6a44fe4953b521f3ad715809, Has user? true, Has socket? true
[ActivityLogger] Success! Method=GET, URL=/api/admin/tests/6a44fe4953b521f3ad715809, Has user? true, Has socket? true
[ActivityLogger] Success! Method=GET, URL=/api/admin/tests, Has user? true, Has socket? true
[ActivityLogger] Success! Method=GET, URL=/api/admin/tests, Has user? true, Has socket? true
[ActivityLogger] Success! Method=GET, URL=/api/admin/tests/6a44fe4953b521f3ad715809, Has user? true, Has socket? true
[ActivityLogger] Success! Method=GET, URL=/api/admin/tests/6a44fe4953b521f3ad715809, Has user? true, Has socket? true
[ActivityLogger] Success! Method=GET, URL=/api/admin/questions?limit=1000, Has user? true, Has socket? true
[ActivityLogger] Success! Method=GET, URL=/api/admin/questions?limit=1000, Has user? true, Has socket? true
[ActivityLogger] Success! Method=GET, URL=/api/admin/tests, Has user? true, Has socket? true
[ActivityLogger] Success! Method=GET, URL=/api/admin/tests, Has user? true, Has socket? true
[ActivityLogger] Success! Method=GET, URL=/api/admin/questions/companies, Has user? true, Has socket? true
[ActivityLogger] Success! Method=GET, URL=/api/admin/questions/topics, Has user? true, Has socket? true
[ActivityLogger] Success! Method=GET, URL=/api/admin/questions/companies, Has user? true, Has socket? true
[ActivityLogger] Success! Method=GET, URL=/api/admin/questions/topics, Has user? true, Has socket? true
[ActivityLogger] Success! Method=GET, URL=/api/admin/questions?search=&topic=&company=&difficulty=&page=1, Has user? true, Has socket? true
[ActivityLogger] Success! Method=GET, URL=/api/admin/questions?search=&topic=&company=&difficulty=&page=1, Has user? true, Has socket? true
[ActivityLogger] Success! Method=GET, URL=/api/admin/questions/topics, Has user? true, Has socket? true
[ActivityLogger] Success! Method=GET, URL=/api/admin/questions/companies, Has user? true, Has socket? true
[ActivityLogger] Success! Method=GET, URL=/api/admin/questions/topics, Has user? true, Has socket? true
[ActivityLogger] Success! Method=GET, URL=/api/admin/questions/companies, Has user? true, Has socket? true
[ActivityLogger] Success! Method=GET, URL=/api/admin/questions/topics, Has user? true, Has socket? true
[ActivityLogger] Success! Method=GET, URL=/api/admin/questions/companies, Has user? true, Has socket? true
[ActivityLogger] Success! Method=GET, URL=/api/admin/questions/topics, Has user? true, Has socket? true
[ActivityLogger] Success! Method=GET, URL=/api/admin/questions/companies, Has user? true, Has socket? true
[ActivityLogger] Success! Method=GET, URL=/api/admin/questions?search=&topic=&company=&difficulty=&page=1, Has user? true, Has socket? true
[ActivityLogger] Success! Method=GET, URL=/api/admin/questions?search=&topic=&company=&difficulty=&page=1, Has user? true, Has socket? true
[ActivityLogger] Success! Method=GET, URL=/api/admin/questions/6a4ce6e191b46dec8725da5f, Has user? true, Has socket? true
[ActivityLogger] Success! Method=GET, URL=/api/admin/questions/6a4ce6e191b46dec8725da5f, Has user? true, Has socket? true
[ActivityLogger] Success! Method=GET, URL=/api/admin/questions/6a4ce6e191b46dec8725da5f, Has user? true, Has socket? true
[ActivityLogger] Success! Method=GET, URL=/api/admin/questions/topics, Has user? true, Has socket? true
[ActivityLogger] Success! Method=GET, URL=/api/admin/questions/6a4ce6e191b46dec8725da5f, Has user? true, Has socket? true
[ActivityLogger] Success! Method=GET, URL=/api/admin/questions/companies, Has user? true, Has socket? true
[ActivityLogger] Success! Method=GET, URL=/api/admin/questions/topics, Has user? true, Has socket? true
[ActivityLogger] Success! Method=GET, URL=/api/admin/questions/companies, Has user? true, Has socket? true
[ActivityLogger] Success! Method=GET, URL=/api/admin/questions/topics, Has user? true, Has socket? true
[ActivityLogger] Success! Method=GET, URL=/api/admin/questions/companies, Has user? true, Has socket? true
[ActivityLogger] Success! Method=GET, URL=/api/admin/questions/topics, Has user? true, Has socket? true
[ActivityLogger] Success! Method=GET, URL=/api/admin/questions/companies, Has user? true, Has socket? true
[ActivityLogger] Success! Method=GET, URL=/api/admin/questions?search=&topic=&company=&difficulty=&page=1, Has user? true, Has socket? true
[ActivityLogger] Success! Method=GET, URL=/api/admin/questions?search=&topic=&company=&difficulty=&page=1, Has user? true, Has socket? true
[ActivityLogger] Success! Method=GET, URL=/api/admin/questions/topics, Has user? true, Has socket? true
[ActivityLogger] Success! Method=GET, URL=/api/admin/questions/topics, Has user? true, Has socket? true
[ActivityLogger] Success! Method=GET, URL=/api/admin/questions/companies, Has user? true, Has socket? true
[ActivityLogger] Success! Method=GET, URL=/api/admin/questions/companies, Has user? true, Has socket? true
[ActivityLogger] Success! Method=GET, URL=/api/admin/contests, Has user? true, Has socket? true
[ActivityLogger] Success! Method=GET, URL=/api/admin/contests, Has user? true, Has socket? true
[ActivityLogger] Success! Method=GET, URL=/api/admin/coding?limit=1000, Has user? true, Has socket? true
[ActivityLogger] Success! Method=GET, URL=/api/admin/coding?limit=1000, Has user? true, Has socket? true
[ActivityLogger] Success! Method=GET, URL=/api/admin/contests, Has user? true, Has socket? true
[ActivityLogger] Success! Method=GET, URL=/api/admin/contests, Has user? true, Has socket? true
[ActivityLogger] Success! Method=GET, URL=/api/admin/contests/6a576109c49649011c1c697f, Has user? true, Has socket? true
[ActivityLogger] Success! Method=GET, URL=/api/admin/contests/6a576109c49649011c1c697f, Has user? true, Has socket? true
[ActivityLogger] Success! Method=GET, URL=/api/admin/contests, Has user? true, Has socket? true
[ActivityLogger] Success! Method=GET, URL=/api/admin/contests, Has user? true, Has socket? true
[ActivityLogger] Success! Method=GET, URL=/api/admin/contests/6a576109c49649011c1c697f, Has user? true, Has socket? true
[ActivityLogger] Success! Method=GET, URL=/api/admin/contests/6a576109c49649011c1c697f, Has user? true, Has socket? true
[ActivityLogger] Success! Method=GET, URL=/api/admin/coding?limit=1000, Has user? true, Has socket? true
[ActivityLogger] Success! Method=GET, URL=/api/admin/coding?limit=1000, Has user? true, Has socket? true
[ActivityLogger] Success! Method=GET, URL=/api/admin/coding?limit=1000, Has user? true, Has socket? true
[ActivityLogger] Success! Method=GET, URL=/api/admin/coding?limit=1000, Has user? true, Has socket? true
[ActivityLogger] Success! Method=GET, URL=/api/admin/contests, Has user? true, Has socket? true
[ActivityLogger] Success! Method=GET, URL=/api/admin/contests, Has user? true, Has socket? true
[ActivityLogger] Success! Method=GET, URL=/api/admin/coding?limit=1000, Has user? true, Has socket? true
[ActivityLogger] Success! Method=GET, URL=/api/admin/coding?limit=1000, Has user? true, Has socket? true
[ActivityLogger] Success! Method=GET, URL=/api/admin/contests, Has user? true, Has socket? true
[ActivityLogger] Success! Method=GET, URL=/api/admin/contests, Has user? true, Has socket? true
[ActivityLogger] Success! Method=GET, URL=/api/admin/contests/6a576109c49649011c1c697f, Has user? true, Has socket? true
[ActivityLogger] Success! Method=GET, URL=/api/admin/contests/6a576109c49649011c1c697f, Has user? true, Has socket? true
[ActivityLogger] Success! Method=GET, URL=/api/admin/coding?limit=1000, Has user? true, Has socket? true
[ActivityLogger] Success! Method=GET, URL=/api/admin/coding?limit=1000, Has user? true, Has socket? true
[ActivityLogger] Success! Method=GET, URL=/api/admin/coding?limit=1000, Has user? true, Has socket? true
[ActivityLogger] Success! Method=GET, URL=/api/admin/coding?limit=1000, Has user? true, Has socket? true
[ActivityLogger] Success! Method=GET, URL=/api/admin/contests, Has user? true, Has socket? true
[ActivityLogger] Success! Method=GET, URL=/api/admin/contests, Has user? true, Has socket? true
[ActivityLogger] Success! Method=GET, URL=/api/admin/community/dashboard, Has user? true, Has socket? true
[ActivityLogger] Success! Method=GET, URL=/api/admin/community/dashboard, Has user? true, Has socket? true
[ActivityLogger] Success! Method=GET, URL=/api/admin/community/discussions?page=1&limit=10&search=&sort=-createdAt, Has user? true, Has socket? true
[ActivityLogger] Success! Method=GET, URL=/api/admin/community/discussions?page=1&limit=10&search=&sort=-createdAt, Has user? true, Has socket? true
[ActivityLogger] Success! Method=GET, URL=/api/admin/community/discussion/6a55e530cf65e6b2b31b06a8, Has user? true, Has socket? true
[ActivityLogger] Success! Method=GET, URL=/api/admin/community/discussion/6a55e530cf65e6b2b31b06a8, Has user? true, Has socket? true
[ActivityLogger] Success! Method=GET, URL=/api/admin/community/discussions?page=1&limit=10&search=&sort=-createdAt, Has user? true, Has socket? true
[ActivityLogger] Success! Method=GET, URL=/api/admin/community/discussions?page=1&limit=10&search=&sort=-createdAt, Has user? true, Has socket? true
[ActivityLogger] Success! Method=GET, URL=/api/admin/community/dashboard, Has user? true, Has socket? true
[ActivityLogger] Success! Method=GET, URL=/api/admin/community/dashboard, Has user? true, Has socket? true
[ActivityLogger] Success! Method=GET, URL=/api/admin/community/comments?page=1&limit=10&search=, Has user? true, Has socket? true
[ActivityLogger] Success! Method=GET, URL=/api/admin/community/comments?page=1&limit=10&search=, Has user? true, Has socket? true
[ActivityLogger] Success! Method=GET, URL=/api/admin/community/discussion/6a3a3d35aeb55b2846fc4cda, Has user? true, Has socket? true
[ActivityLogger] Success! Method=GET, URL=/api/admin/community/discussion/6a3a3d35aeb55b2846fc4cda, Has user? true, Has socket? true
[ActivityLogger] Success! Method=GET, URL=/api/admin/community/comments?page=1&limit=10&search=, Has user? true, Has socket? true
[ActivityLogger] Success! Method=GET, URL=/api/admin/community/comments?page=1&limit=10&search=, Has user? true, Has socket? true
[ActivityLogger] Success! Method=GET, URL=/api/admin/community/dashboard, Has user? true, Has socket? true
[ActivityLogger] Success! Method=GET, URL=/api/admin/community/dashboard, Has user? true, Has socket? true
[ActivityLogger] Success! Method=GET, URL=/api/admin/community/groups?page=1&limit=10&search=, Has user? true, Has socket? true
[ActivityLogger] Success! Method=GET, URL=/api/admin/community/groups?page=1&limit=10&search=, Has user? true, Has socket? true
[ActivityLogger] Success! Method=GET, URL=/api/admin/community/group/6a703eb246e22fbb4d61ab43, Has user? true, Has socket? true
[ActivityLogger] Success! Method=GET, URL=/api/admin/community/group/6a703eb246e22fbb4d61ab43/members, Has user? true, Has socket? true
[ActivityLogger] Success! Method=GET, URL=/api/admin/community/group/6a703eb246e22fbb4d61ab43, Has user? true, Has socket? true
[ActivityLogger] Success! Method=GET, URL=/api/admin/community/group/6a703eb246e22fbb4d61ab43/members, Has user? true, Has socket? true
[ActivityLogger] Success! Method=GET, URL=/api/admin/community/groups?page=1&limit=10&search=, Has user? true, Has socket? true
[ActivityLogger] Success! Method=GET, URL=/api/admin/community/groups?page=1&limit=10&search=, Has user? true, Has socket? true
[ActivityLogger] Success! Method=GET, URL=/api/admin/community/group/6a703eb246e22fbb4d61ab43, Has user? true, Has socket? true
[ActivityLogger] Success! Method=GET, URL=/api/admin/community/group/6a703eb246e22fbb4d61ab43, Has user? true, Has socket? true
[ActivityLogger] Success! Method=GET, URL=/api/admin/community/groups?page=1&limit=10&search=, Has user? true, Has socket? true
[ActivityLogger] Success! Method=GET, URL=/api/admin/community/groups?page=1&limit=10&search=, Has user? true, Has socket? true
[ActivityLogger] Success! Method=GET, URL=/api/admin/community/dashboard, Has user? true, Has socket? true
[ActivityLogger] Success! Method=GET, URL=/api/admin/community/dashboard, Has user? true, Has socket? true
[ActivityLogger] Success! Method=GET, URL=/api/admin/community/messages?page=1&limit=10&search=, Has user? true, Has socket? true
[ActivityLogger] Success! Method=GET, URL=/api/admin/community/messages?page=1&limit=10&search=, Has user? true, Has socket? true
[ActivityLogger] Success! Method=GET, URL=/api/admin/community/dashboard, Has user? true, Has socket? true
[ActivityLogger] Success! Method=GET, URL=/api/admin/community/dashboard, Has user? true, Has socket? true
[ActivityLogger] Success! Method=GET, URL=/api/admin/achievement?page=1&limit=10&search=&category=&status=, Has user? true, Has socket? true
[ActivityLogger] Success! Method=GET, URL=/api/admin/achievement/badges, Has user? true, Has socket? true
[ActivityLogger] Success! Method=GET, URL=/api/admin/achievement/badges, Has user? true, Has socket? true
[ActivityLogger] Success! Method=GET, URL=/api/admin/achievement?page=1&limit=10&search=&category=&status=, Has user? true, Has socket? true
[ActivityLogger] Success! Method=GET, URL=/api/admin/achievement/6a56304aad2138b1778f3a60, Has user? true, Has socket? true
[ActivityLogger] Success! Method=GET, URL=/api/admin/achievement/6a56304aad2138b1778f3a60, Has user? true, Has socket? true
[ActivityLogger] Success! Method=GET, URL=/api/admin/achievement?page=1&limit=10&search=&category=&status=, Has user? true, Has socket? true
[ActivityLogger] Success! Method=GET, URL=/api/admin/achievement/badges, Has user? true, Has socket? true
[ActivityLogger] Success! Method=GET, URL=/api/admin/achievement/badges, Has user? true, Has socket? true
[ActivityLogger] Success! Method=GET, URL=/api/admin/achievement/6a56304aad2138b1778f3a60, Has user? true, Has socket? true
[ActivityLogger] Success! Method=GET, URL=/api/admin/achievement/badges, Has user? true, Has socket? true
[ActivityLogger] Success! Method=GET, URL=/api/admin/achievement/6a56304aad2138b1778f3a60, Has user? true, Has socket? true
[ActivityLogger] Success! Method=GET, URL=/api/admin/achievement/badges, Has user? true, Has socket? true
[ActivityLogger] Success! Method=GET, URL=/api/admin/achievement?page=1&limit=10&search=&category=&status=, Has user? true, Has socket? true
[ActivityLogger] Success! Method=GET, URL=/api/admin/rewards/dashboard, Has user? true, Has socket? true
[ActivityLogger] Success! Method=GET, URL=/api/admin/rewards/dashboard, Has user? true, Has socket? true
[ActivityLogger] Success! Method=GET, URL=/api/admin/badges, Has user? true, Has socket? true
[ActivityLogger] Success! Method=GET, URL=/api/admin/users?page=1&limit=1000&search=&role=&verified=&blocked=&sort=newest, Has user? true, Has socket? true
[ActivityLogger] Success! Method=GET, URL=/api/admin/achievement, Has user? true, Has socket? true
[ActivityLogger] Success! Method=GET, URL=/api/admin/badges, Has user? true, Has socket? true
[ActivityLogger] Success! Method=GET, URL=/api/admin/users?page=1&limit=1000&search=&role=&verified=&blocked=&sort=newest, Has user? true, Has socket? true
[ActivityLogger] Success! Method=GET, URL=/api/admin/achievement, Has user? true, Has socket? true
[ActivityLogger] Success! Method=GET, URL=/api/admin/badges, Has user? true, Has socket? true
[ActivityLogger] Success! Method=GET, URL=/api/admin/users?page=1&limit=1000&search=&role=&verified=&blocked=&sort=newest, Has user? true, Has socket? true
[ActivityLogger] Success! Method=GET, URL=/api/admin/achievement, Has user? true, Has socket? true
[ActivityLogger] Success! Method=GET, URL=/api/admin/badges, Has user? true, Has socket? true
[ActivityLogger] Success! Method=GET, URL=/api/admin/users?page=1&limit=1000&search=&role=&verified=&blocked=&sort=newest, Has user? true, Has socket? true
[ActivityLogger] Success! Method=GET, URL=/api/admin/achievement, Has user? true, Has socket? true
[ActivityLogger] Success! Method=GET, URL=/api/admin/rewards, Has user? true, Has socket? true
[ActivityLogger] Success! Method=GET, URL=/api/admin/rewards, Has user? true, Has socket? true
[ActivityLogger] Success! Method=GET, URL=/api/admin/rewards/dashboard, Has user? true, Has socket? true
[ActivityLogger] Success! Method=GET, URL=/api/admin/rewards/dashboard, Has user? true, Has socket? true
[ActivityLogger] Success! Method=GET, URL=/api/admin/badges, Has user? true, Has socket? true
[ActivityLogger] Success! Method=GET, URL=/api/admin/achievement, Has user? true, Has socket? true
[ActivityLogger] Success! Method=GET, URL=/api/admin/users?page=1&limit=1000&search=&role=&verified=&blocked=&sort=newest, Has user? true, Has socket? true
[ActivityLogger] Success! Method=GET, URL=/api/admin/badges, Has user? true, Has socket? true
[ActivityLogger] Success! Method=GET, URL=/api/admin/achievement, Has user? true, Has socket? true
[ActivityLogger] Success! Method=GET, URL=/api/admin/users?page=1&limit=1000&search=&role=&verified=&blocked=&sort=newest, Has user? true, Has socket? true
[ActivityLogger] Success! Method=GET, URL=/api/admin/rewards, Has user? true, Has socket? true
[ActivityLogger] Success! Method=GET, URL=/api/admin/rewards, Has user? true, Has socket? true
[ActivityLogger] Success! Method=GET, URL=/api/admin/rewards/6a74401171effdce40cc700c, Has user? true, Has socket? true
[ActivityLogger] Success! Method=GET, URL=/api/admin/rewards/6a74401171effdce40cc700c, Has user? true, Has socket? true
[ActivityLogger] Success! Method=GET, URL=/api/admin/rewards, Has user? true, Has socket? true
[ActivityLogger] Success! Method=GET, URL=/api/admin/rewards, Has user? true, Has socket? true
[ActivityLogger] Success! Method=GET, URL=/api/admin/badges, Has user? true, Has socket? true
[ActivityLogger] Success! Method=GET, URL=/api/admin/badges, Has user? true, Has socket? true
[ActivityLogger] Success! Method=GET, URL=/api/admin/analytics/resume, Has user? true, Has socket? true
[ActivityLogger] Success! Method=GET, URL=/api/admin/analytics/users, Has user? true, Has socket? true
[ActivityLogger] Success! Method=GET, URL=/api/admin/analytics/coding, Has user? true, Has socket? true
[ActivityLogger] Success! Method=GET, URL=/api/admin/analytics/resume, Has user? true, Has socket? true
[ActivityLogger] Success! Method=GET, URL=/api/admin/analytics/interviews, Has user? true, Has socket? true
[ActivityLogger] Success! Method=GET, URL=/api/admin/analytics/users, Has user? true, Has socket? true
[ActivityLogger] Success! Method=GET, URL=/api/admin/analytics/coding, Has user? true, Has socket? true
[ActivityLogger] Success! Method=GET, URL=/api/admin/analytics/dashboard, Has user? true, Has socket? true
[ActivityLogger] Success! Method=GET, URL=/api/admin/analytics/interviews, Has user? true, Has socket? true
[ActivityLogger] Success! Method=GET, URL=/api/admin/analytics/dashboard, Has user? true, Has socket? true
[ActivityLogger] Success! Method=GET, URL=/api/admin/auth/dashboard, Has user? true, Has socket? true
[ActivityLogger] Success! Method=GET, URL=/api/admin/auth/dashboard, Has user? true, Has socket? true
[ActivityLogger] Success! Method=POST, URL=/api/admin/auth/login, Has user? false, Has socket? true
[ActivityLogger] Success! Method=GET, URL=/api/admin/auth/dashboard, Has user? true, Has socket? true
[ActivityLogger] Success! Method=GET, URL=/api/admin/auth/dashboard, Has user? true, Has socket? true
[ActivityLogger] Success! Method=GET, URL=/api/admin/users?page=1&limit=10&search=&role=&verified=&blocked=&sort=newest, Has user? true, Has socket? true
[ActivityLogger] Success! Method=GET, URL=/api/admin/users/stats, Has user? true, Has socket? true
[ActivityLogger] Success! Method=GET, URL=/api/admin/users?page=1&limit=10&search=&role=&verified=&blocked=&sort=newest, Has user? true, Has socket? true
[ActivityLogger] Success! Method=GET, URL=/api/admin/users/stats, Has user? true, Has socket? true
[ActivityLogger] Success! Method=GET, URL=/api/admin/auth/dashboard, Has user? true, Has socket? true
[ActivityLogger] Success! Method=GET, URL=/api/admin/auth/dashboard, Has user? true, Has socket? true
[ActivityLogger] Success! Method=GET, URL=/api/admin/users?page=1&limit=10&search=&role=&verified=&blocked=&sort=newest, Has user? true, Has socket? true
[ActivityLogger] Success! Method=GET, URL=/api/admin/users/stats, Has user? true, Has socket? true
[ActivityLogger] Success! Method=GET, URL=/api/admin/users?page=1&limit=10&search=&role=&verified=&blocked=&sort=newest, Has user? true, Has socket? true
[ActivityLogger] Success! Method=GET, URL=/api/admin/users/stats, Has user? true, Has socket? true
[ActivityLogger] Success! Method=GET, URL=/api/admin/interviews/stats, Has user? true, Has socket? true
[ActivityLogger] Success! Method=GET, URL=/api/admin/interviews?page=1&search=&status=&experience=&limit=10, Has user? true, Has socket? true
[ActivityLogger] Success! Method=GET, URL=/api/admin/interviews/stats, Has user? true, Has socket? true
[ActivityLogger] Success! Method=GET, URL=/api/admin/interviews?page=1&search=&status=&experience=&limit=10, Has user? true, Has socket? true
[ActivityLogger] Success! Method=GET, URL=/api/admin/interviews/6a71b9bdb51e825524bce64f, Has user? true, Has socket? true
[ActivityLogger] Success! Method=GET, URL=/api/admin/auth/dashboard, Has user? true, Has socket? true
[ActivityLogger] Success! Method=GET, URL=/api/admin/auth/dashboard, Has user? true, Has socket? true
[ActivityLogger] Success! Method=GET, URL=/api/admin/users?page=1&limit=10&search=&role=&verified=&blocked=&sort=newest, Has user? true, Has socket? true
[ActivityLogger] Success! Method=GET, URL=/api/admin/users/stats, Has user? true, Has socket? true
[ActivityLogger] Success! Method=GET, URL=/api/admin/users?page=1&limit=10&search=&role=&verified=&blocked=&sort=newest, Has user? true, Has socket? true
[ActivityLogger] Success! Method=GET, URL=/api/admin/users/stats, Has user? true, Has socket? true
[ActivityLogger] Success! Method=GET, URL=/api/admin/interviews/stats, Has user? true, Has socket? true
[ActivityLogger] Success! Method=GET, URL=/api/admin/interviews?page=1&search=&status=&experience=&limit=10, Has user? true, Has socket? true
[ActivityLogger] Success! Method=GET, URL=/api/admin/interviews/stats, Has user? true, Has socket? true
[ActivityLogger] Success! Method=GET, URL=/api/admin/interviews?page=1&search=&status=&experience=&limit=10, Has user? true, Has socket? true
[ActivityLogger] Success! Method=GET, URL=/api/admin/coding?page=1&search=&difficulty=&status=, Has user? true, Has socket? true
[ActivityLogger] Success! Method=GET, URL=/api/admin/coding?page=1&search=&difficulty=&status=, Has user? true, Has socket? true
[ActivityLogger] Success! Method=GET, URL=/api/admin/interviews/stats, Has user? true, Has socket? true
[ActivityLogger] Success! Method=GET, URL=/api/admin/interviews?page=1&search=&status=&experience=&limit=10, Has user? true, Has socket? true
[ActivityLogger] Success! Method=GET, URL=/api/admin/interviews?page=1&search=&status=&experience=&limit=10, Has user? true, Has socket? true
[ActivityLogger] Success! Method=GET, URL=/api/admin/interviews/stats, Has user? true, Has socket? true
[ActivityLogger] Success! Method=GET, URL=/api/admin/coding?page=1&search=&difficulty=&status=, Has user? true, Has socket? true
[ActivityLogger] Success! Method=GET, URL=/api/admin/coding?page=1&search=&difficulty=&status=, Has user? true, Has socket? true
[ActivityLogger] Success! Method=GET, URL=/api/admin/tests, Has user? true, Has socket? true
[ActivityLogger] Success! Method=GET, URL=/api/admin/tests, Has user? true, Has socket? true
[ActivityLogger] Success! Method=GET, URL=/api/admin/questions?limit=1000, Has user? true, Has socket? true
[ActivityLogger] Success! Method=GET, URL=/api/admin/questions?limit=1000, Has user? true, Has socket? true
[ActivityLogger] Success! Method=GET, URL=/api/admin/tests, Has user? true, Has socket? true
[ActivityLogger] Success! Method=GET, URL=/api/admin/tests, Has user? true, Has socket? true
[ActivityLogger] Success! Method=GET, URL=/api/admin/achievement?page=1&limit=10&search=&category=&status=, Has user? true, Has socket? true
[ActivityLogger] Success! Method=GET, URL=/api/admin/auth/dashboard, Has user? true, Has socket? true
[ActivityLogger] Success! Method=GET, URL=/api/admin/auth/dashboard, Has user? true, Has socket? true
[ActivityLogger] Success! Method=GET, URL=/api/admin/users?page=1&limit=10&search=&role=&verified=&blocked=&sort=newest, Has user? true, Has socket? true
[ActivityLogger] Success! Method=GET, URL=/api/admin/users/stats, Has user? true, Has socket? true
[ActivityLogger] Success! Method=GET, URL=/api/admin/users?page=1&limit=10&search=&role=&verified=&blocked=&sort=newest, Has user? true, Has socket? true
[ActivityLogger] Success! Method=GET, URL=/api/admin/users/stats, Has user? true, Has socket? true
[ActivityLogger] Success! Method=GET, URL=/api/admin/achievement?page=1&limit=10&search=&category=&status=, Has user? true, Has socket? true
[ActivityLogger] Success! Method=GET, URL=/api/admin/rewards/dashboard, Has user? true, Has socket? true
[ActivityLogger] Success! Method=GET, URL=/api/admin/rewards/dashboard, Has user? true, Has socket? true
[ActivityLogger] Success! Method=GET, URL=/api/admin/badges, Has user? true, Has socket? true
[ActivityLogger] Success! Method=GET, URL=/api/admin/badges, Has user? true, Has socket? true
[ActivityLogger] Success! Method=GET, URL=/api/admin/analytics/resume, Has user? true, Has socket? true
[ActivityLogger] Success! Method=GET, URL=/api/admin/analytics/users, Has user? true, Has socket? true
[ActivityLogger] Success! Method=GET, URL=/api/admin/analytics/coding, Has user? true, Has socket? true
[ActivityLogger] Success! Method=GET, URL=/api/admin/analytics/resume, Has user? true, Has socket? true
[ActivityLogger] Success! Method=GET, URL=/api/admin/analytics/dashboard, Has user? true, Has socket? true
[ActivityLogger] Success! Method=GET, URL=/api/admin/analytics/users, Has user? true, Has socket? true
[ActivityLogger] Success! Method=GET, URL=/api/admin/analytics/interviews, Has user? true, Has socket? true
[ActivityLogger] Success! Method=GET, URL=/api/admin/analytics/coding, Has user? true, Has socket? true
[ActivityLogger] Success! Method=GET, URL=/api/admin/analytics/interviews, Has user? true, Has socket? true
[ActivityLogger] Success! Method=GET, URL=/api/admin/analytics/dashboard, Has user? true, Has socket? true
[ActivityLogger] Success! Method=GET, URL=/api/admin/community/dashboard, Has user? true, Has socket? true
[ActivityLogger] Success! Method=GET, URL=/api/admin/community/dashboard, Has user? true, Has socket? true
[ActivityLogger] Success! Method=GET, URL=/api/admin/contests, Has user? true, Has socket? true
[ActivityLogger] Success! Method=GET, URL=/api/admin/contests, Has user? true, Has socket? true
[ActivityLogger] Success! Method=GET, URL=/api/admin/questions/companies, Has user? true, Has socket? true
[ActivityLogger] Success! Method=GET, URL=/api/admin/questions/companies, Has user? true, Has socket? true
[ActivityLogger] Success! Method=GET, URL=/api/admin/auth/dashboard, Has user? true, Has socket? true
[ActivityLogger] Success! Method=GET, URL=/api/admin/auth/dashboard, Has user? true, Has socket? true
[ActivityLogger] Success! Method=GET, URL=/api/admin/users?page=1&limit=10&search=&role=&verified=&blocked=&sort=newest, Has user? true, Has socket? true
[ActivityLogger] Success! Method=GET, URL=/api/admin/users/stats, Has user? true, Has socket? true
[ActivityLogger] Success! Method=GET, URL=/api/admin/users?page=1&limit=10&search=&role=&verified=&blocked=&sort=newest, Has user? true, Has socket? true
[ActivityLogger] Success! Method=GET, URL=/api/admin/users/stats, Has user? true, Has socket? true
[ActivityLogger] Success! Method=GET, URL=/api/admin/auth/dashboard, Has user? true, Has socket? true
[ActivityLogger] Success! Method=GET, URL=/api/admin/auth/dashboard, Has user? true, Has socket? true
[ActivityLogger] Success! Method=GET, URL=/api/admin/users?page=1&limit=10&search=&role=&verified=&blocked=&sort=newest, Has user? true, Has socket? true
[ActivityLogger] Success! Method=GET, URL=/api/admin/users/stats, Has user? true, Has socket? true
[ActivityLogger] Success! Method=GET, URL=/api/admin/users?page=1&limit=10&search=&role=&verified=&blocked=&sort=newest, Has user? true, Has socket? true
[ActivityLogger] Success! Method=GET, URL=/api/admin/users/stats, Has user? true, Has socket? true
[ActivityLogger] Success! Method=GET, URL=/api/admin/interviews/stats, Has user? true, Has socket? true
[ActivityLogger] Success! Method=GET, URL=/api/admin/interviews?page=1&search=&status=&experience=&limit=10, Has user? true, Has socket? true
[ActivityLogger] Success! Method=GET, URL=/api/admin/interviews/stats, Has user? true, Has socket? true
[ActivityLogger] Success! Method=GET, URL=/api/admin/interviews?page=1&search=&status=&experience=&limit=10, Has user? true, Has socket? true
[ActivityLogger] Success! Method=GET, URL=/api/admin/coding?page=1&search=&difficulty=&status=, Has user? true, Has socket? true
[ActivityLogger] Success! Method=GET, URL=/api/admin/coding?page=1&search=&difficulty=&status=, Has user? true, Has socket? true
[ActivityLogger] Success! Method=GET, URL=/api/admin/tests, Has user? true, Has socket? true
[ActivityLogger] Success! Method=GET, URL=/api/admin/tests, Has user? true, Has socket? true
[ActivityLogger] Success! Method=GET, URL=/api/admin/questions/topics, Has user? true, Has socket? true
[ActivityLogger] Success! Method=GET, URL=/api/admin/questions/companies, Has user? true, Has socket? true
[ActivityLogger] Success! Method=GET, URL=/api/admin/questions?search=&topic=&company=&difficulty=&page=1, Has user? true, Has socket? true
[ActivityLogger] Success! Method=GET, URL=/api/admin/questions/topics, Has user? true, Has socket? true
[ActivityLogger] Success! Method=GET, URL=/api/admin/questions/companies, Has user? true, Has socket? true
[ActivityLogger] Success! Method=GET, URL=/api/admin/questions?search=&topic=&company=&difficulty=&page=1, Has user? true, Has socket? true
[ActivityLogger] Success! Method=GET, URL=/api/admin/questions/topics, Has user? true, Has socket? true
[ActivityLogger] Success! Method=GET, URL=/api/admin/questions/topics, Has user? true, Has socket? true
[ActivityLogger] Success! Method=GET, URL=/api/admin/questions/companies, Has user? true, Has socket? true
[ActivityLogger] Success! Method=GET, URL=/api/admin/questions/companies, Has user? true, Has socket? true
[ActivityLogger] Success! Method=GET, URL=/api/admin/contests, Has user? true, Has socket? true
[ActivityLogger] Success! Method=GET, URL=/api/admin/contests, Has user? true, Has socket? true
[ActivityLogger] Success! Method=GET, URL=/api/admin/contests/6a576109c49649011c1c697f, Has user? true, Has socket? true
[ActivityLogger] Success! Method=GET, URL=/api/admin/contests/6a576109c49649011c1c697f, Has user? true, Has socket? true
[ActivityLogger] Success! Method=GET, URL=/api/admin/coding?limit=1000, Has user? true, Has socket? true
[ActivityLogger] Success! Method=GET, URL=/api/admin/coding?limit=1000, Has user? true, Has socket? true
[ActivityLogger] Success! Method=GET, URL=/api/admin/contests, Has user? true, Has socket? true
[ActivityLogger] Success! Method=GET, URL=/api/admin/contests, Has user? true, Has socket? true
[ActivityLogger] Success! Method=GET, URL=/api/admin/contests/6a576109c49649011c1c697f, Has user? true, Has socket? true
[ActivityLogger] Success! Method=GET, URL=/api/admin/contests/6a576109c49649011c1c697f, Has user? true, Has socket? true
[ActivityLogger] Success! Method=GET, URL=/api/admin/contests, Has user? true, Has socket? true
[ActivityLogger] Success! Method=GET, URL=/api/admin/contests, Has user? true, Has socket? true
[ActivityLogger] Success! Method=GET, URL=/api/admin/achievement?page=1&limit=10&search=&category=&status=, Has user? true, Has socket? true
[ActivityLogger] Success! Method=GET, URL=/api/admin/achievement/6a56304aad2138b1778f3a60, Has user? true, Has socket? true
[ActivityLogger] Success! Method=GET, URL=/api/admin/achievement/6a56304aad2138b1778f3a60, Has user? true, Has socket? true
[ActivityLogger] Success! Method=GET, URL=/api/admin/achievement?page=1&limit=10&search=&category=&status=, Has user? true, Has socket? true
[ActivityLogger] Success! Method=POST, URL=/api/admin/auth/login, Has user? false, Has socket? true
[ActivityLogger] Success! Method=GET, URL=/api/admin/auth/dashboard, Has user? true, Has socket? true
[ActivityLogger] Success! Method=GET, URL=/api/admin/auth/dashboard, Has user? true, Has socket? true
[ActivityLogger] Success! Method=GET, URL=/api/admin/users?page=1&limit=10&search=&role=&verified=&blocked=&sort=newest, Has user? true, Has socket? true
[ActivityLogger] Success! Method=GET, URL=/api/admin/users/stats, Has user? true, Has socket? true
[ActivityLogger] Success! Method=GET, URL=/api/admin/users?page=1&limit=10&search=&role=&verified=&blocked=&sort=newest, Has user? true, Has socket? true
[ActivityLogger] Success! Method=GET, URL=/api/admin/users/stats, Has user? true, Has socket? true
[ActivityLogger] Success! Method=GET, URL=/api/admin/auth/dashboard, Has user? true, Has socket? true
[ActivityLogger] Success! Method=GET, URL=/api/admin/auth/dashboard, Has user? true, Has socket? true
[ActivityLogger] Success! Method=GET, URL=/api/admin/users?page=1&limit=10&search=&role=&verified=&blocked=&sort=newest, Has user? true, Has socket? true
[ActivityLogger] Success! Method=GET, URL=/api/admin/users/stats, Has user? true, Has socket? true
[ActivityLogger] Success! Method=GET, URL=/api/admin/users?page=1&limit=10&search=&role=&verified=&blocked=&sort=newest, Has user? true, Has socket? true
[ActivityLogger] Success! Method=GET, URL=/api/admin/users/stats, Has user? true, Has socket? true
[ActivityLogger] Success! Method=GET, URL=/api/admin/auth/dashboard, Has user? true, Has socket? true
[ActivityLogger] Success! Method=GET, URL=/api/admin/auth/dashboard, Has user? true, Has socket? true
[ActivityLogger] Success! Method=GET, URL=/api/admin/users?page=1&limit=10&search=&role=&verified=&blocked=&sort=newest, Has user? true, Has socket? true
[ActivityLogger] Success! Method=GET, URL=/api/admin/users/stats, Has user? true, Has socket? true
[ActivityLogger] Success! Method=GET, URL=/api/admin/users?page=1&limit=10&search=&role=&verified=&blocked=&sort=newest, Has user? true, Has socket? true
[ActivityLogger] Success! Method=GET, URL=/api/admin/users/stats, Has user? true, Has socket? true
[ActivityLogger] Success! Method=GET, URL=/api/admin/users/6a703e8f46e22fbb4d61ab41, Has user? true, Has socket? true
[ActivityLogger] Success! Method=GET, URL=/api/admin/users/6a703e8f46e22fbb4d61ab41, Has user? true, Has socket? true
[ActivityLogger] Success! Method=GET, URL=/api/admin/users?page=1&limit=10&search=&role=&verified=&blocked=&sort=newest, Has user? true, Has socket? true
[ActivityLogger] Success! Method=GET, URL=/api/admin/users/stats, Has user? true, Has socket? true
[ActivityLogger] Success! Method=GET, URL=/api/admin/users?page=1&limit=10&search=&role=&verified=&blocked=&sort=newest, Has user? true, Has socket? true
[ActivityLogger] Success! Method=GET, URL=/api/admin/users/stats, Has user? true, Has socket? true
[ActivityLogger] Success! Method=GET, URL=/api/admin/users/6a572844ac6b8742a2635341, Has user? true, Has socket? true
[ActivityLogger] Success! Method=GET, URL=/api/admin/users/6a572844ac6b8742a2635341, Has user? true, Has socket? true
[ActivityLogger] Success! Method=GET, URL=/api/admin/users?page=1&limit=10&search=&role=&verified=&blocked=&sort=newest, Has user? true, Has socket? true
[ActivityLogger] Success! Method=GET, URL=/api/admin/users/stats, Has user? true, Has socket? true
[ActivityLogger] Success! Method=GET, URL=/api/admin/users?page=1&limit=10&search=&role=&verified=&blocked=&sort=newest, Has user? true, Has socket? true
[ActivityLogger] Success! Method=GET, URL=/api/admin/users/stats, Has user? true, Has socket? true
[ActivityLogger] Success! Method=GET, URL=/api/admin/interviews/stats, Has user? true, Has socket? true
[ActivityLogger] Success! Method=GET, URL=/api/admin/interviews?page=1&search=&status=&experience=&limit=10, Has user? true, Has socket? true
[ActivityLogger] Success! Method=GET, URL=/api/admin/interviews/stats, Has user? true, Has socket? true
[ActivityLogger] Success! Method=GET, URL=/api/admin/interviews?page=1&search=&status=&experience=&limit=10, Has user? true, Has socket? true
[ActivityLogger] Success! Method=GET, URL=/api/admin/coding?page=1&search=&difficulty=&status=, Has user? true, Has socket? true
[ActivityLogger] Success! Method=GET, URL=/api/admin/coding?page=1&search=&difficulty=&status=, Has user? true, Has socket? true
[ActivityLogger] Success! Method=GET, URL=/api/admin/interviews/stats, Has user? true, Has socket? true
[ActivityLogger] Success! Method=GET, URL=/api/admin/interviews?page=1&search=&status=&experience=&limit=10, Has user? true, Has socket? true
[ActivityLogger] Success! Method=GET, URL=/api/admin/interviews/stats, Has user? true, Has socket? true
[ActivityLogger] Success! Method=GET, URL=/api/admin/interviews?page=1&search=&status=&experience=&limit=10, Has user? true, Has socket? true
[ActivityLogger] Success! Method=GET, URL=/api/admin/coding?page=1&search=&difficulty=&status=, Has user? true, Has socket? true
[ActivityLogger] Success! Method=GET, URL=/api/admin/coding?page=1&search=&difficulty=&status=, Has user? true, Has socket? true
[ActivityLogger] Success! Method=GET, URL=/api/admin/tests, Has user? true, Has socket? true
[ActivityLogger] Success! Method=GET, URL=/api/admin/tests, Has user? true, Has socket? true
[ActivityLogger] Success! Method=GET, URL=/api/admin/coding?page=1&search=&difficulty=&status=, Has user? true, Has socket? true
[ActivityLogger] Success! Method=GET, URL=/api/admin/coding?page=1&search=&difficulty=&status=, Has user? true, Has socket? true
[ActivityLogger] Success! Method=GET, URL=/api/admin/tests, Has user? true, Has socket? true
[ActivityLogger] Success! Method=GET, URL=/api/admin/tests, Has user? true, Has socket? true
[ActivityLogger] Success! Method=GET, URL=/api/admin/questions/topics, Has user? true, Has socket? true
[ActivityLogger] Success! Method=GET, URL=/api/admin/questions/companies, Has user? true, Has socket? true
[ActivityLogger] Success! Method=GET, URL=/api/admin/questions/topics, Has user? true, Has socket? true
[ActivityLogger] Success! Method=GET, URL=/api/admin/questions/companies, Has user? true, Has socket? true
[ActivityLogger] Success! Method=GET, URL=/api/admin/questions?search=&topic=&company=&difficulty=&page=1, Has user? true, Has socket? true
[ActivityLogger] Success! Method=GET, URL=/api/admin/questions?search=&topic=&company=&difficulty=&page=1, Has user? true, Has socket? true
[ActivityLogger] Success! Method=GET, URL=/api/admin/tests, Has user? true, Has socket? true
[ActivityLogger] Success! Method=GET, URL=/api/admin/tests, Has user? true, Has socket? true
[ActivityLogger] Success! Method=GET, URL=/api/admin/questions/companies, Has user? true, Has socket? true
[ActivityLogger] Success! Method=GET, URL=/api/admin/questions/topics, Has user? true, Has socket? true
[ActivityLogger] Success! Method=GET, URL=/api/admin/questions/topics, Has user? true, Has socket? true
[ActivityLogger] Success! Method=GET, URL=/api/admin/questions/companies, Has user? true, Has socket? true
[ActivityLogger] Success! Method=GET, URL=/api/admin/questions?search=&topic=&company=&difficulty=&page=1, Has user? true, Has socket? true
[ActivityLogger] Success! Method=GET, URL=/api/admin/questions?search=&topic=&company=&difficulty=&page=1, Has user? true, Has socket? true
[ActivityLogger] Success! Method=GET, URL=/api/admin/badges, Has user? true, Has socket? true
[ActivityLogger] Success! Method=GET, URL=/api/admin/badges, Has user? true, Has socket? true
[ActivityLogger] Success! Method=GET, URL=/api/admin/analytics/resume, Has user? true, Has socket? true
[ActivityLogger] Success! Method=GET, URL=/api/admin/analytics/users, Has user? true, Has socket? true
[ActivityLogger] Success! Method=GET, URL=/api/admin/analytics/resume, Has user? true, Has socket? true
[ActivityLogger] Success! Method=GET, URL=/api/admin/analytics/coding, Has user? true, Has socket? true
[ActivityLogger] Success! Method=GET, URL=/api/admin/analytics/interviews, Has user? true, Has socket? true
[ActivityLogger] Success! Method=GET, URL=/api/admin/analytics/users, Has user? true, Has socket? true
[ActivityLogger] Success! Method=GET, URL=/api/admin/analytics/coding, Has user? true, Has socket? true
[ActivityLogger] Success! Method=GET, URL=/api/admin/analytics/dashboard, Has user? true, Has socket? true
[ActivityLogger] Success! Method=GET, URL=/api/admin/analytics/interviews, Has user? true, Has socket? true
[ActivityLogger] Success! Method=GET, URL=/api/admin/analytics/dashboard, Has user? true, Has socket? true
[ActivityLogger] Success! Method=GET, URL=/api/admin/rewards/dashboard, Has user? true, Has socket? true
[ActivityLogger] Success! Method=GET, URL=/api/admin/rewards/dashboard, Has user? true, Has socket? true
[ActivityLogger] Success! Method=GET, URL=/api/admin/badges, Has user? true, Has socket? true
[ActivityLogger] Success! Method=GET, URL=/api/admin/badges, Has user? true, Has socket? true
[ActivityLogger] Success! Method=GET, URL=/api/admin/analytics/resume, Has user? true, Has socket? true
[ActivityLogger] Success! Method=GET, URL=/api/admin/analytics/coding, Has user? true, Has socket? true
[ActivityLogger] Success! Method=GET, URL=/api/admin/analytics/users, Has user? true, Has socket? true
[ActivityLogger] Success! Method=GET, URL=/api/admin/analytics/resume, Has user? true, Has socket? true
[ActivityLogger] Success! Method=GET, URL=/api/admin/analytics/interviews, Has user? true, Has socket? true
[ActivityLogger] Success! Method=GET, URL=/api/admin/analytics/users, Has user? true, Has socket? true
[ActivityLogger] Success! Method=GET, URL=/api/admin/analytics/coding, Has user? true, Has socket? true
[ActivityLogger] Success! Method=GET, URL=/api/admin/analytics/dashboard, Has user? true, Has socket? true
[ActivityLogger] Success! Method=GET, URL=/api/admin/analytics/interviews, Has user? true, Has socket? true
[ActivityLogger] Success! Method=GET, URL=/api/admin/analytics/dashboard, Has user? true, Has socket? true
[ActivityLogger] Success! Method=GET, URL=/api/admin/questions/companies, Has user? true, Has socket? true
[ActivityLogger] Success! Method=GET, URL=/api/admin/questions/topics, Has user? true, Has socket? true
[ActivityLogger] Success! Method=GET, URL=/api/admin/questions/topics, Has user? true, Has socket? true
[ActivityLogger] Success! Method=GET, URL=/api/admin/questions/companies, Has user? true, Has socket? true
[ActivityLogger] Success! Method=GET, URL=/api/admin/questions?search=&topic=&company=&difficulty=&page=1, Has user? true, Has socket? true
[ActivityLogger] Success! Method=GET, URL=/api/admin/questions?search=&topic=&company=&difficulty=&page=1, Has user? true, Has socket? true
[ActivityLogger] Success! Method=GET, URL=/api/admin/tests, Has user? true, Has socket? true
[ActivityLogger] Success! Method=GET, URL=/api/admin/tests, Has user? true, Has socket? true
[ActivityLogger] Success! Method=GET, URL=/api/admin/coding?page=1&search=&difficulty=&status=, Has user? true, Has socket? true
[ActivityLogger] Success! Method=GET, URL=/api/admin/coding?page=1&search=&difficulty=&status=, Has user? true, Has socket? true
[ActivityLogger] Success! Method=GET, URL=/api/admin/interviews/stats, Has user? true, Has socket? true
[ActivityLogger] Success! Method=GET, URL=/api/admin/interviews?page=1&search=&status=&experience=&limit=10, Has user? true, Has socket? true
[ActivityLogger] Success! Method=GET, URL=/api/admin/interviews/stats, Has user? true, Has socket? true
[ActivityLogger] Success! Method=GET, URL=/api/admin/interviews?page=1&search=&status=&experience=&limit=10, Has user? true, Has socket? true
[ActivityLogger] Success! Method=GET, URL=/api/admin/users?page=1&limit=10&search=&role=&verified=&blocked=&sort=newest, Has user? true, Has socket? true
[ActivityLogger] Success! Method=GET, URL=/api/admin/users/stats, Has user? true, Has socket? true
[ActivityLogger] Success! Method=GET, URL=/api/admin/users?page=1&limit=10&search=&role=&verified=&blocked=&sort=newest, Has user? true, Has socket? true
[ActivityLogger] Success! Method=GET, URL=/api/admin/users/stats, Has user? true, Has socket? true
[ActivityLogger] Success! Method=GET, URL=/api/admin/auth/dashboard, Has user? true, Has socket? true
[ActivityLogger] Success! Method=GET, URL=/api/admin/auth/dashboard, Has user? true, Has socket? true
[ActivityLogger] Success! Method=GET, URL=/api/admin/badges, Has user? true, Has socket? true
[ActivityLogger] Success! Method=GET, URL=/api/admin/badges, Has user? true, Has socket? true
[ActivityLogger] Success! Method=GET, URL=/api/admin/analytics/resume, Has user? true, Has socket? true
[ActivityLogger] Success! Method=GET, URL=/api/admin/analytics/users, Has user? true, Has socket? true
[ActivityLogger] Success! Method=GET, URL=/api/admin/analytics/resume, Has user? true, Has socket? true
[ActivityLogger] Success! Method=GET, URL=/api/admin/analytics/coding, Has user? true, Has socket? true
[ActivityLogger] Success! Method=GET, URL=/api/admin/analytics/interviews, Has user? true, Has socket? true
[ActivityLogger] Success! Method=GET, URL=/api/admin/analytics/users, Has user? true, Has socket? true
[ActivityLogger] Success! Method=GET, URL=/api/admin/analytics/dashboard, Has user? true, Has socket? true
[ActivityLogger] Success! Method=GET, URL=/api/admin/analytics/coding, Has user? true, Has socket? true
[ActivityLogger] Success! Method=GET, URL=/api/admin/analytics/interviews, Has user? true, Has socket? true
[ActivityLogger] Success! Method=GET, URL=/api/admin/analytics/dashboard, Has user? true, Has socket? true
[ActivityLogger] Success! Method=GET, URL=/api/admin/badges, Has user? true, Has socket? true
[ActivityLogger] Success! Method=GET, URL=/api/admin/badges, Has user? true, Has socket? true
[ActivityLogger] Success! Method=GET, URL=/api/admin/rewards/dashboard, Has user? true, Has socket? true
[ActivityLogger] Success! Method=GET, URL=/api/admin/rewards/dashboard, Has user? true, Has socket? true
[ActivityLogger] Success! Method=GET, URL=/api/admin/achievement?page=1&limit=10&search=&category=&status=, Has user? true, Has socket? true
[ActivityLogger] Success! Method=GET, URL=/api/admin/rewards/dashboard, Has user? true, Has socket? true
[ActivityLogger] Success! Method=GET, URL=/api/admin/badges, Has user? true, Has socket? true
[ActivityLogger] Success! Method=GET, URL=/api/admin/rewards/dashboard, Has user? true, Has socket? true
[ActivityLogger] Success! Method=GET, URL=/api/admin/badges, Has user? true, Has socket? true
[ActivityLogger] Success! Method=GET, URL=/api/admin/analytics/resume, Has user? true, Has socket? true
[ActivityLogger] Success! Method=GET, URL=/api/admin/analytics/resume, Has user? true, Has socket? true
[ActivityLogger] Success! Method=GET, URL=/api/admin/analytics/users, Has user? true, Has socket? true
[ActivityLogger] Success! Method=GET, URL=/api/admin/analytics/coding, Has user? true, Has socket? true
[ActivityLogger] Success! Method=GET, URL=/api/admin/analytics/interviews, Has user? true, Has socket? true
[ActivityLogger] Success! Method=GET, URL=/api/admin/analytics/users, Has user? true, Has socket? true
[ActivityLogger] Success! Method=GET, URL=/api/admin/analytics/dashboard, Has user? true, Has socket? true
[ActivityLogger] Success! Method=GET, URL=/api/admin/analytics/coding, Has user? true, Has socket? true
[ActivityLogger] Success! Method=GET, URL=/api/admin/analytics/interviews, Has user? true, Has socket? true
[ActivityLogger] Success! Method=GET, URL=/api/admin/rewards/dashboard, Has user? true, Has socket? true
[ActivityLogger] Success! Method=GET, URL=/api/admin/analytics/dashboard, Has user? true, Has socket? true
[ActivityLogger] Success! Method=GET, URL=/api/admin/badges, Has user? true, Has socket? true
[ActivityLogger] Success! Method=GET, URL=/api/admin/badges, Has user? true, Has socket? true
[ActivityLogger] Success! Method=GET, URL=/api/admin/rewards/dashboard, Has user? true, Has socket? true
[ActivityLogger] Success! Method=GET, URL=/api/admin/rewards/dashboard, Has user? true, Has socket? true
[ActivityLogger] Success! Method=GET, URL=/api/admin/analytics/resume, Has user? true, Has socket? true
[ActivityLogger] Success! Method=GET, URL=/api/admin/analytics/coding, Has user? true, Has socket? true
[ActivityLogger] Success! Method=GET, URL=/api/admin/analytics/users, Has user? true, Has socket? true
[ActivityLogger] Success! Method=GET, URL=/api/admin/analytics/interviews, Has user? true, Has socket? true
[ActivityLogger] Success! Method=GET, URL=/api/admin/rewards/dashboard, Has user? true, Has socket? true
[ActivityLogger] Success! Method=GET, URL=/api/admin/analytics/resume, Has user? true, Has socket? true
[ActivityLogger] Success! Method=GET, URL=/api/admin/analytics/coding, Has user? true, Has socket? true
[ActivityLogger] Success! Method=GET, URL=/api/admin/analytics/users, Has user? true, Has socket? true
[ActivityLogger] Success! Method=GET, URL=/api/admin/analytics/dashboard, Has user? true, Has socket? true
[ActivityLogger] Success! Method=GET, URL=/api/admin/analytics/interviews, Has user? true, Has socket? true
[ActivityLogger] Success! Method=GET, URL=/api/admin/badges, Has user? true, Has socket? true
[ActivityLogger] Success! Method=GET, URL=/api/admin/badges, Has user? true, Has socket? true
[ActivityLogger] Success! Method=GET, URL=/api/admin/analytics/dashboard, Has user? true, Has socket? true
[ActivityLogger] Success! Method=GET, URL=/api/admin/rewards/dashboard, Has user? true, Has socket? true
[ActivityLogger] Success! Method=GET, URL=/api/admin/rewards/dashboard, Has user? true, Has socket? true
[ActivityLogger] Success! Method=GET, URL=/api/admin/achievement?page=1&limit=10&search=&category=&status=, Has user? true, Has socket? true
[ActivityLogger] Success! Method=GET, URL=/api/admin/community/dashboard, Has user? true, Has socket? true
[ActivityLogger] Success! Method=GET, URL=/api/admin/community/dashboard, Has user? true, Has socket? true
[ActivityLogger] Success! Method=GET, URL=/api/admin/contests, Has user? true, Has socket? true
[ActivityLogger] Success! Method=GET, URL=/api/admin/contests, Has user? true, Has socket? true
[ActivityLogger] Success! Method=GET, URL=/api/admin/questions/companies, Has user? true, Has socket? true
[ActivityLogger] Success! Method=GET, URL=/api/admin/questions/companies, Has user? true, Has socket? true
[ActivityLogger] Success! Method=GET, URL=/api/admin/auth/dashboard, Has user? true, Has socket? true
[ActivityLogger] Success! Method=GET, URL=/api/admin/auth/dashboard, Has user? true, Has socket? true
[ActivityLogger] Success! Method=POST, URL=/api/admin/auth/login, Has user? false, Has socket? true
[ActivityLogger] Success! Method=GET, URL=/api/admin/auth/dashboard, Has user? true, Has socket? true
[ActivityLogger] Success! Method=GET, URL=/api/admin/auth/dashboard, Has user? true, Has socket? true
[ActivityLogger] Success! Method=GET, URL=/api/admin/interviews/stats, Has user? true, Has socket? true
[ActivityLogger] Success! Method=GET, URL=/api/admin/interviews?page=1&search=&status=&experience=&limit=10, Has user? true, Has socket? true
[ActivityLogger] Success! Method=GET, URL=/api/admin/interviews/stats, Has user? true, Has socket? true
[ActivityLogger] Success! Method=GET, URL=/api/admin/interviews?page=1&search=&status=&experience=&limit=10, Has user? true, Has socket? true
[ActivityLogger] Success! Method=GET, URL=/api/admin/users?page=1&limit=10&search=&role=&verified=&blocked=&sort=newest, Has user? true, Has socket? true
[ActivityLogger] Success! Method=GET, URL=/api/admin/users/stats, Has user? true, Has socket? true
[ActivityLogger] Success! Method=GET, URL=/api/admin/users?page=1&limit=10&search=&role=&verified=&blocked=&sort=newest, Has user? true, Has socket? true
[ActivityLogger] Success! Method=GET, URL=/api/admin/users/stats, Has user? true, Has socket? true
[ActivityLogger] Success! Method=GET, URL=/api/admin/interviews/stats, Has user? true, Has socket? true
[ActivityLogger] Success! Method=GET, URL=/api/admin/interviews?page=1&search=&status=&experience=&limit=10, Has user? true, Has socket? true
[ActivityLogger] Success! Method=GET, URL=/api/admin/interviews?page=1&search=&status=&experience=&limit=10, Has user? true, Has socket? true
[ActivityLogger] Success! Method=GET, URL=/api/admin/interviews/stats, Has user? true, Has socket? true
[ActivityLogger] Success! Method=GET, URL=/api/admin/auth/dashboard, Has user? true, Has socket? true
[ActivityLogger] Success! Method=GET, URL=/api/admin/auth/dashboard, Has user? true, Has socket? true
[ActivityLogger] Success! Method=GET, URL=/api/admin/users?page=1&limit=10&search=&role=&verified=&blocked=&sort=newest, Has user? true, Has socket? true
[ActivityLogger] Success! Method=GET, URL=/api/admin/users/stats, Has user? true, Has socket? true
[ActivityLogger] Success! Method=GET, URL=/api/admin/users?page=1&limit=10&search=&role=&verified=&blocked=&sort=newest, Has user? true, Has socket? true
[ActivityLogger] Success! Method=GET, URL=/api/admin/users/stats, Has user? true, Has socket? true
[ActivityLogger] Success! Method=GET, URL=/api/admin/interviews/stats, Has user? true, Has socket? true
[ActivityLogger] Success! Method=GET, URL=/api/admin/interviews?page=1&search=&status=&experience=&limit=10, Has user? true, Has socket? true
[ActivityLogger] Success! Method=GET, URL=/api/admin/interviews/stats, Has user? true, Has socket? true
[ActivityLogger] Success! Method=GET, URL=/api/admin/interviews?page=1&search=&status=&experience=&limit=10, Has user? true, Has socket? true
[ActivityLogger] Success! Method=GET, URL=/api/admin/users?page=1&limit=10&search=&role=&verified=&blocked=&sort=newest, Has user? true, Has socket? true
[ActivityLogger] Success! Method=GET, URL=/api/admin/users/stats, Has user? true, Has socket? true
[ActivityLogger] Success! Method=GET, URL=/api/admin/users?page=1&limit=10&search=&role=&verified=&blocked=&sort=newest, Has user? true, Has socket? true
[ActivityLogger] Success! Method=GET, URL=/api/admin/users/stats, Has user? true, Has socket? true
[ActivityLogger] Success! Method=GET, URL=/api/admin/auth/dashboard, Has user? true, Has socket? true
[ActivityLogger] Success! Method=GET, URL=/api/admin/auth/dashboard, Has user? true, Has socket? true
[ActivityLogger] Success! Method=GET, URL=/api/admin/users?page=1&limit=10&search=&role=&verified=&blocked=&sort=newest, Has user? true, Has socket? true
[ActivityLogger] Success! Method=GET, URL=/api/admin/users/stats, Has user? true, Has socket? true
[ActivityLogger] Success! Method=GET, URL=/api/admin/users?page=1&limit=10&search=&role=&verified=&blocked=&sort=newest, Has user? true, Has socket? true
[ActivityLogger] Success! Method=GET, URL=/api/admin/users/stats, Has user? true, Has socket? true
[ActivityLogger] Success! Method=GET, URL=/api/admin/interviews/stats, Has user? true, Has socket? true
[ActivityLogger] Success! Method=GET, URL=/api/admin/interviews?page=1&search=&status=&experience=&limit=10, Has user? true, Has socket? true
[ActivityLogger] Success! Method=GET, URL=/api/admin/interviews/stats, Has user? true, Has socket? true
[ActivityLogger] Success! Method=GET, URL=/api/admin/interviews?page=1&search=&status=&experience=&limit=10, Has user? true, Has socket? true
[ActivityLogger] Success! Method=GET, URL=/api/admin/coding?page=1&search=&difficulty=&status=, Has user? true, Has socket? true
[ActivityLogger] Success! Method=GET, URL=/api/admin/coding?page=1&search=&difficulty=&status=, Has user? true, Has socket? true
[ActivityLogger] Success! Method=GET, URL=/api/admin/interviews/stats, Has user? true, Has socket? true
[ActivityLogger] Success! Method=GET, URL=/api/admin/interviews?page=1&search=&status=&experience=&limit=10, Has user? true, Has socket? true
[ActivityLogger] Success! Method=GET, URL=/api/admin/interviews/stats, Has user? true, Has socket? true
[ActivityLogger] Success! Method=GET, URL=/api/admin/interviews?page=1&search=&status=&experience=&limit=10, Has user? true, Has socket? true
[ActivityLogger] Success! Method=GET, URL=/api/admin/users?page=1&limit=10&search=&role=&verified=&blocked=&sort=newest, Has user? true, Has socket? true
[ActivityLogger] Success! Method=GET, URL=/api/admin/users/stats, Has user? true, Has socket? true
[ActivityLogger] Success! Method=GET, URL=/api/admin/users?page=1&limit=10&search=&role=&verified=&blocked=&sort=newest, Has user? true, Has socket? true
[ActivityLogger] Success! Method=GET, URL=/api/admin/users/stats, Has user? true, Has socket? true
[ActivityLogger] Success! Method=GET, URL=/api/admin/auth/dashboard, Has user? true, Has socket? true
[ActivityLogger] Success! Method=GET, URL=/api/admin/auth/dashboard, Has user? true, Has socket? true
[ActivityLogger] Success! Method=GET, URL=/api/admin/users?page=1&limit=10&search=&role=&verified=&blocked=&sort=newest, Has user? true, Has socket? true
[ActivityLogger] Success! Method=GET, URL=/api/admin/users/stats, Has user? true, Has socket? true
[ActivityLogger] Success! Method=GET, URL=/api/admin/users?page=1&limit=10&search=&role=&verified=&blocked=&sort=newest, Has user? true, Has socket? true
[ActivityLogger] Success! Method=GET, URL=/api/admin/users/stats, Has user? true, Has socket? true
[ActivityLogger] Success! Method=GET, URL=/api/admin/interviews/stats, Has user? true, Has socket? true
[ActivityLogger] Success! Method=GET, URL=/api/admin/interviews?page=1&search=&status=&experience=&limit=10, Has user? true, Has socket? true
[ActivityLogger] Success! Method=GET, URL=/api/admin/interviews/stats, Has user? true, Has socket? true
[ActivityLogger] Success! Method=GET, URL=/api/admin/interviews?page=1&search=&status=&experience=&limit=10, Has user? true, Has socket? true
[ActivityLogger] Success! Method=GET, URL=/api/admin/coding?page=1&search=&difficulty=&status=, Has user? true, Has socket? true
[ActivityLogger] Success! Method=GET, URL=/api/admin/coding?page=1&search=&difficulty=&status=, Has user? true, Has socket? true
[ActivityLogger] Success! Method=GET, URL=/api/admin/tests, Has user? true, Has socket? true
[ActivityLogger] Success! Method=GET, URL=/api/admin/tests, Has user? true, Has socket? true
[ActivityLogger] Success! Method=GET, URL=/api/admin/coding?page=1&search=&difficulty=&status=, Has user? true, Has socket? true
[ActivityLogger] Success! Method=GET, URL=/api/admin/coding?page=1&search=&difficulty=&status=, Has user? true, Has socket? true
[ActivityLogger] Success! Method=GET, URL=/api/admin/interviews/stats, Has user? true, Has socket? true
[ActivityLogger] Success! Method=GET, URL=/api/admin/interviews?page=1&search=&status=&experience=&limit=10, Has user? true, Has socket? true
[ActivityLogger] Success! Method=GET, URL=/api/admin/interviews/stats, Has user? true, Has socket? true
[ActivityLogger] Success! Method=GET, URL=/api/admin/interviews?page=1&search=&status=&experience=&limit=10, Has user? true, Has socket? true
[ActivityLogger] Success! Method=GET, URL=/api/admin/users?page=1&limit=10&search=&role=&verified=&blocked=&sort=newest, Has user? true, Has socket? true
[ActivityLogger] Success! Method=GET, URL=/api/admin/users/stats, Has user? true, Has socket? true
[ActivityLogger] Success! Method=GET, URL=/api/admin/users?page=1&limit=10&search=&role=&verified=&blocked=&sort=newest, Has user? true, Has socket? true
[ActivityLogger] Success! Method=GET, URL=/api/admin/users/stats, Has user? true, Has socket? true
[ActivityLogger] Success! Method=GET, URL=/api/admin/questions/topics, Has user? true, Has socket? true
[ActivityLogger] Success! Method=GET, URL=/api/admin/questions/companies, Has user? true, Has socket? true
[ActivityLogger] Success! Method=GET, URL=/api/admin/questions/topics, Has user? true, Has socket? true
[ActivityLogger] Success! Method=GET, URL=/api/admin/questions/companies, Has user? true, Has socket? true
[ActivityLogger] Success! Method=GET, URL=/api/admin/questions?search=&topic=&company=&difficulty=&page=1, Has user? true, Has socket? true
[ActivityLogger] Success! Method=GET, URL=/api/admin/questions?search=&topic=&company=&difficulty=&page=1, Has user? true, Has socket? true
[ActivityLogger] Success! Method=GET, URL=/api/admin/questions/topics, Has user? true, Has socket? true
[ActivityLogger] Success! Method=GET, URL=/api/admin/questions/topics, Has user? true, Has socket? true
[ActivityLogger] Success! Method=GET, URL=/api/admin/auth/dashboard, Has user? true, Has socket? true
[ActivityLogger] Success! Method=GET, URL=/api/admin/auth/dashboard, Has user? true, Has socket? true
[ActivityLogger] Success! Method=GET, URL=/api/admin/users?page=1&limit=10&search=&role=&verified=&blocked=&sort=newest, Has user? true, Has socket? true
[ActivityLogger] Success! Method=GET, URL=/api/admin/users/stats, Has user? true, Has socket? true
[ActivityLogger] Success! Method=GET, URL=/api/admin/users?page=1&limit=10&search=&role=&verified=&blocked=&sort=newest, Has user? true, Has socket? true
[ActivityLogger] Success! Method=GET, URL=/api/admin/users/stats, Has user? true, Has socket? true
[ActivityLogger] Success! Method=GET, URL=/api/admin/auth/dashboard, Has user? true, Has socket? true
[ActivityLogger] Success! Method=GET, URL=/api/admin/auth/dashboard, Has user? true, Has socket? true
[ActivityLogger] Success! Method=GET, URL=/api/admin/users?page=1&limit=10&search=&role=&verified=&blocked=&sort=newest, Has user? true, Has socket? true
[ActivityLogger] Success! Method=GET, URL=/api/admin/users/stats, Has user? true, Has socket? true
[ActivityLogger] Success! Method=GET, URL=/api/admin/users?page=1&limit=10&search=&role=&verified=&blocked=&sort=newest, Has user? true, Has socket? true
[ActivityLogger] Success! Method=GET, URL=/api/admin/users/stats, Has user? true, Has socket? true
[ActivityLogger] Success! Method=GET, URL=/api/admin/interviews/stats, Has user? true, Has socket? true
[ActivityLogger] Success! Method=GET, URL=/api/admin/interviews/stats, Has user? true, Has socket? true
[ActivityLogger] Success! Method=GET, URL=/api/admin/interviews?page=1&search=&status=&experience=&limit=10, Has user? true, Has socket? true
[ActivityLogger] Success! Method=GET, URL=/api/admin/coding?page=1&search=&difficulty=&status=, Has user? true, Has socket? true
[ActivityLogger] Success! Method=GET, URL=/api/admin/coding?page=1&search=&difficulty=&status=, Has user? true, Has socket? true
[ActivityLogger] Success! Method=GET, URL=/api/admin/tests, Has user? true, Has socket? true
[ActivityLogger] Success! Method=GET, URL=/api/admin/interviews?page=1&search=&status=&experience=&limit=10, Has user? true, Has socket? true
[ActivityLogger] Success! Method=GET, URL=/api/admin/tests, Has user? true, Has socket? true
[ActivityLogger] Success! Method=GET, URL=/api/admin/rewards/dashboard, Has user? true, Has socket? true
[ActivityLogger] Success! Method=GET, URL=/api/admin/rewards/dashboard, Has user? true, Has socket? true
[ActivityLogger] Success! Method=GET, URL=/api/admin/auth/dashboard, Has user? true, Has socket? true
[ActivityLogger] Success! Method=GET, URL=/api/admin/auth/dashboard, Has user? true, Has socket? true
[ActivityLogger] Success! Method=GET, URL=/api/admin/users?page=1&limit=10&search=&role=&verified=&blocked=&sort=newest, Has user? true, Has socket? true
[ActivityLogger] Success! Method=GET, URL=/api/admin/users/stats, Has user? true, Has socket? true
[ActivityLogger] Success! Method=GET, URL=/api/admin/users?page=1&limit=10&search=&role=&verified=&blocked=&sort=newest, Has user? true, Has socket? true
[ActivityLogger] Success! Method=GET, URL=/api/admin/users/stats, Has user? true, Has socket? true
[ActivityLogger] Success! Method=GET, URL=/api/admin/interviews/stats, Has user? true, Has socket? true
[ActivityLogger] Success! Method=GET, URL=/api/admin/interviews?page=1&search=&status=&experience=&limit=10, Has user? true, Has socket? true
[ActivityLogger] Success! Method=GET, URL=/api/admin/interviews/stats, Has user? true, Has socket? true
[ActivityLogger] Success! Method=GET, URL=/api/admin/interviews?page=1&search=&status=&experience=&limit=10, Has user? true, Has socket? true
[ActivityLogger] Success! Method=GET, URL=/api/admin/users?page=1&limit=10&search=&role=&verified=&blocked=&sort=newest, Has user? true, Has socket? true
[ActivityLogger] Success! Method=GET, URL=/api/admin/users/stats, Has user? true, Has socket? true
[ActivityLogger] Success! Method=GET, URL=/api/admin/users?page=1&limit=10&search=&role=&verified=&blocked=&sort=newest, Has user? true, Has socket? true
[ActivityLogger] Success! Method=GET, URL=/api/admin/users/stats, Has user? true, Has socket? true
[ActivityLogger] Success! Method=GET, URL=/api/admin/tests, Has user? true, Has socket? true
[ActivityLogger] Success! Method=GET, URL=/api/admin/tests, Has user? true, Has socket? true
[ActivityLogger] Success! Method=GET, URL=/api/admin/coding?page=1&search=&difficulty=&status=, Has user? true, Has socket? true
[ActivityLogger] Success! Method=GET, URL=/api/admin/coding?page=1&search=&difficulty=&status=, Has user? true, Has socket? true
[ActivityLogger] Success! Method=GET, URL=/api/admin/interviews/stats, Has user? true, Has socket? true
[ActivityLogger] Success! Method=GET, URL=/api/admin/interviews?page=1&search=&status=&experience=&limit=10, Has user? true, Has socket? true
[ActivityLogger] Success! Method=GET, URL=/api/admin/interviews/stats, Has user? true, Has socket? true
[ActivityLogger] Success! Method=GET, URL=/api/admin/interviews?page=1&search=&status=&experience=&limit=10, Has user? true, Has socket? true
[ActivityLogger] Success! Method=GET, URL=/api/admin/users?page=1&limit=10&search=&role=&verified=&blocked=&sort=newest, Has user? true, Has socket? true
[ActivityLogger] Success! Method=GET, URL=/api/admin/users/stats, Has user? true, Has socket? true
[ActivityLogger] Success! Method=GET, URL=/api/admin/users?page=1&limit=10&search=&role=&verified=&blocked=&sort=newest, Has user? true, Has socket? true
[ActivityLogger] Success! Method=GET, URL=/api/admin/users/stats, Has user? true, Has socket? true
[ActivityLogger] Success! Method=GET, URL=/api/admin/auth/dashboard, Has user? true, Has socket? true
[ActivityLogger] Success! Method=GET, URL=/api/admin/auth/dashboard, Has user? true, Has socket? true
[ActivityLogger] Success! Method=GET, URL=/api/admin/users?page=1&limit=10&search=&role=&verified=&blocked=&sort=newest, Has user? true, Has socket? true
[ActivityLogger] Success! Method=GET, URL=/api/admin/users/stats, Has user? true, Has socket? true
[ActivityLogger] Success! Method=GET, URL=/api/admin/users?page=1&limit=10&search=&role=&verified=&blocked=&sort=newest, Has user? true, Has socket? true
[ActivityLogger] Success! Method=GET, URL=/api/admin/users/stats, Has user? true, Has socket? true
[ActivityLogger] Success! Method=GET, URL=/api/admin/interviews/stats, Has user? true, Has socket? true
[ActivityLogger] Success! Method=GET, URL=/api/admin/interviews/stats, Has user? true, Has socket? true
[ActivityLogger] Success! Method=GET, URL=/api/admin/interviews?page=1&search=&status=&experience=&limit=10, Has user? true, Has socket? true
[ActivityLogger] Success! Method=GET, URL=/api/admin/interviews?page=1&search=&status=&experience=&limit=10, Has user? true, Has socket? true
[ActivityLogger] Success! Method=GET, URL=/api/admin/auth/dashboard, Has user? true, Has socket? true
[ActivityLogger] Success! Method=GET, URL=/api/admin/auth/dashboard, Has user? true, Has socket? true
[ActivityLogger] Success! Method=GET, URL=/api/admin/users?page=1&limit=10&search=&role=&verified=&blocked=&sort=newest, Has user? true, Has socket? true
[ActivityLogger] Success! Method=GET, URL=/api/admin/users/stats, Has user? true, Has socket? true
[ActivityLogger] Success! Method=GET, URL=/api/admin/users?page=1&limit=10&search=&role=&verified=&blocked=&sort=newest, Has user? true, Has socket? true
[ActivityLogger] Success! Method=GET, URL=/api/admin/users/stats, Has user? true, Has socket? true
[ActivityLogger] Success! Method=GET, URL=/api/admin/interviews/stats, Has user? true, Has socket? true
[ActivityLogger] Success! Method=GET, URL=/api/admin/interviews?page=1&search=&status=&experience=&limit=10, Has user? true, Has socket? true
[ActivityLogger] Success! Method=GET, URL=/api/admin/interviews/stats, Has user? true, Has socket? true
[ActivityLogger] Success! Method=GET, URL=/api/admin/interviews?page=1&search=&status=&experience=&limit=10, Has user? true, Has socket? true
[ActivityLogger] Success! Method=GET, URL=/api/admin/coding?page=1&search=&difficulty=&status=, Has user? true, Has socket? true
[ActivityLogger] Success! Method=GET, URL=/api/admin/coding?page=1&search=&difficulty=&status=, Has user? true, Has socket? true
[ActivityLogger] Success! Method=GET, URL=/api/admin/tests, Has user? true, Has socket? true
[ActivityLogger] Success! Method=GET, URL=/api/admin/tests, Has user? true, Has socket? true
[ActivityLogger] Success! Method=GET, URL=/api/admin/coding?page=1&search=&difficulty=&status=, Has user? true, Has socket? true
[ActivityLogger] Success! Method=GET, URL=/api/admin/coding?page=1&search=&difficulty=&status=, Has user? true, Has socket? true
[ActivityLogger] Success! Method=GET, URL=/api/admin/interviews/stats, Has user? true, Has socket? true
[ActivityLogger] Success! Method=GET, URL=/api/admin/interviews/stats, Has user? true, Has socket? true
[ActivityLogger] Success! Method=GET, URL=/api/admin/interviews?page=1&search=&status=&experience=&limit=10, Has user? true, Has socket? true
[ActivityLogger] Success! Method=GET, URL=/api/admin/interviews?page=1&search=&status=&experience=&limit=10, Has user? true, Has socket? true
[ActivityLogger] Success! Method=GET, URL=/api/admin/users?page=1&limit=10&search=&role=&verified=&blocked=&sort=newest, Has user? true, Has socket? true
[ActivityLogger] Success! Method=GET, URL=/api/admin/users/stats, Has user? true, Has socket? true
[ActivityLogger] Success! Method=GET, URL=/api/admin/users?page=1&limit=10&search=&role=&verified=&blocked=&sort=newest, Has user? true, Has socket? true
[ActivityLogger] Success! Method=GET, URL=/api/admin/users/stats, Has user? true, Has socket? true
[ActivityLogger] Success! Method=GET, URL=/api/admin/auth/dashboard, Has user? true, Has socket? true
[ActivityLogger] Success! Method=GET, URL=/api/admin/auth/dashboard, Has user? true, Has socket? true
[ActivityLogger] Success! Method=GET, URL=/api/admin/users?page=1&limit=10&search=&role=&verified=&blocked=&sort=newest, Has user? true, Has socket? true
[ActivityLogger] Success! Method=GET, URL=/api/admin/users/stats, Has user? true, Has socket? true
[ActivityLogger] Success! Method=GET, URL=/api/admin/users?page=1&limit=10&search=&role=&verified=&blocked=&sort=newest, Has user? true, Has socket? true
[ActivityLogger] Success! Method=GET, URL=/api/admin/users/stats, Has user? true, Has socket? true
[ActivityLogger] Success! Method=GET, URL=/api/admin/auth/dashboard, Has user? true, Has socket? true
[ActivityLogger] Success! Method=GET, URL=/api/admin/auth/dashboard, Has user? true, Has socket? true
[ActivityLogger] Success! Method=GET, URL=/api/admin/interviews/stats, Has user? true, Has socket? true
[ActivityLogger] Success! Method=GET, URL=/api/admin/interviews?page=1&search=&status=&experience=&limit=10, Has user? true, Has socket? true
[ActivityLogger] Success! Method=GET, URL=/api/admin/interviews/stats, Has user? true, Has socket? true
[ActivityLogger] Success! Method=GET, URL=/api/admin/interviews?page=1&search=&status=&experience=&limit=10, Has user? true, Has socket? true
[ActivityLogger] Success! Method=GET, URL=/api/admin/users?page=1&limit=10&search=&role=&verified=&blocked=&sort=newest, Has user? true, Has socket? true
[ActivityLogger] Success! Method=GET, URL=/api/admin/users/stats, Has user? true, Has socket? true
[ActivityLogger] Success! Method=GET, URL=/api/admin/users?page=1&limit=10&search=&role=&verified=&blocked=&sort=newest, Has user? true, Has socket? true
[ActivityLogger] Success! Method=GET, URL=/api/admin/users/stats, Has user? true, Has socket? true
[ActivityLogger] Success! Method=GET, URL=/api/admin/interviews/stats, Has user? true, Has socket? true
[ActivityLogger] Success! Method=GET, URL=/api/admin/interviews?page=1&search=&status=&experience=&limit=10, Has user? true, Has socket? true
[ActivityLogger] Success! Method=GET, URL=/api/admin/interviews/stats, Has user? true, Has socket? true
[ActivityLogger] Success! Method=GET, URL=/api/admin/interviews?page=1&search=&status=&experience=&limit=10, Has user? true, Has socket? true
[ActivityLogger] Success! Method=GET, URL=/api/admin/contests, Has user? true, Has socket? true
[ActivityLogger] Success! Method=GET, URL=/api/admin/contests, Has user? true, Has socket? true
[ActivityLogger] Success! Method=GET, URL=/api/admin/questions/companies, Has user? true, Has socket? true
[ActivityLogger] Success! Method=GET, URL=/api/admin/questions/companies, Has user? true, Has socket? true
[ActivityLogger] Success! Method=GET, URL=/api/admin/contests, Has user? true, Has socket? true
[ActivityLogger] Success! Method=GET, URL=/api/admin/contests, Has user? true, Has socket? true
[ActivityLogger] Success! Method=GET, URL=/api/admin/community/dashboard, Has user? true, Has socket? true
[ActivityLogger] Success! Method=GET, URL=/api/admin/community/dashboard, Has user? true, Has socket? true
[ActivityLogger] Success! Method=GET, URL=/api/admin/rewards/dashboard, Has user? true, Has socket? true
[ActivityLogger] Success! Method=GET, URL=/api/admin/rewards/dashboard, Has user? true, Has socket? true
[ActivityLogger] Success! Method=GET, URL=/api/admin/badges, Has user? true, Has socket? true
[ActivityLogger] Success! Method=GET, URL=/api/admin/badges, Has user? true, Has socket? true
[ActivityLogger] Success! Method=GET, URL=/api/admin/achievement?page=1&limit=10&search=&category=&status=, Has user? true, Has socket? true
[ActivityLogger] Success! Method=GET, URL=/api/admin/analytics/resume, Has user? true, Has socket? true
[ActivityLogger] Success! Method=GET, URL=/api/admin/analytics/resume, Has user? true, Has socket? true
[ActivityLogger] Success! Method=GET, URL=/api/admin/analytics/coding, Has user? true, Has socket? true
[ActivityLogger] Success! Method=GET, URL=/api/admin/analytics/users, Has user? true, Has socket? true
[ActivityLogger] Success! Method=GET, URL=/api/admin/analytics/interviews, Has user? true, Has socket? true
[ActivityLogger] Success! Method=GET, URL=/api/admin/analytics/coding, Has user? true, Has socket? true
[ActivityLogger] Success! Method=GET, URL=/api/admin/analytics/dashboard, Has user? true, Has socket? true
[ActivityLogger] Success! Method=GET, URL=/api/admin/analytics/users, Has user? true, Has socket? true
[ActivityLogger] Success! Method=GET, URL=/api/admin/analytics/interviews, Has user? true, Has socket? true
[ActivityLogger] Success! Method=GET, URL=/api/admin/analytics/dashboard, Has user? true, Has socket? true
[ActivityLogger] Success! Method=GET, URL=/api/admin/users?page=1&limit=10&search=&role=&verified=&blocked=&sort=newest, Has user? true, Has socket? true
[ActivityLogger] Success! Method=GET, URL=/api/admin/users/stats, Has user? true, Has socket? true
[ActivityLogger] Success! Method=GET, URL=/api/admin/users?page=1&limit=10&search=&role=&verified=&blocked=&sort=newest, Has user? true, Has socket? true
[ActivityLogger] Success! Method=GET, URL=/api/admin/users/stats, Has user? true, Has socket? true
[ActivityLogger] Success! Method=GET, URL=/api/admin/auth/dashboard, Has user? true, Has socket? true
[ActivityLogger] Success! Method=GET, URL=/api/admin/auth/dashboard, Has user? true, Has socket? true
[ActivityLogger] Success! Method=GET, URL=/api/admin/users?page=1&limit=10&search=&role=&verified=&blocked=&sort=newest, Has user? true, Has socket? true
[ActivityLogger] Success! Method=GET, URL=/api/admin/users/stats, Has user? true, Has socket? true
[ActivityLogger] Success! Method=GET, URL=/api/admin/users?page=1&limit=10&search=&role=&verified=&blocked=&sort=newest, Has user? true, Has socket? true
[ActivityLogger] Success! Method=GET, URL=/api/admin/users/stats, Has user? true, Has socket? true
[ActivityLogger] Success! Method=GET, URL=/api/admin/auth/dashboard, Has user? true, Has socket? true
[ActivityLogger] Success! Method=GET, URL=/api/admin/auth/dashboard, Has user? true, Has socket? true
[ActivityLogger] Success! Method=GET, URL=/api/admin/users?page=1&limit=10&search=&role=&verified=&blocked=&sort=newest, Has user? true, Has socket? true
[ActivityLogger] Success! Method=GET, URL=/api/admin/users/stats, Has user? true, Has socket? true
[ActivityLogger] Success! Method=GET, URL=/api/admin/users?page=1&limit=10&search=&role=&verified=&blocked=&sort=newest, Has user? true, Has socket? true
[ActivityLogger] Success! Method=GET, URL=/api/admin/users/stats, Has user? true, Has socket? true
[ActivityLogger] Success! Method=GET, URL=/api/admin/interviews/stats, Has user? true, Has socket? true
[ActivityLogger] Success! Method=GET, URL=/api/admin/interviews?page=1&search=&status=&experience=&limit=10, Has user? true, Has socket? true
[ActivityLogger] Success! Method=GET, URL=/api/admin/interviews/stats, Has user? true, Has socket? true
[ActivityLogger] Success! Method=GET, URL=/api/admin/interviews?page=1&search=&status=&experience=&limit=10, Has user? true, Has socket? true
[ActivityLogger] Success! Method=GET, URL=/api/admin/auth/dashboard, Has user? true, Has socket? true
[ActivityLogger] Success! Method=GET, URL=/api/admin/auth/dashboard, Has user? true, Has socket? true
[ActivityLogger] Success! Method=GET, URL=/api/admin/users?page=1&limit=10&search=&role=&verified=&blocked=&sort=newest, Has user? true, Has socket? true
[ActivityLogger] Success! Method=GET, URL=/api/admin/users/stats, Has user? true, Has socket? true
[ActivityLogger] Success! Method=GET, URL=/api/admin/users?page=1&limit=10&search=&role=&verified=&blocked=&sort=newest, Has user? true, Has socket? true
[ActivityLogger] Success! Method=GET, URL=/api/admin/users/stats, Has user? true, Has socket? true
[ActivityLogger] Success! Method=GET, URL=/api/admin/interviews/stats, Has user? true, Has socket? true
[ActivityLogger] Success! Method=GET, URL=/api/admin/interviews?page=1&search=&status=&experience=&limit=10, Has user? true, Has socket? true
[ActivityLogger] Success! Method=GET, URL=/api/admin/interviews/stats, Has user? true, Has socket? true
[ActivityLogger] Success! Method=GET, URL=/api/admin/interviews?page=1&search=&status=&experience=&limit=10, Has user? true, Has socket? true
[ActivityLogger] Success! Method=GET, URL=/api/admin/coding?page=1&search=&difficulty=&status=, Has user? true, Has socket? true
[ActivityLogger] Success! Method=GET, URL=/api/admin/coding?page=1&search=&difficulty=&status=, Has user? true, Has socket? true
[ActivityLogger] Success! Method=GET, URL=/api/admin/interviews/stats, Has user? true, Has socket? true
[ActivityLogger] Success! Method=GET, URL=/api/admin/interviews?page=1&search=&status=&experience=&limit=10, Has user? true, Has socket? true
[ActivityLogger] Success! Method=GET, URL=/api/admin/interviews/stats, Has user? true, Has socket? true
[ActivityLogger] Success! Method=GET, URL=/api/admin/interviews?page=1&search=&status=&experience=&limit=10, Has user? true, Has socket? true
[ActivityLogger] Success! Method=GET, URL=/api/admin/users?page=1&limit=10&search=&role=&verified=&blocked=&sort=newest, Has user? true, Has socket? true
[ActivityLogger] Success! Method=GET, URL=/api/admin/users/stats, Has user? true, Has socket? true
[ActivityLogger] Success! Method=GET, URL=/api/admin/users?page=1&limit=10&search=&role=&verified=&blocked=&sort=newest, Has user? true, Has socket? true
[ActivityLogger] Success! Method=GET, URL=/api/admin/users/stats, Has user? true, Has socket? true
[ActivityLogger] Success! Method=GET, URL=/api/admin/auth/dashboard, Has user? true, Has socket? true
[ActivityLogger] Success! Method=GET, URL=/api/admin/auth/dashboard, Has user? true, Has socket? true
[ActivityLogger] Success! Method=GET, URL=/api/admin/users?page=1&limit=10&search=&role=&verified=&blocked=&sort=newest, Has user? true, Has socket? true
[ActivityLogger] Success! Method=GET, URL=/api/admin/users/stats, Has user? true, Has socket? true
[ActivityLogger] Success! Method=GET, URL=/api/admin/users?page=1&limit=10&search=&role=&verified=&blocked=&sort=newest, Has user? true, Has socket? true
[ActivityLogger] Success! Method=GET, URL=/api/admin/users/stats, Has user? true, Has socket? true
[ActivityLogger] Success! Method=GET, URL=/api/admin/interviews/stats, Has user? true, Has socket? true
[ActivityLogger] Success! Method=GET, URL=/api/admin/interviews?page=1&search=&status=&experience=&limit=10, Has user? true, Has socket? true
[ActivityLogger] Success! Method=GET, URL=/api/admin/interviews/stats, Has user? true, Has socket? true
[ActivityLogger] Success! Method=GET, URL=/api/admin/interviews?page=1&search=&status=&experience=&limit=10, Has user? true, Has socket? true
[ActivityLogger] Success! Method=GET, URL=/api/admin/auth/dashboard, Has user? true, Has socket? true
[ActivityLogger] Success! Method=GET, URL=/api/admin/auth/dashboard, Has user? true, Has socket? true
[ActivityLogger] Success! Method=GET, URL=/api/admin/users?page=1&limit=10&search=&role=&verified=&blocked=&sort=newest, Has user? true, Has socket? true
[ActivityLogger] Success! Method=GET, URL=/api/admin/users/stats, Has user? true, Has socket? true
[ActivityLogger] Success! Method=GET, URL=/api/admin/users?page=1&limit=10&search=&role=&verified=&blocked=&sort=newest, Has user? true, Has socket? true
[ActivityLogger] Success! Method=GET, URL=/api/admin/users/stats, Has user? true, Has socket? true
[ActivityLogger] Success! Method=GET, URL=/api/admin/interviews/stats, Has user? true, Has socket? true
[ActivityLogger] Success! Method=GET, URL=/api/admin/interviews?page=1&search=&status=&experience=&limit=10, Has user? true, Has socket? true
[ActivityLogger] Success! Method=GET, URL=/api/admin/interviews/stats, Has user? true, Has socket? true
[ActivityLogger] Success! Method=GET, URL=/api/admin/interviews?page=1&search=&status=&experience=&limit=10, Has user? true, Has socket? true
[ActivityLogger] Success! Method=POST, URL=/api/admin/auth/login, Has user? false, Has socket? true
[ActivityLogger] Success! Method=GET, URL=/api/admin/auth/dashboard, Has user? true, Has socket? true
[ActivityLogger] Success! Method=GET, URL=/api/admin/auth/dashboard, Has user? true, Has socket? true
[ActivityLogger] Success! Method=GET, URL=/api/admin/auth/me, Has user? true, Has socket? true
[ActivityLogger] Success! Method=GET, URL=/api/admin/auth/me, Has user? true, Has socket? true
[ActivityLogger] Success! Method=GET, URL=/api/analytics/rewards, Has user? true, Has socket? true
[ActivityLogger] Success! Method=GET, URL=/api/users/profile, Has user? true, Has socket? true
[ActivityLogger] Success! Method=GET, URL=/api/users/profile, Has user? true, Has socket? true
[ActivityLogger] Success! Method=GET, URL=/api/analytics/rewards, Has user? true, Has socket? true
[ActivityLogger] Success! Method=GET, URL=/api/analytics/me, Has user? true, Has socket? true
[ActivityLogger] Success! Method=GET, URL=/api/analytics/me, Has user? true, Has socket? true
[ActivityLogger] Success! Method=GET, URL=/api/admin/users?page=1&limit=10&search=&role=&verified=&blocked=&sort=newest, Has user? true, Has socket? true
[ActivityLogger] Success! Method=GET, URL=/api/admin/users/stats, Has user? true, Has socket? true
[ActivityLogger] Success! Method=GET, URL=/api/admin/users?page=1&limit=10&search=&role=&verified=&blocked=&sort=newest, Has user? true, Has socket? true
[ActivityLogger] Success! Method=GET, URL=/api/admin/users/stats, Has user? true, Has socket? true
[ActivityLogger] Success! Method=GET, URL=/api/admin/auth/dashboard, Has user? true, Has socket? true
[ActivityLogger] Success! Method=GET, URL=/api/admin/auth/dashboard, Has user? true, Has socket? true
[ActivityLogger] Success! Method=GET, URL=/api/admin/users?page=1&limit=10&search=&role=&verified=&blocked=&sort=newest, Has user? true, Has socket? true
[ActivityLogger] Success! Method=GET, URL=/api/admin/users/stats, Has user? true, Has socket? true
[ActivityLogger] Success! Method=GET, URL=/api/admin/users?page=1&limit=10&search=&role=&verified=&blocked=&sort=newest, Has user? true, Has socket? true
[ActivityLogger] Success! Method=GET, URL=/api/admin/users/stats, Has user? true, Has socket? true
[ActivityLogger] Success! Method=GET, URL=/api/admin/interviews/stats, Has user? true, Has socket? true
[ActivityLogger] Success! Method=GET, URL=/api/admin/interviews?page=1&search=&status=&experience=&limit=10, Has user? true, Has socket? true
[ActivityLogger] Success! Method=GET, URL=/api/admin/interviews/stats, Has user? true, Has socket? true
[ActivityLogger] Success! Method=GET, URL=/api/admin/interviews?page=1&search=&status=&experience=&limit=10, Has user? true, Has socket? true
[ActivityLogger] Success! Method=GET, URL=/api/admin/users?page=1&limit=10&search=&role=&verified=&blocked=&sort=newest, Has user? true, Has socket? true
[ActivityLogger] Success! Method=GET, URL=/api/admin/users/stats, Has user? true, Has socket? true
[ActivityLogger] Success! Method=GET, URL=/api/admin/users?page=1&limit=10&search=&role=&verified=&blocked=&sort=newest, Has user? true, Has socket? true
[ActivityLogger] Success! Method=GET, URL=/api/admin/users/stats, Has user? true, Has socket? true
[ActivityLogger] Success! Method=GET, URL=/api/admin/users/6a572844ac6b8742a2635341, Has user? true, Has socket? true
[ActivityLogger] Success! Method=GET, URL=/api/admin/users/6a572844ac6b8742a2635341, Has user? true, Has socket? true
[ActivityLogger] Success! Method=GET, URL=/api/admin/users?page=1&limit=10&search=&role=&verified=&blocked=&sort=newest, Has user? true, Has socket? true
[ActivityLogger] Success! Method=GET, URL=/api/admin/users/stats, Has user? true, Has socket? true
[ActivityLogger] Success! Method=GET, URL=/api/admin/users?page=1&limit=10&search=&role=&verified=&blocked=&sort=newest, Has user? true, Has socket? true
[ActivityLogger] Success! Method=GET, URL=/api/admin/users/stats, Has user? true, Has socket? true
[ActivityLogger] Success! Method=GET, URL=/api/admin/users/6a703e8f46e22fbb4d61ab41, Has user? true, Has socket? true
[ActivityLogger] Success! Method=GET, URL=/api/admin/users/6a703e8f46e22fbb4d61ab41, Has user? true, Has socket? true
[ActivityLogger] Success! Method=GET, URL=/api/admin/users?page=1&limit=10&search=&role=&verified=&blocked=&sort=newest, Has user? true, Has socket? true
[ActivityLogger] Success! Method=GET, URL=/api/admin/users/stats, Has user? true, Has socket? true
[ActivityLogger] Success! Method=GET, URL=/api/admin/users?page=1&limit=10&search=&role=&verified=&blocked=&sort=newest, Has user? true, Has socket? true
[ActivityLogger] Success! Method=GET, URL=/api/admin/users/stats, Has user? true, Has socket? true
[ActivityLogger] Success! Method=GET, URL=/api/admin/auth/dashboard, Has user? true, Has socket? true
[ActivityLogger] Success! Method=GET, URL=/api/admin/auth/dashboard, Has user? true, Has socket? true
[ActivityLogger] Success! Method=GET, URL=/api/admin/users?page=1&limit=10&search=&role=&verified=&blocked=&sort=newest, Has user? true, Has socket? true
[ActivityLogger] Success! Method=GET, URL=/api/admin/users/stats, Has user? true, Has socket? true
[ActivityLogger] Success! Method=GET, URL=/api/admin/users?page=1&limit=10&search=&role=&verified=&blocked=&sort=newest, Has user? true, Has socket? true
[ActivityLogger] Success! Method=GET, URL=/api/admin/users/stats, Has user? true, Has socket? true
[ActivityLogger] Success! Method=GET, URL=/api/admin/auth/dashboard, Has user? true, Has socket? true
[ActivityLogger] Success! Method=GET, URL=/api/admin/auth/dashboard, Has user? true, Has socket? true
[ActivityLogger] Success! Method=GET, URL=/api/admin/users?page=1&limit=10&search=&role=&verified=&blocked=&sort=newest, Has user? true, Has socket? true
[ActivityLogger] Success! Method=GET, URL=/api/admin/users/stats, Has user? true, Has socket? true
[ActivityLogger] Success! Method=GET, URL=/api/admin/users?page=1&limit=10&search=&role=&verified=&blocked=&sort=newest, Has user? true, Has socket? true
[ActivityLogger] Success! Method=GET, URL=/api/admin/users/stats, Has user? true, Has socket? true
[ActivityLogger] Success! Method=GET, URL=/api/admin/auth/dashboard, Has user? true, Has socket? true
[ActivityLogger] Success! Method=GET, URL=/api/admin/auth/dashboard, Has user? true, Has socket? true
[ActivityLogger] Success! Method=GET, URL=/api/admin/users?page=1&limit=10&search=&role=&verified=&blocked=&sort=newest, Has user? true, Has socket? true
[ActivityLogger] Success! Method=GET, URL=/api/admin/users/stats, Has user? true, Has socket? true
[ActivityLogger] Success! Method=GET, URL=/api/admin/users?page=1&limit=10&search=&role=&verified=&blocked=&sort=newest, Has user? true, Has socket? true
[ActivityLogger] Success! Method=GET, URL=/api/admin/users/stats, Has user? true, Has socket? true
[ActivityLogger] Success! Method=GET, URL=/api/admin/interviews/stats, Has user? true, Has socket? true
[ActivityLogger] Success! Method=GET, URL=/api/admin/interviews?page=1&search=&status=&experience=&limit=10, Has user? true, Has socket? true
[ActivityLogger] Success! Method=GET, URL=/api/admin/interviews/stats, Has user? true, Has socket? true
[ActivityLogger] Success! Method=GET, URL=/api/admin/interviews?page=1&search=&status=&experience=&limit=10, Has user? true, Has socket? true
[ActivityLogger] Success! Method=GET, URL=/api/admin/coding?page=1&search=&difficulty=&status=, Has user? true, Has socket? true
[ActivityLogger] Success! Method=GET, URL=/api/admin/coding?page=1&search=&difficulty=&status=, Has user? true, Has socket? true
[ActivityLogger] Success! Method=GET, URL=/api/admin/interviews/stats, Has user? true, Has socket? true
[ActivityLogger] Success! Method=GET, URL=/api/admin/interviews?page=1&search=&status=&experience=&limit=10, Has user? true, Has socket? true
[ActivityLogger] Success! Method=GET, URL=/api/admin/interviews/stats, Has user? true, Has socket? true
[ActivityLogger] Success! Method=GET, URL=/api/admin/interviews?page=1&search=&status=&experience=&limit=10, Has user? true, Has socket? true
[ActivityLogger] Success! Method=GET, URL=/api/admin/users?page=1&limit=10&search=&role=&verified=&blocked=&sort=newest, Has user? true, Has socket? true
[ActivityLogger] Success! Method=GET, URL=/api/admin/users/stats, Has user? true, Has socket? true
[ActivityLogger] Success! Method=GET, URL=/api/admin/users?page=1&limit=10&search=&role=&verified=&blocked=&sort=newest, Has user? true, Has socket? true
[ActivityLogger] Success! Method=GET, URL=/api/admin/users/stats, Has user? true, Has socket? true
[ActivityLogger] Success! Method=POST, URL=/api/admin/auth/login, Has user? false, Has socket? true
[ActivityLogger] Success! Method=GET, URL=/api/admin/auth/dashboard, Has user? true, Has socket? true
[ActivityLogger] Success! Method=GET, URL=/api/admin/auth/dashboard, Has user? true, Has socket? true
[ActivityLogger] Success! Method=GET, URL=/api/admin/coding?page=1&search=&difficulty=&status=, Has user? true, Has socket? true
[ActivityLogger] Success! Method=GET, URL=/api/admin/coding?page=1&search=&difficulty=&status=, Has user? true, Has socket? true
[ActivityLogger] Success! Method=GET, URL=/api/admin/interviews/stats, Has user? true, Has socket? true
[ActivityLogger] Success! Method=GET, URL=/api/admin/interviews?page=1&search=&status=&experience=&limit=10, Has user? true, Has socket? true
[ActivityLogger] Success! Method=GET, URL=/api/admin/interviews/stats, Has user? true, Has socket? true
[ActivityLogger] Success! Method=GET, URL=/api/admin/interviews?page=1&search=&status=&experience=&limit=10, Has user? true, Has socket? true
[ActivityLogger] Success! Method=GET, URL=/api/admin/tests, Has user? true, Has socket? true
[ActivityLogger] Success! Method=GET, URL=/api/admin/tests, Has user? true, Has socket? true
[ActivityLogger] Success! Method=GET, URL=/api/admin/questions/topics, Has user? true, Has socket? true
[ActivityLogger] Success! Method=GET, URL=/api/admin/questions/topics, Has user? true, Has socket? true
[ActivityLogger] Success! Method=GET, URL=/api/admin/questions/topics, Has user? true, Has socket? true
[ActivityLogger] Success! Method=GET, URL=/api/admin/questions/companies, Has user? true, Has socket? true
[ActivityLogger] Success! Method=GET, URL=/api/admin/questions/topics, Has user? true, Has socket? true
[ActivityLogger] Success! Method=GET, URL=/api/admin/questions/companies, Has user? true, Has socket? true
[ActivityLogger] Success! Method=GET, URL=/api/admin/questions?search=&topic=&company=&difficulty=&page=1, Has user? true, Has socket? true
[ActivityLogger] Success! Method=GET, URL=/api/admin/questions?search=&topic=&company=&difficulty=&page=1, Has user? true, Has socket? true
[ActivityLogger] Success! Method=GET, URL=/api/admin/questions/topics, Has user? true, Has socket? true
[ActivityLogger] Success! Method=GET, URL=/api/admin/questions/topics, Has user? true, Has socket? true
[ActivityLogger] Success! Method=GET, URL=/api/admin/questions/companies, Has user? true, Has socket? true
[ActivityLogger] Success! Method=GET, URL=/api/admin/questions/companies, Has user? true, Has socket? true
[ActivityLogger] Success! Method=GET, URL=/api/admin/questions/topics, Has user? true, Has socket? true
[ActivityLogger] Success! Method=GET, URL=/api/admin/questions/topics, Has user? true, Has socket? true
[ActivityLogger] Success! Method=GET, URL=/api/admin/achievement?page=1&limit=10&search=&category=&status=, Has user? true, Has socket? true
[ActivityLogger] Success! Method=GET, URL=/api/admin/community/dashboard, Has user? true, Has socket? true
[ActivityLogger] Success! Method=GET, URL=/api/admin/community/dashboard, Has user? true, Has socket? true
[ActivityLogger] Success! Method=GET, URL=/api/admin/achievement?page=1&limit=10&search=&category=&status=, Has user? true, Has socket? true
[ActivityLogger] Success! Method=GET, URL=/api/admin/badges, Has user? true, Has socket? true
[ActivityLogger] Success! Method=GET, URL=/api/admin/badges, Has user? true, Has socket? true
[ActivityLogger] Success! Method=GET, URL=/api/admin/rewards/dashboard, Has user? true, Has socket? true
[ActivityLogger] Success! Method=GET, URL=/api/admin/rewards/dashboard, Has user? true, Has socket? true
[ActivityLogger] Success! Method=GET, URL=/api/admin/badges, Has user? true, Has socket? true
[ActivityLogger] Success! Method=GET, URL=/api/admin/badges, Has user? true, Has socket? true
[ActivityLogger] Success! Method=GET, URL=/api/admin/analytics/resume, Has user? true, Has socket? true
[ActivityLogger] Success! Method=GET, URL=/api/admin/analytics/coding, Has user? true, Has socket? true
[ActivityLogger] Success! Method=GET, URL=/api/admin/analytics/users, Has user? true, Has socket? true
[ActivityLogger] Success! Method=GET, URL=/api/admin/analytics/resume, Has user? true, Has socket? true
[ActivityLogger] Success! Method=GET, URL=/api/admin/analytics/interviews, Has user? true, Has socket? true
[ActivityLogger] Success! Method=GET, URL=/api/admin/analytics/coding, Has user? true, Has socket? true
[ActivityLogger] Success! Method=GET, URL=/api/admin/analytics/users, Has user? true, Has socket? true
[ActivityLogger] Success! Method=GET, URL=/api/admin/analytics/dashboard, Has user? true, Has socket? true
[ActivityLogger] Success! Method=GET, URL=/api/admin/analytics/interviews, Has user? true, Has socket? true
[ActivityLogger] Success! Method=GET, URL=/api/admin/analytics/dashboard, Has user? true, Has socket? true
[ActivityLogger] Success! Method=GET, URL=/api/admin/badges, Has user? true, Has socket? true
[ActivityLogger] Success! Method=GET, URL=/api/admin/badges, Has user? true, Has socket? true
[ActivityLogger] Success! Method=GET, URL=/api/admin/analytics/resume, Has user? true, Has socket? true
[ActivityLogger] Success! Method=GET, URL=/api/admin/analytics/users, Has user? true, Has socket? true
[ActivityLogger] Success! Method=GET, URL=/api/admin/analytics/coding, Has user? true, Has socket? true
[ActivityLogger] Success! Method=GET, URL=/api/admin/analytics/resume, Has user? true, Has socket? true
[ActivityLogger] Success! Method=GET, URL=/api/admin/analytics/interviews, Has user? true, Has socket? true
[ActivityLogger] Success! Method=GET, URL=/api/admin/analytics/users, Has user? true, Has socket? true
[ActivityLogger] Success! Method=GET, URL=/api/admin/analytics/coding, Has user? true, Has socket? true
[ActivityLogger] Success! Method=GET, URL=/api/admin/analytics/dashboard, Has user? true, Has socket? true
[ActivityLogger] Success! Method=GET, URL=/api/admin/analytics/interviews, Has user? true, Has socket? true
[ActivityLogger] Success! Method=GET, URL=/api/admin/analytics/dashboard, Has user? true, Has socket? true
[ActivityLogger] Success! Method=GET, URL=/api/admin/badges, Has user? true, Has socket? true
[ActivityLogger] Success! Method=GET, URL=/api/admin/badges, Has user? true, Has socket? true
[ActivityLogger] Success! Method=GET, URL=/api/admin/rewards/dashboard, Has user? true, Has socket? true
[ActivityLogger] Success! Method=GET, URL=/api/admin/rewards/dashboard, Has user? true, Has socket? true
[ActivityLogger] Success! Method=GET, URL=/api/admin/achievement?page=1&limit=10&search=&category=&status=, Has user? true, Has socket? true
[ActivityLogger] Success! Method=GET, URL=/api/admin/community/dashboard, Has user? true, Has socket? true
[ActivityLogger] Success! Method=GET, URL=/api/admin/community/dashboard, Has user? true, Has socket? true
[ActivityLogger] Success! Method=GET, URL=/api/admin/contests, Has user? true, Has socket? true
[ActivityLogger] Success! Method=GET, URL=/api/admin/contests, Has user? true, Has socket? true
[ActivityLogger] Success! Method=GET, URL=/api/admin/contests/6a562903cf65e6b2b31b15b3, Has user? true, Has socket? true
[ActivityLogger] Success! Method=GET, URL=/api/admin/contests/6a562903cf65e6b2b31b15b3, Has user? true, Has socket? true
[ActivityLogger] Success! Method=GET, URL=/api/admin/contests, Has user? true, Has socket? true
[ActivityLogger] Success! Method=GET, URL=/api/admin/contests, Has user? true, Has socket? true
[ActivityLogger] Success! Method=GET, URL=/api/admin/questions/companies, Has user? true, Has socket? true
[ActivityLogger] Success! Method=GET, URL=/api/admin/questions/companies, Has user? true, Has socket? true
[ActivityLogger] Success! Method=GET, URL=/api/admin/questions/topics, Has user? true, Has socket? true
[ActivityLogger] Success! Method=GET, URL=/api/admin/questions/topics, Has user? true, Has socket? true
[ActivityLogger] Success! Method=GET, URL=/api/admin/questions/topics, Has user? true, Has socket? true
[ActivityLogger] Success! Method=GET, URL=/api/admin/questions/companies, Has user? true, Has socket? true
[ActivityLogger] Success! Method=GET, URL=/api/admin/questions?search=&topic=&company=&difficulty=&page=1, Has user? true, Has socket? true
[ActivityLogger] Success! Method=GET, URL=/api/admin/questions/companies, Has user? true, Has socket? true
[ActivityLogger] Success! Method=GET, URL=/api/admin/questions/topics, Has user? true, Has socket? true
[ActivityLogger] Success! Method=GET, URL=/api/admin/questions?search=&topic=&company=&difficulty=&page=1, Has user? true, Has socket? true
[ActivityLogger] Success! Method=GET, URL=/api/admin/tests, Has user? true, Has socket? true
[ActivityLogger] Success! Method=GET, URL=/api/admin/tests, Has user? true, Has socket? true
[ActivityLogger] Success! Method=GET, URL=/api/admin/coding?page=1&search=&difficulty=&status=, Has user? true, Has socket? true
[ActivityLogger] Success! Method=GET, URL=/api/admin/coding?page=1&search=&difficulty=&status=, Has user? true, Has socket? true
[ActivityLogger] Success! Method=GET, URL=/api/admin/interviews/stats, Has user? true, Has socket? true
[ActivityLogger] Success! Method=GET, URL=/api/admin/interviews?page=1&search=&status=&experience=&limit=10, Has user? true, Has socket? true
[ActivityLogger] Success! Method=GET, URL=/api/admin/interviews/stats, Has user? true, Has socket? true
[ActivityLogger] Success! Method=GET, URL=/api/admin/interviews?page=1&search=&status=&experience=&limit=10, Has user? true, Has socket? true
[ActivityLogger] Success! Method=GET, URL=/api/admin/users?page=1&limit=10&search=&role=&verified=&blocked=&sort=newest, Has user? true, Has socket? true
[ActivityLogger] Success! Method=GET, URL=/api/admin/users/stats, Has user? true, Has socket? true
[ActivityLogger] Success! Method=GET, URL=/api/admin/users?page=1&limit=10&search=&role=&verified=&blocked=&sort=newest, Has user? true, Has socket? true
[ActivityLogger] Success! Method=GET, URL=/api/admin/users/stats, Has user? true, Has socket? true
[ActivityLogger] Success! Method=GET, URL=/api/admin/auth/dashboard, Has user? true, Has socket? true
[ActivityLogger] Success! Method=GET, URL=/api/admin/auth/dashboard, Has user? true, Has socket? true
[ActivityLogger] Success! Method=GET, URL=/api/admin/users?page=1&limit=10&search=&role=&verified=&blocked=&sort=newest, Has user? true, Has socket? true
[ActivityLogger] Success! Method=GET, URL=/api/admin/users/stats, Has user? true, Has socket? true
[ActivityLogger] Success! Method=GET, URL=/api/admin/users?page=1&limit=10&search=&role=&verified=&blocked=&sort=newest, Has user? true, Has socket? true
[ActivityLogger] Success! Method=GET, URL=/api/admin/users/stats, Has user? true, Has socket? true
[ActivityLogger] Success! Method=GET, URL=/api/admin/auth/dashboard, Has user? true, Has socket? true
[ActivityLogger] Success! Method=GET, URL=/api/admin/auth/dashboard, Has user? true, Has socket? true
[ActivityLogger] Success! Method=GET, URL=/api/admin/users?page=1&limit=10&search=&role=&verified=&blocked=&sort=newest, Has user? true, Has socket? true
[ActivityLogger] Success! Method=GET, URL=/api/admin/users/stats, Has user? true, Has socket? true
[ActivityLogger] Success! Method=GET, URL=/api/admin/users?page=1&limit=10&search=&role=&verified=&blocked=&sort=newest, Has user? true, Has socket? true
[ActivityLogger] Success! Method=GET, URL=/api/admin/users/stats, Has user? true, Has socket? true
[ActivityLogger] Success! Method=GET, URL=/api/admin/interviews/stats, Has user? true, Has socket? true
[ActivityLogger] Success! Method=GET, URL=/api/admin/interviews?page=1&search=&status=&experience=&limit=10, Has user? true, Has socket? true
[ActivityLogger] Success! Method=GET, URL=/api/admin/interviews/stats, Has user? true, Has socket? true
[ActivityLogger] Success! Method=GET, URL=/api/admin/interviews?page=1&search=&status=&experience=&limit=10, Has user? true, Has socket? true
[ActivityLogger] Success! Method=GET, URL=/api/admin/tests, Has user? true, Has socket? true
[ActivityLogger] Success! Method=GET, URL=/api/admin/tests, Has user? true, Has socket? true
[ActivityLogger] Success! Method=GET, URL=/api/admin/coding?page=1&search=&difficulty=&status=, Has user? true, Has socket? true
[ActivityLogger] Success! Method=GET, URL=/api/admin/coding?page=1&search=&difficulty=&status=, Has user? true, Has socket? true
[ActivityLogger] Success! Method=GET, URL=/api/admin/interviews/stats, Has user? true, Has socket? true
[ActivityLogger] Success! Method=GET, URL=/api/admin/interviews?page=1&search=&status=&experience=&limit=10, Has user? true, Has socket? true
[ActivityLogger] Success! Method=GET, URL=/api/admin/interviews/stats, Has user? true, Has socket? true
[ActivityLogger] Success! Method=GET, URL=/api/admin/interviews?page=1&search=&status=&experience=&limit=10, Has user? true, Has socket? true
[ActivityLogger] Success! Method=GET, URL=/api/admin/users?page=1&limit=10&search=&role=&verified=&blocked=&sort=newest, Has user? true, Has socket? true
[ActivityLogger] Success! Method=GET, URL=/api/admin/users/stats, Has user? true, Has socket? true
[ActivityLogger] Success! Method=GET, URL=/api/admin/users?page=1&limit=10&search=&role=&verified=&blocked=&sort=newest, Has user? true, Has socket? true
[ActivityLogger] Success! Method=GET, URL=/api/admin/users/stats, Has user? true, Has socket? true
[ActivityLogger] Success! Method=GET, URL=/api/admin/auth/dashboard, Has user? true, Has socket? true
[ActivityLogger] Success! Method=GET, URL=/api/admin/auth/dashboard, Has user? true, Has socket? true
[ActivityLogger] Success! Method=GET, URL=/api/admin/users?page=1&limit=10&search=&role=&verified=&blocked=&sort=newest, Has user? true, Has socket? true
[ActivityLogger] Success! Method=GET, URL=/api/admin/users/stats, Has user? true, Has socket? true
[ActivityLogger] Success! Method=GET, URL=/api/admin/users?page=1&limit=10&search=&role=&verified=&blocked=&sort=newest, Has user? true, Has socket? true
[ActivityLogger] Success! Method=GET, URL=/api/admin/users/stats, Has user? true, Has socket? true
[ActivityLogger] Success! Method=GET, URL=/api/admin/interviews/stats, Has user? true, Has socket? true
[ActivityLogger] Success! Method=GET, URL=/api/admin/interviews?page=1&search=&status=&experience=&limit=10, Has user? true, Has socket? true
[ActivityLogger] Success! Method=GET, URL=/api/admin/interviews/stats, Has user? true, Has socket? true
[ActivityLogger] Success! Method=GET, URL=/api/admin/interviews?page=1&search=&status=&experience=&limit=10, Has user? true, Has socket? true
[ActivityLogger] Success! Method=GET, URL=/api/admin/coding?page=1&search=&difficulty=&status=, Has user? true, Has socket? true
[ActivityLogger] Success! Method=GET, URL=/api/admin/coding?page=1&search=&difficulty=&status=, Has user? true, Has socket? true
[ActivityLogger] Success! Method=GET, URL=/api/admin/interviews/stats, Has user? true, Has socket? true
[ActivityLogger] Success! Method=GET, URL=/api/admin/interviews?page=1&search=&status=&experience=&limit=10, Has user? true, Has socket? true
[ActivityLogger] Success! Method=GET, URL=/api/admin/interviews/stats, Has user? true, Has socket? true
[ActivityLogger] Success! Method=GET, URL=/api/admin/interviews?page=1&search=&status=&experience=&limit=10, Has user? true, Has socket? true
[ActivityLogger] Success! Method=GET, URL=/api/admin/users?page=1&limit=10&search=&role=&verified=&blocked=&sort=newest, Has user? true, Has socket? true
[ActivityLogger] Success! Method=GET, URL=/api/admin/users/stats, Has user? true, Has socket? true
[ActivityLogger] Success! Method=GET, URL=/api/admin/users?page=1&limit=10&search=&role=&verified=&blocked=&sort=newest, Has user? true, Has socket? true
[ActivityLogger] Success! Method=GET, URL=/api/admin/users/stats, Has user? true, Has socket? true
[ActivityLogger] Success! Method=GET, URL=/api/admin/auth/dashboard, Has user? true, Has socket? true
[ActivityLogger] Success! Method=GET, URL=/api/admin/auth/dashboard, Has user? true, Has socket? true
[ActivityLogger] Success! Method=GET, URL=/api/admin/users?page=1&limit=10&search=&role=&verified=&blocked=&sort=newest, Has user? true, Has socket? true
[ActivityLogger] Success! Method=GET, URL=/api/admin/users/stats, Has user? true, Has socket? true
[ActivityLogger] Success! Method=GET, URL=/api/admin/users?page=1&limit=10&search=&role=&verified=&blocked=&sort=newest, Has user? true, Has socket? true
[ActivityLogger] Success! Method=GET, URL=/api/admin/users/stats, Has user? true, Has socket? true
[ActivityLogger] Success! Method=GET, URL=/api/admin/interviews/stats, Has user? true, Has socket? true
[ActivityLogger] Success! Method=GET, URL=/api/admin/interviews?page=1&search=&status=&experience=&limit=10, Has user? true, Has socket? true
[ActivityLogger] Success! Method=GET, URL=/api/admin/interviews/stats, Has user? true, Has socket? true
[ActivityLogger] Success! Method=GET, URL=/api/admin/interviews?page=1&search=&status=&experience=&limit=10, Has user? true, Has socket? true
[ActivityLogger] Success! Method=GET, URL=/api/admin/coding?page=1&search=&difficulty=&status=, Has user? true, Has socket? true
[ActivityLogger] Success! Method=GET, URL=/api/admin/coding?page=1&search=&difficulty=&status=, Has user? true, Has socket? true
[ActivityLogger] Success! Method=GET, URL=/api/admin/tests, Has user? true, Has socket? true
[ActivityLogger] Success! Method=GET, URL=/api/admin/tests, Has user? true, Has socket? true
[ActivityLogger] Success! Method=GET, URL=/api/admin/users?page=1&limit=10&search=&role=&verified=&blocked=&sort=newest, Has user? true, Has socket? true
[ActivityLogger] Success! Method=GET, URL=/api/admin/users/stats, Has user? true, Has socket? true
[ActivityLogger] Success! Method=GET, URL=/api/admin/users?page=1&limit=10&search=&role=&verified=&blocked=&sort=newest, Has user? true, Has socket? true
[ActivityLogger] Success! Method=GET, URL=/api/admin/users/stats, Has user? true, Has socket? true
[ActivityLogger] Success! Method=GET, URL=/api/admin/auth/dashboard, Has user? true, Has socket? true
[ActivityLogger] Success! Method=GET, URL=/api/admin/auth/dashboard, Has user? true, Has socket? true
[ActivityLogger] Success! Method=GET, URL=/api/admin/users?page=1&limit=10&search=&role=&verified=&blocked=&sort=newest, Has user? true, Has socket? true
[ActivityLogger] Success! Method=GET, URL=/api/admin/users/stats, Has user? true, Has socket? true
[ActivityLogger] Success! Method=GET, URL=/api/admin/users?page=1&limit=10&search=&role=&verified=&blocked=&sort=newest, Has user? true, Has socket? true
[ActivityLogger] Success! Method=GET, URL=/api/admin/users/stats, Has user? true, Has socket? true
[ActivityLogger] Success! Method=GET, URL=/api/admin/interviews/stats, Has user? true, Has socket? true
[ActivityLogger] Success! Method=GET, URL=/api/admin/interviews?page=1&search=&status=&experience=&limit=10, Has user? true, Has socket? true
[ActivityLogger] Success! Method=GET, URL=/api/admin/interviews/stats, Has user? true, Has socket? true
[ActivityLogger] Success! Method=GET, URL=/api/admin/interviews?page=1&search=&status=&experience=&limit=10, Has user? true, Has socket? true
[ActivityLogger] Success! Method=GET, URL=/api/admin/auth/dashboard, Has user? true, Has socket? true
[ActivityLogger] Success! Method=GET, URL=/api/admin/auth/dashboard, Has user? true, Has socket? true
[ActivityLogger] Success! Method=GET, URL=/api/admin/users?page=1&limit=10&search=&role=&verified=&blocked=&sort=newest, Has user? true, Has socket? true
[ActivityLogger] Success! Method=GET, URL=/api/admin/users/stats, Has user? true, Has socket? true
[ActivityLogger] Success! Method=GET, URL=/api/admin/users?page=1&limit=10&search=&role=&verified=&blocked=&sort=newest, Has user? true, Has socket? true
[ActivityLogger] Success! Method=GET, URL=/api/admin/users/stats, Has user? true, Has socket? true
[ActivityLogger] Success! Method=GET, URL=/api/admin/interviews/stats, Has user? true, Has socket? true
[ActivityLogger] Success! Method=GET, URL=/api/admin/interviews?page=1&search=&status=&experience=&limit=10, Has user? true, Has socket? true
[ActivityLogger] Success! Method=GET, URL=/api/admin/interviews?page=1&search=&status=&experience=&limit=10, Has user? true, Has socket? true
[ActivityLogger] Success! Method=GET, URL=/api/admin/interviews/stats, Has user? true, Has socket? true
[ActivityLogger] Success! Method=GET, URL=/api/admin/coding?page=1&search=&difficulty=&status=, Has user? true, Has socket? true
[ActivityLogger] Success! Method=GET, URL=/api/admin/coding?page=1&search=&difficulty=&status=, Has user? true, Has socket? true
[ActivityLogger] Success! Method=GET, URL=/api/admin/tests, Has user? true, Has socket? true
[ActivityLogger] Success! Method=GET, URL=/api/admin/tests, Has user? true, Has socket? true
[ActivityLogger] Success! Method=GET, URL=/api/admin/auth/dashboard, Has user? true, Has socket? true
[ActivityLogger] Success! Method=GET, URL=/api/admin/auth/dashboard, Has user? true, Has socket? true
[ActivityLogger] Success! Method=GET, URL=/api/admin/users?page=1&limit=10&search=&role=&verified=&blocked=&sort=newest, Has user? true, Has socket? true
[ActivityLogger] Success! Method=GET, URL=/api/admin/users/stats, Has user? true, Has socket? true
[ActivityLogger] Success! Method=GET, URL=/api/admin/users?page=1&limit=10&search=&role=&verified=&blocked=&sort=newest, Has user? true, Has socket? true
[ActivityLogger] Success! Method=GET, URL=/api/admin/users/stats, Has user? true, Has socket? true
[ActivityLogger] Success! Method=GET, URL=/api/admin/interviews/stats, Has user? true, Has socket? true
[ActivityLogger] Success! Method=GET, URL=/api/admin/interviews?page=1&search=&status=&experience=&limit=10, Has user? true, Has socket? true
[ActivityLogger] Success! Method=GET, URL=/api/admin/interviews/stats, Has user? true, Has socket? true
[ActivityLogger] Success! Method=GET, URL=/api/admin/interviews?page=1&search=&status=&experience=&limit=10, Has user? true, Has socket? true
[ActivityLogger] Success! Method=GET, URL=/api/admin/coding?page=1&search=&difficulty=&status=, Has user? true, Has socket? true
[ActivityLogger] Success! Method=GET, URL=/api/admin/coding?page=1&search=&difficulty=&status=, Has user? true, Has socket? true
[ActivityLogger] Success! Method=GET, URL=/api/admin/tests, Has user? true, Has socket? true
[ActivityLogger] Success! Method=GET, URL=/api/admin/tests, Has user? true, Has socket? true
[ActivityLogger] Success! Method=GET, URL=/api/admin/analytics/resume, Has user? true, Has socket? true
[ActivityLogger] Success! Method=GET, URL=/api/admin/analytics/coding, Has user? true, Has socket? true
[ActivityLogger] Success! Method=GET, URL=/api/admin/analytics/resume, Has user? true, Has socket? true
[ActivityLogger] Success! Method=GET, URL=/api/admin/analytics/users, Has user? true, Has socket? true
[ActivityLogger] Success! Method=GET, URL=/api/admin/analytics/interviews, Has user? true, Has socket? true
[ActivityLogger] Success! Method=GET, URL=/api/admin/analytics/coding, Has user? true, Has socket? true
[ActivityLogger] Success! Method=GET, URL=/api/admin/badges, Has user? true, Has socket? true
[ActivityLogger] Success! Method=GET, URL=/api/admin/analytics/users, Has user? true, Has socket? true
[ActivityLogger] Success! Method=GET, URL=/api/admin/analytics/dashboard, Has user? true, Has socket? true
[ActivityLogger] Success! Method=GET, URL=/api/admin/badges, Has user? true, Has socket? true
[ActivityLogger] Success! Method=GET, URL=/api/admin/analytics/interviews, Has user? true, Has socket? true
[ActivityLogger] Success! Method=GET, URL=/api/admin/analytics/dashboard, Has user? true, Has socket? true
[ActivityLogger] Success! Method=GET, URL=/api/admin/auth/dashboard, Has user? true, Has socket? true
[ActivityLogger] Success! Method=GET, URL=/api/admin/auth/dashboard, Has user? true, Has socket? true
[ActivityLogger] Success! Method=POST, URL=/api/admin/auth/login, Has user? false, Has socket? true
[ActivityLogger] Success! Method=GET, URL=/api/admin/auth/dashboard, Has user? true, Has socket? true
[ActivityLogger] Success! Method=GET, URL=/api/admin/auth/dashboard, Has user? true, Has socket? true
[ActivityLogger] Success! Method=GET, URL=/api/admin/auth/me, Has user? true, Has socket? true
[ActivityLogger] Success! Method=GET, URL=/api/admin/auth/me, Has user? true, Has socket? true
[ActivityLogger] Success! Method=GET, URL=/api/analytics/rewards, Has user? true, Has socket? true
[ActivityLogger] Success! Method=GET, URL=/api/users/profile, Has user? true, Has socket? true
[ActivityLogger] Success! Method=GET, URL=/api/users/profile, Has user? true, Has socket? true
[ActivityLogger] Success! Method=GET, URL=/api/analytics/rewards, Has user? true, Has socket? true
[ActivityLogger] Success! Method=GET, URL=/api/analytics/me, Has user? true, Has socket? true
[ActivityLogger] Success! Method=GET, URL=/api/analytics/me, Has user? true, Has socket? true
[ActivityLogger] Success! Method=GET, URL=/api/admin/users?page=1&limit=10&search=&role=&verified=&blocked=&sort=newest, Has user? true, Has socket? true
[ActivityLogger] Success! Method=GET, URL=/api/admin/users/stats, Has user? true, Has socket? true
[ActivityLogger] Success! Method=GET, URL=/api/admin/users?page=1&limit=10&search=&role=&verified=&blocked=&sort=newest, Has user? true, Has socket? true
[ActivityLogger] Success! Method=GET, URL=/api/admin/users/stats, Has user? true, Has socket? true
[ActivityLogger] Success! Method=GET, URL=/api/admin/auth/dashboard, Has user? true, Has socket? true
[ActivityLogger] Success! Method=GET, URL=/api/admin/auth/dashboard, Has user? true, Has socket? true
[ActivityLogger] Success! Method=GET, URL=/api/admin/users/stats, Has user? true, Has socket? true
[ActivityLogger] Success! Method=GET, URL=/api/admin/users?page=1&limit=10&search=&role=&verified=&blocked=&sort=newest, Has user? true, Has socket? true
[ActivityLogger] Success! Method=GET, URL=/api/admin/users/stats, Has user? true, Has socket? true
[ActivityLogger] Success! Method=GET, URL=/api/admin/users?page=1&limit=10&search=&role=&verified=&blocked=&sort=newest, Has user? true, Has socket? true
[ActivityLogger] Success! Method=GET, URL=/api/admin/auth/dashboard, Has user? true, Has socket? true
[ActivityLogger] Success! Method=GET, URL=/api/admin/auth/dashboard, Has user? true, Has socket? true
[ActivityLogger] Success! Method=GET, URL=/api/admin/users?page=1&limit=10&search=&role=&verified=&blocked=&sort=newest, Has user? true, Has socket? true
[ActivityLogger] Success! Method=GET, URL=/api/admin/users/stats, Has user? true, Has socket? true
[ActivityLogger] Success! Method=GET, URL=/api/admin/users?page=1&limit=10&search=&role=&verified=&blocked=&sort=newest, Has user? true, Has socket? true
[ActivityLogger] Success! Method=GET, URL=/api/admin/users/stats, Has user? true, Has socket? true
[ActivityLogger] Success! Method=GET, URL=/api/admin/interviews/stats, Has user? true, Has socket? true
[ActivityLogger] Success! Method=GET, URL=/api/admin/interviews?page=1&search=&status=&experience=&limit=10, Has user? true, Has socket? true
[ActivityLogger] Success! Method=GET, URL=/api/admin/interviews/stats, Has user? true, Has socket? true
[ActivityLogger] Success! Method=GET, URL=/api/admin/interviews?page=1&search=&status=&experience=&limit=10, Has user? true, Has socket? true
[ActivityLogger] Success! Method=GET, URL=/api/admin/users?page=1&limit=10&search=&role=&verified=&blocked=&sort=newest, Has user? true, Has socket? true
[ActivityLogger] Success! Method=GET, URL=/api/admin/users/stats, Has user? true, Has socket? true
[ActivityLogger] Success! Method=GET, URL=/api/admin/users?page=1&limit=10&search=&role=&verified=&blocked=&sort=newest, Has user? true, Has socket? true
[ActivityLogger] Success! Method=GET, URL=/api/admin/users/stats, Has user? true, Has socket? true
[ActivityLogger] Success! Method=GET, URL=/api/admin/auth/dashboard, Has user? true, Has socket? true
[ActivityLogger] Success! Method=GET, URL=/api/admin/auth/dashboard, Has user? true, Has socket? true
[ActivityLogger] Success! Method=GET, URL=/api/admin/users?page=1&limit=10&search=&role=&verified=&blocked=&sort=newest, Has user? true, Has socket? true
[ActivityLogger] Success! Method=GET, URL=/api/admin/users/stats, Has user? true, Has socket? true
[ActivityLogger] Success! Method=GET, URL=/api/admin/users?page=1&limit=10&search=&role=&verified=&blocked=&sort=newest, Has user? true, Has socket? true
[ActivityLogger] Success! Method=GET, URL=/api/admin/users/stats, Has user? true, Has socket? true
[ActivityLogger] Success! Method=GET, URL=/api/admin/interviews/stats, Has user? true, Has socket? true
[ActivityLogger] Success! Method=GET, URL=/api/admin/interviews?page=1&search=&status=&experience=&limit=10, Has user? true, Has socket? true
[ActivityLogger] Success! Method=GET, URL=/api/admin/interviews?page=1&search=&status=&experience=&limit=10, Has user? true, Has socket? true
[ActivityLogger] Success! Method=GET, URL=/api/admin/interviews/stats, Has user? true, Has socket? true
[ActivityLogger] Success! Method=GET, URL=/api/admin/coding?page=1&search=&difficulty=&status=, Has user? true, Has socket? true
[ActivityLogger] Success! Method=GET, URL=/api/admin/coding?page=1&search=&difficulty=&status=, Has user? true, Has socket? true
[ActivityLogger] Success! Method=GET, URL=/api/admin/tests, Has user? true, Has socket? true
[ActivityLogger] Success! Method=GET, URL=/api/admin/tests, Has user? true, Has socket? true
[ActivityLogger] Success! Method=GET, URL=/api/admin/coding?page=1&search=&difficulty=&status=, Has user? true, Has socket? true
[ActivityLogger] Success! Method=GET, URL=/api/admin/coding?page=1&search=&difficulty=&status=, Has user? true, Has socket? true
[ActivityLogger] Success! Method=GET, URL=/api/admin/interviews/stats, Has user? true, Has socket? true
[ActivityLogger] Success! Method=GET, URL=/api/admin/interviews?page=1&search=&status=&experience=&limit=10, Has user? true, Has socket? true
[ActivityLogger] Success! Method=GET, URL=/api/admin/interviews/stats, Has user? true, Has socket? true
[ActivityLogger] Success! Method=GET, URL=/api/admin/interviews?page=1&search=&status=&experience=&limit=10, Has user? true, Has socket? true
[ActivityLogger] Success! Method=GET, URL=/api/admin/users?page=1&limit=10&search=&role=&verified=&blocked=&sort=newest, Has user? true, Has socket? true
[ActivityLogger] Success! Method=GET, URL=/api/admin/users/stats, Has user? true, Has socket? true
[ActivityLogger] Success! Method=GET, URL=/api/admin/users?page=1&limit=10&search=&role=&verified=&blocked=&sort=newest, Has user? true, Has socket? true
[ActivityLogger] Success! Method=GET, URL=/api/admin/users/stats, Has user? true, Has socket? true
[ActivityLogger] Success! Method=GET, URL=/api/admin/auth/dashboard, Has user? true, Has socket? true
[ActivityLogger] Success! Method=GET, URL=/api/admin/auth/dashboard, Has user? true, Has socket? true
[ActivityLogger] Success! Method=GET, URL=/api/admin/contests, Has user? true, Has socket? true
[ActivityLogger] Success! Method=GET, URL=/api/admin/contests, Has user? true, Has socket? true
[ActivityLogger] Success! Method=GET, URL=/api/admin/questions/companies, Has user? true, Has socket? true
[ActivityLogger] Success! Method=GET, URL=/api/admin/questions/companies, Has user? true, Has socket? true
[ActivityLogger] Success! Method=GET, URL=/api/admin/auth/dashboard, Has user? true, Has socket? true
[ActivityLogger] Success! Method=GET, URL=/api/admin/auth/dashboard, Has user? true, Has socket? true
[ActivityLogger] Success! Method=GET, URL=/api/admin/users?page=1&limit=10&search=&role=&verified=&blocked=&sort=newest, Has user? true, Has socket? true
[ActivityLogger] Success! Method=GET, URL=/api/admin/users/stats, Has user? true, Has socket? true
[ActivityLogger] Success! Method=GET, URL=/api/admin/users?page=1&limit=10&search=&role=&verified=&blocked=&sort=newest, Has user? true, Has socket? true
[ActivityLogger] Success! Method=GET, URL=/api/admin/users/stats, Has user? true, Has socket? true
[ActivityLogger] Success! Method=GET, URL=/api/admin/interviews/stats, Has user? true, Has socket? true
[ActivityLogger] Success! Method=GET, URL=/api/admin/interviews?page=1&search=&status=&experience=&limit=10, Has user? true, Has socket? true
[ActivityLogger] Success! Method=GET, URL=/api/admin/interviews/stats, Has user? true, Has socket? true
[ActivityLogger] Success! Method=GET, URL=/api/admin/interviews?page=1&search=&status=&experience=&limit=10, Has user? true, Has socket? true
[ActivityLogger] Success! Method=POST, URL=/api/admin/auth/login, Has user? false, Has socket? true
[ActivityLogger] Success! Method=GET, URL=/api/admin/auth/dashboard, Has user? true, Has socket? true
[ActivityLogger] Success! Method=GET, URL=/api/admin/auth/dashboard, Has user? true, Has socket? true
[ActivityLogger] Success! Method=GET, URL=/api/admin/users?page=1&limit=10&search=&role=&verified=&blocked=&sort=newest, Has user? true, Has socket? true
[ActivityLogger] Success! Method=GET, URL=/api/admin/users/stats, Has user? true, Has socket? true
[ActivityLogger] Success! Method=GET, URL=/api/admin/users?page=1&limit=10&search=&role=&verified=&blocked=&sort=newest, Has user? true, Has socket? true
[ActivityLogger] Success! Method=GET, URL=/api/admin/users/stats, Has user? true, Has socket? true
[ActivityLogger] Success! Method=GET, URL=/api/admin/auth/dashboard, Has user? true, Has socket? true
[ActivityLogger] Success! Method=GET, URL=/api/admin/auth/dashboard, Has user? true, Has socket? true
[ActivityLogger] Success! Method=GET, URL=/api/admin/users?page=1&limit=10&search=&role=&verified=&blocked=&sort=newest, Has user? true, Has socket? true
[ActivityLogger] Success! Method=GET, URL=/api/admin/users/stats, Has user? true, Has socket? true
[ActivityLogger] Success! Method=GET, URL=/api/admin/users?page=1&limit=10&search=&role=&verified=&blocked=&sort=newest, Has user? true, Has socket? true
[ActivityLogger] Success! Method=GET, URL=/api/admin/users/stats, Has user? true, Has socket? true
[ActivityLogger] Success! Method=GET, URL=/api/admin/interviews/stats, Has user? true, Has socket? true
[ActivityLogger] Success! Method=GET, URL=/api/admin/interviews?page=1&search=&status=&experience=&limit=10, Has user? true, Has socket? true
[ActivityLogger] Success! Method=GET, URL=/api/admin/interviews?page=1&search=&status=&experience=&limit=10, Has user? true, Has socket? true
[ActivityLogger] Success! Method=GET, URL=/api/admin/interviews/stats, Has user? true, Has socket? true
[ActivityLogger] Success! Method=GET, URL=/api/admin/coding?page=1&search=&difficulty=&status=, Has user? true, Has socket? true
[ActivityLogger] Success! Method=GET, URL=/api/admin/coding?page=1&search=&difficulty=&status=, Has user? true, Has socket? true
[ActivityLogger] Success! Method=GET, URL=/api/admin/auth/dashboard, Has user? true, Has socket? true
[ActivityLogger] Success! Method=GET, URL=/api/admin/auth/dashboard, Has user? true, Has socket? true
[ActivityLogger] Success! Method=GET, URL=/api/admin/users?page=1&limit=10&search=&role=&verified=&blocked=&sort=newest, Has user? true, Has socket? true
[ActivityLogger] Success! Method=GET, URL=/api/admin/users/stats, Has user? true, Has socket? true
[ActivityLogger] Success! Method=GET, URL=/api/admin/users?page=1&limit=10&search=&role=&verified=&blocked=&sort=newest, Has user? true, Has socket? true
[ActivityLogger] Success! Method=GET, URL=/api/admin/users/stats, Has user? true, Has socket? true
[ActivityLogger] Success! Method=GET, URL=/api/admin/analytics/resume, Has user? true, Has socket? true
[ActivityLogger] Success! Method=GET, URL=/api/admin/analytics/users, Has user? true, Has socket? true
[ActivityLogger] Success! Method=GET, URL=/api/admin/analytics/coding, Has user? true, Has socket? true
[ActivityLogger] Success! Method=GET, URL=/api/admin/analytics/resume, Has user? true, Has socket? true
[ActivityLogger] Success! Method=GET, URL=/api/admin/analytics/interviews, Has user? true, Has socket? true
[ActivityLogger] Success! Method=GET, URL=/api/admin/analytics/users, Has user? true, Has socket? true
[ActivityLogger] Success! Method=GET, URL=/api/admin/analytics/dashboard, Has user? true, Has socket? true
[ActivityLogger] Success! Method=GET, URL=/api/admin/analytics/interviews, Has user? true, Has socket? true
[ActivityLogger] Success! Method=GET, URL=/api/admin/users?page=1&limit=10&search=&role=&verified=&blocked=&sort=newest, Has user? true, Has socket? true
[ActivityLogger] Success! Method=GET, URL=/api/admin/analytics/coding, Has user? true, Has socket? true
[ActivityLogger] Success! Method=GET, URL=/api/admin/users/stats, Has user? true, Has socket? true
[ActivityLogger] Success! Method=GET, URL=/api/admin/users?page=1&limit=10&search=&role=&verified=&blocked=&sort=newest, Has user? true, Has socket? true
[ActivityLogger] Success! Method=GET, URL=/api/admin/users/stats, Has user? true, Has socket? true
[ActivityLogger] Success! Method=GET, URL=/api/admin/analytics/dashboard, Has user? true, Has socket? true
[ActivityLogger] Success! Method=GET, URL=/api/admin/auth/dashboard, Has user? true, Has socket? true
[ActivityLogger] Success! Method=GET, URL=/api/admin/auth/dashboard, Has user? true, Has socket? true
[ActivityLogger] Success! Method=GET, URL=/api/admin/users?page=1&limit=10&search=&role=&verified=&blocked=&sort=newest, Has user? true, Has socket? true
[ActivityLogger] Success! Method=GET, URL=/api/admin/users/stats, Has user? true, Has socket? true
[ActivityLogger] Success! Method=GET, URL=/api/admin/users?page=1&limit=10&search=&role=&verified=&blocked=&sort=newest, Has user? true, Has socket? true
[ActivityLogger] Success! Method=GET, URL=/api/admin/users/stats, Has user? true, Has socket? true
[ActivityLogger] Success! Method=GET, URL=/api/admin/analytics/resume, Has user? true, Has socket? true
[ActivityLogger] Success! Method=GET, URL=/api/admin/analytics/users, Has user? true, Has socket? true
[ActivityLogger] Success! Method=GET, URL=/api/admin/analytics/coding, Has user? true, Has socket? true
[ActivityLogger] Success! Method=GET, URL=/api/admin/analytics/resume, Has user? true, Has socket? true
[ActivityLogger] Success! Method=GET, URL=/api/admin/analytics/interviews, Has user? true, Has socket? true
[ActivityLogger] Success! Method=GET, URL=/api/admin/analytics/dashboard, Has user? true, Has socket? true
[ActivityLogger] Success! Method=GET, URL=/api/admin/analytics/users, Has user? true, Has socket? true
[ActivityLogger] Success! Method=GET, URL=/api/admin/analytics/coding, Has user? true, Has socket? true
[ActivityLogger] Success! Method=GET, URL=/api/admin/analytics/interviews, Has user? true, Has socket? true
[ActivityLogger] Success! Method=GET, URL=/api/admin/analytics/dashboard, Has user? true, Has socket? true
[ActivityLogger] Success! Method=GET, URL=/api/admin/interviews/stats, Has user? true, Has socket? true
[ActivityLogger] Success! Method=GET, URL=/api/admin/interviews?page=1&search=&status=&experience=&limit=10, Has user? true, Has socket? true
[ActivityLogger] Success! Method=GET, URL=/api/admin/interviews/stats, Has user? true, Has socket? true
[ActivityLogger] Success! Method=GET, URL=/api/admin/interviews?page=1&search=&status=&experience=&limit=10, Has user? true, Has socket? true
[ActivityLogger] Success! Method=GET, URL=/api/admin/users?page=1&limit=10&search=&role=&verified=&blocked=&sort=newest, Has user? true, Has socket? true
[ActivityLogger] Success! Method=GET, URL=/api/admin/users/stats, Has user? true, Has socket? true
[ActivityLogger] Success! Method=GET, URL=/api/admin/users?page=1&limit=10&search=&role=&verified=&blocked=&sort=newest, Has user? true, Has socket? true
[ActivityLogger] Success! Method=GET, URL=/api/admin/users/stats, Has user? true, Has socket? true
[ActivityLogger] Success! Method=GET, URL=/api/admin/auth/dashboard, Has user? true, Has socket? true
[ActivityLogger] Success! Method=GET, URL=/api/admin/auth/dashboard, Has user? true, Has socket? true
[ActivityLogger] Success! Method=GET, URL=/api/admin/users?page=1&limit=10&search=&role=&verified=&blocked=&sort=newest, Has user? true, Has socket? true
[ActivityLogger] Success! Method=GET, URL=/api/admin/users/stats, Has user? true, Has socket? true
[ActivityLogger] Success! Method=GET, URL=/api/admin/users?page=1&limit=10&search=&role=&verified=&blocked=&sort=newest, Has user? true, Has socket? true
[ActivityLogger] Success! Method=GET, URL=/api/admin/users/stats, Has user? true, Has socket? true
[ActivityLogger] Success! Method=GET, URL=/api/admin/analytics/resume, Has user? true, Has socket? true
[ActivityLogger] Success! Method=GET, URL=/api/admin/analytics/coding, Has user? true, Has socket? true
[ActivityLogger] Success! Method=GET, URL=/api/admin/analytics/resume, Has user? true, Has socket? true
[ActivityLogger] Success! Method=GET, URL=/api/admin/analytics/users, Has user? true, Has socket? true
[ActivityLogger] Success! Method=GET, URL=/api/admin/analytics/coding, Has user? true, Has socket? true
[ActivityLogger] Success! Method=GET, URL=/api/admin/analytics/dashboard, Has user? true, Has socket? true
[ActivityLogger] Success! Method=GET, URL=/api/admin/analytics/users, Has user? true, Has socket? true
[ActivityLogger] Success! Method=GET, URL=/api/admin/analytics/interviews, Has user? true, Has socket? true
[ActivityLogger] Success! Method=GET, URL=/api/admin/analytics/dashboard, Has user? true, Has socket? true
[ActivityLogger] Success! Method=GET, URL=/api/admin/analytics/interviews, Has user? true, Has socket? true
[ActivityLogger] Success! Method=GET, URL=/api/admin/interviews/stats, Has user? true, Has socket? true
[ActivityLogger] Success! Method=GET, URL=/api/admin/interviews?page=1&search=&status=&experience=&limit=10, Has user? true, Has socket? true
[ActivityLogger] Success! Method=GET, URL=/api/admin/interviews/stats, Has user? true, Has socket? true
[ActivityLogger] Success! Method=GET, URL=/api/admin/interviews?page=1&search=&status=&experience=&limit=10, Has user? true, Has socket? true
[ActivityLogger] Success! Method=GET, URL=/api/admin/users?page=1&limit=10&search=&role=&verified=&blocked=&sort=newest, Has user? true, Has socket? true
[ActivityLogger] Success! Method=GET, URL=/api/admin/users/stats, Has user? true, Has socket? true
[ActivityLogger] Success! Method=GET, URL=/api/admin/users?page=1&limit=10&search=&role=&verified=&blocked=&sort=newest, Has user? true, Has socket? true
[ActivityLogger] Success! Method=GET, URL=/api/admin/users/stats, Has user? true, Has socket? true
[ActivityLogger] Success! Method=GET, URL=/api/admin/auth/dashboard, Has user? true, Has socket? true
[ActivityLogger] Success! Method=GET, URL=/api/admin/auth/dashboard, Has user? true, Has socket? true
[ActivityLogger] Success! Method=POST, URL=/api/admin/auth/login, Has user? false, Has socket? true
[ActivityLogger] Success! Method=GET, URL=/api/admin/auth/dashboard, Has user? true, Has socket? true
[ActivityLogger] Success! Method=GET, URL=/api/admin/auth/dashboard, Has user? true, Has socket? true
[ActivityLogger] Success! Method=GET, URL=/api/admin/users?page=1&limit=10&search=&role=&verified=&blocked=&sort=newest, Has user? true, Has socket? true
[ActivityLogger] Success! Method=GET, URL=/api/admin/users/stats, Has user? true, Has socket? true
[ActivityLogger] Success! Method=GET, URL=/api/admin/users?page=1&limit=10&search=&role=&verified=&blocked=&sort=newest, Has user? true, Has socket? true
[ActivityLogger] Success! Method=GET, URL=/api/admin/users/stats, Has user? true, Has socket? true
[ActivityLogger] Success! Method=GET, URL=/api/admin/analytics/resume, Has user? true, Has socket? true
[ActivityLogger] Success! Method=GET, URL=/api/admin/analytics/users, Has user? true, Has socket? true
[ActivityLogger] Success! Method=GET, URL=/api/admin/analytics/coding, Has user? true, Has socket? true
[ActivityLogger] Success! Method=GET, URL=/api/admin/analytics/resume, Has user? true, Has socket? true
[ActivityLogger] Success! Method=GET, URL=/api/admin/analytics/interviews, Has user? true, Has socket? true
[ActivityLogger] Success! Method=GET, URL=/api/admin/analytics/users, Has user? true, Has socket? true
[ActivityLogger] Success! Method=GET, URL=/api/admin/analytics/coding, Has user? true, Has socket? true
[ActivityLogger] Success! Method=GET, URL=/api/admin/analytics/dashboard, Has user? true, Has socket? true
[ActivityLogger] Success! Method=GET, URL=/api/admin/analytics/interviews, Has user? true, Has socket? true
[ActivityLogger] Success! Method=GET, URL=/api/admin/analytics/dashboard, Has user? true, Has socket? true
[ActivityLogger] Success! Method=GET, URL=/api/admin/auth/dashboard, Has user? true, Has socket? true
[ActivityLogger] Success! Method=GET, URL=/api/admin/auth/dashboard, Has user? true, Has socket? true
[ActivityLogger] Success! Method=GET, URL=/api/admin/users?page=1&limit=10&search=&role=&verified=&blocked=&sort=newest, Has user? true, Has socket? true
[ActivityLogger] Success! Method=GET, URL=/api/admin/users/stats, Has user? true, Has socket? true
[ActivityLogger] Success! Method=GET, URL=/api/admin/users?page=1&limit=10&search=&role=&verified=&blocked=&sort=newest, Has user? true, Has socket? true
[ActivityLogger] Success! Method=GET, URL=/api/admin/users/stats, Has user? true, Has socket? true
[ActivityLogger] Success! Method=GET, URL=/api/admin/auth/dashboard, Has user? true, Has socket? true
[ActivityLogger] Success! Method=GET, URL=/api/admin/auth/dashboard, Has user? true, Has socket? true
[ActivityLogger] Success! Method=GET, URL=/api/admin/users?page=1&limit=10&search=&role=&verified=&blocked=&sort=newest, Has user? true, Has socket? true
[ActivityLogger] Success! Method=GET, URL=/api/admin/users/stats, Has user? true, Has socket? true
[ActivityLogger] Success! Method=GET, URL=/api/admin/users?page=1&limit=10&search=&role=&verified=&blocked=&sort=newest, Has user? true, Has socket? true
[ActivityLogger] Success! Method=GET, URL=/api/admin/users/stats, Has user? true, Has socket? true
[ActivityLogger] Success! Method=GET, URL=/api/admin/analytics/resume, Has user? true, Has socket? true
[ActivityLogger] Success! Method=GET, URL=/api/admin/analytics/users, Has user? true, Has socket? true
[ActivityLogger] Success! Method=GET, URL=/api/admin/analytics/resume, Has user? true, Has socket? true
[ActivityLogger] Success! Method=GET, URL=/api/admin/analytics/coding, Has user? true, Has socket? true
[ActivityLogger] Success! Method=GET, URL=/api/admin/analytics/interviews, Has user? true, Has socket? true
[ActivityLogger] Success! Method=GET, URL=/api/admin/analytics/users, Has user? true, Has socket? true
[ActivityLogger] Success! Method=GET, URL=/api/admin/analytics/dashboard, Has user? true, Has socket? true
[ActivityLogger] Success! Method=GET, URL=/api/admin/analytics/coding, Has user? true, Has socket? true
[ActivityLogger] Success! Method=GET, URL=/api/admin/analytics/interviews, Has user? true, Has socket? true
[ActivityLogger] Success! Method=GET, URL=/api/admin/analytics/dashboard, Has user? true, Has socket? true
[ActivityLogger] Success! Method=GET, URL=/api/admin/interviews/stats, Has user? true, Has socket? true
[ActivityLogger] Success! Method=GET, URL=/api/admin/interviews?page=1&search=&status=&experience=&limit=10, Has user? true, Has socket? true
[ActivityLogger] Success! Method=GET, URL=/api/admin/interviews/stats, Has user? true, Has socket? true
[ActivityLogger] Success! Method=GET, URL=/api/admin/interviews?page=1&search=&status=&experience=&limit=10, Has user? true, Has socket? true
[ActivityLogger] Success! Method=GET, URL=/api/admin/auth/dashboard, Has user? true, Has socket? true
[ActivityLogger] Success! Method=GET, URL=/api/admin/auth/dashboard, Has user? true, Has socket? true
